{"id": 5400000, "text": "开场介绍", "is_replay": 0, "auto_start": false, "start_trigger": true, "on": {"round_begin_ba": 1}, "condition": {"rite": 5100000}, "settlement": [{"tips_resource": "", "tips_text": "", "action": {"confirm": {"id": "5400000_confirm_1", "text": "是否开启新手教学？\n（在测试期间，玩家可以无限制的点击左下角的【回到本回合开始】以及【回到上一回合开始】按钮进行重试。）", "icon": ["", "common/introduction", ""], "confirm_text": "<size=50>确定</size>", "cancel_text": "<size=50>取消</size>"}, "success": {"event_on": 5300066}, "failed": {"event_on": 5300066}}}]}