{"id": 5400166, "text": "税务官的请求3", "is_replay": 0, "auto_start": false, "start_trigger": true, "on": {"round_begin_ba": 1}, "condition": {"rite": 5100166}, "settlement": [{"tips_resource": "", "tips_text": "", "action": {"option": {"id": "5400166_option_1", "text": "税务官齐亚德对你的手段深感钦佩。最近他又遇到了一件麻烦事。苏丹征服的遥远土地上，有异教徒宣称自己已然改信，因此无需缴纳全额赋税，如果不妥善处理，恐怕会被人纷纷效仿。他想向你请教，该如何处理这些人呢？", "icon": "cards/2000001", "items": [{"text": "核查漏洞", "tag": "op1"}, {"text": "神圣审判", "tag": "op2"}]}, "case:op1": {"rite": 5000676}, "case:op2": {"rite": 5000677}}}]}