{"id": 5400159, "text": "附属领地的难题", "is_replay": 0, "auto_start_init": [1], "start_trigger": true, "on": {"round_begin_ba": 1}, "condition": {"rite": 5100159}, "settlement": [{"tips_resource": "", "tips_text": "", "action": {"option": {"id": "5400159_option_1", "text": "虽然法尔达克死了，但苏丹还是宽宏大量地宽限了那片领地的税贡时间。然而，税务官齐亚德却很清楚，今年的雨季来得太迟了，干旱的气候必定会影响秋天的收成，到那个时候如果还收不上税款，倒霉的就会是他了！他登门向你求助，希望你能够帮忙出出主意，改善这一情况。", "icon": "cards/2000001", "items": [{"text": "帮助修建暗渠", "tag": "op1"}, {"text": "举行献祭仪式", "tag": "op2"}]}, "case:op1": {"rite": 5000681}, "case:op2": {"rite": 5000682}}}], "auto_start": false}