{"id": 5400258, "text": "审判", "is_replay": 0, "auto_start": false, "start_trigger": true, "on": {"round_begin_ba": 1}, "condition": {"rite": 5100258}, "settlement": [{"tips_resource": "", "tips_text": "", "action": {"option": {"id": "5400258_option_1", "text": "你罪证确凿，应当判处死刑。当然，苏丹并不在乎法律和正义……因为这种事情就结束游戏，那多没意思啊。\n于是慷慨而至尊的苏丹，给你了一些赎罪的机会……", "icon": "cards/2000006", "items": [{"text": "接受审判", "tag": "op1"}, {"text": "交钱赎罪", "tag": "op2"}, {"text": "进献妻妾", "tag": "op3"}]}, "case:op1": {"event_off": 5400258, "over": 1}, "case:op2": {"event_off": 5400258, "rite": 5001027}, "case:op3": {"event_off": 5400258, "rite": 5001028}}}]}