{"id": 5400145, "text": "年轻望族的请求II", "is_replay": 0, "auto_start": false, "start_trigger": true, "on": {"round_begin_ba": 1}, "condition": {"rite": 5100145}, "settlement": [{"tips_resource": "", "tips_text": "", "action": {"option": {"id": "5400145_option_1", "text": "扎齐伊想要增进自己的社交技巧，早日去到朝堂上帮母亲、帮你跟人吵架！\n你想到有3个地方可以训练这个年轻人。选择一种吧！", "icon": "cards/2000001", "items": [{"text": "宫廷社交", "tag": "op1"}, {"text": "浴场闲谈", "tag": "op2"}, {"text": "欢愉之馆", "tag": "op3"}]}, "case:op1": {"rite": 5000615}, "case:op2": {"rite": 5000616}, "case:op3": {"rite": 5000617}}}]}