{"id": 5400144, "text": "年轻望族的请求", "is_replay": 0, "auto_start": false, "start_trigger": true, "on": {"round_begin_ba": 1}, "condition": {"rite": 5100144}, "settlement": [{"tips_resource": "", "tips_text": "", "action": {"option": {"id": "5400144_option_1", "text": "扎齐伊希望向你学习武艺、保护母亲。你打算如何训练这个年轻人？", "icon": "cards/2000001", "items": [{"text": "武术指导", "tag": "op1"}, {"text": "唆使犯罪", "tag": "op2"}, {"text": "狩猎实战", "tag": "op3"}]}, "case:op1": {"rite": 5000611}, "case:op2": {"rite": 5000612}, "case:op3": {"rite": 5000613}}}]}