{"id": 5400158, "text": "远来的质子", "is_replay": 0, "auto_start_init": [1], "start_trigger": true, "on": {"round_begin_ba": 1}, "condition": {"rite": 5100158}, "settlement": [{"tips_resource": "", "tips_text": "", "action": {"option": {"id": "5400158_option_1", "text": "一个年轻的男人匍匐在苏丹的黄金宫殿，因领地气候无常，不得不谦卑地请求宽限今年收缴税贡的时间。苏丹饶有兴致地看着送上门来的新玩具，想到了一个绝妙的主意。他把你叫了过来，仁慈而宽容地给了你一个机会。现在你可以在这个年轻人身上使用一张苏丹卡了——不，不是“可以”，是“必须”。你没有拒绝的余地。", "icon": "cards/2000001", "items": [{"text": "接受", "tag": "op1"}]}, "case:op1": {"card": 2000350, "rite": 5000667}}}], "auto_start": false}