{"id": 5400163, "text": "质子的请求", "is_replay": 0, "auto_start_init": [1], "start_trigger": true, "on": {"round_begin_ba": 1}, "condition": {"rite": 5100163}, "settlement": [{"tips_resource": "", "tips_text": "", "action": {"option": {"id": "5400163_option_1", "text": "在你慷慨而善良的帮助下，法尔达克争取到了喘息的时间，但他依旧忧心忡忡：今年的雨季来得太迟了，干旱的气候必定会影响秋天的收成。法尔达克近乎本能地来到你的房子里，希望能听听你的建议。你决定怎么做？", "icon": "cards/2000001", "items": [{"text": "帮助修建暗渠", "tag": "op1"}, {"text": "举行献祭仪式", "tag": "op2"}]}, "case:op1": {"rite": 5000668}, "case:op2": {"rite": 5000669}}}], "auto_start": false}