{"id": 5400239, "text": "接受逃离", "is_replay": 0, "auto_start": false, "start_trigger": true, "on": {"round_begin_ba": 1}, "condition": {"rite": 5100239}, "settlement": [{"tips_resource": "", "tips_text": "", "action": {"option": {"id": "5400239_option_1", "text": "你们当天谋划到深夜，列举了所有可能性，以及逃离苏丹统治的必要条件。虽然现在你们一条都不满足，但这样的谋划为你们带来了希望。", "icon": "cards/2000001", "items": [{"text": "准备逃离苏丹的游戏！", "tag": "op1"}]}, "case:op1": {"rite": 5003027, "focus.5003027": [600, 1], "event_off": 5300238}}}]}