{"id": 5400160, "text": "质子的请求", "is_replay": 0, "auto_start_init": [1], "start_trigger": true, "on": {"round_begin_ba": 1}, "condition": {"rite": 5100160}, "settlement": [{"tips_resource": "", "tips_text": "", "action": {"option": {"id": "5400160_option_1", "text": "虽然忍受了难言的耻辱，但法尔达克还是争取到了喘息的时间。然而，今年的雨季来得太迟了，干旱的气候必定会影响秋天的收成。这些日子以来，法尔达克已经弄清楚你在这座城市里的特殊地位，纵使再怎么难堪，他依然来到你的房子里，低头恳求你能帮帮他。你决定怎么做？", "icon": "cards/2000001", "items": [{"text": "帮助修建暗渠", "tag": "op1"}, {"text": "举行献祭仪式", "tag": "op2"}]}, "case:op1": {"rite": 5000668}, "case:op2": {"rite": 5000669}}}], "auto_start": false}