{"id": 5400249, "text": "逃离", "is_replay": 0, "auto_start_init": [1], "start_trigger": true, "on": {"round_begin_ba": 1}, "condition": {"rite": 5100249}, "settlement": [{"tips_resource": "", "tips_text": "", "action": {"option": {"id": "5400249_option_1", "text": "“我们逃跑吧，”妻子说，“如果继续做这些可怕的事情，我们都会……变得不是自己。”\n这也是一种可能性，你心里思索着……", "icon": "cards/2000006", "items": [{"text": "接受", "tag": "op1"}, {"text": "拒绝", "tag": "op2"}]}, "case:op1": {"event_on": 5300239, "event_off": 5400249}, "case:op2": {"event_on": 5300240, "event_off": 5400249}}}], "auto_start": false}