{"id": 5400164, "text": "质子的请求", "is_replay": 0, "auto_start": false, "start_trigger": true, "on": {"round_begin_ba": 1}, "condition": {"rite": 5100164}, "settlement": [{"tips_resource": "", "tips_text": "", "action": {"option": {"id": "5400164_option_1", "text": "苏丹同意他延迟到秋天再交税金，但如果不做任何事，以今年的干旱天气，收成也很堪忧。质子希望你能施以援手，帮助他的领地度过危机。", "icon": "cards/2000001", "items": [{"text": "修建暗渠", "tag": "op1"}, {"text": "邪恶祭祀", "tag": "op2"}]}, "case:op1": {"rite": 5000668}, "case:op2": {"rite": 5000669}}}]}