{"id": 5400161, "text": "税务官的请求", "is_replay": 0, "auto_start": false, "start_trigger": true, "on": {"round_begin_ba": 1}, "condition": {"rite": 5100161}, "settlement": [{"tips_resource": "", "tips_text": "", "action": {"card": 2000351, "option": {"id": "5400161_option_1", "text": "你解决了法尔达克领地上的难题，在城里名声大振。这一天，税务官齐亚德登门拜访，想再向你请教一个难题。他听说南方有些农民偷偷逃离了自己的农田，导致大片耕地荒芜退化，官方征收到的土地税也减少到难以忍受的地步。你认为该如何处理这件事？", "icon": "cards/2000001", "items": [{"text": "施以严惩", "tag": "op1"}, {"text": "许以重利", "tag": "op2"}]}, "case:op1": {"rite": 5000672}, "case:op2": {"rite": 5000673}}}]}