{"id": 5400064, "text": "选择如何处理禁卫队长", "is_replay": 0, "auto_start": false, "start_trigger": true, "on": {"round_begin_ba": 1}, "condition": {"rite": 5100064}, "settlement": [{"tips_resource": "", "tips_text": "", "action": {"option": {"id": "5400064_option_1", "text": "你来到萨达尔尼指引的浪漫约会地，一条清浅的小溪潋滟着波光，芦苇摇曳，棕榈树丛生。你在这里为赛里曼布好陷阱，只是还没能下定决心……诚然，赛里曼是苏丹的近卫，除掉他就仿佛斩断苏丹的一条臂膀。可你真要用这样卑鄙的手段杀死一个无辜之人？有没有其他解决之道……比如，说服他，让他为你所用？", "icon": "cards/2000012", "items": [{"text": "杀了他", "tag": "op1"}, {"text": "先谈谈", "tag": "op2"}]}, "case:op1": {"rite": 5000565, "event_off": 5400064}, "case:op2": {"rite": 5000566, "event_off": 5400064}}}]}