{"id": 5400165, "text": "税务官的请求2", "is_replay": 0, "auto_start": false, "start_trigger": true, "on": {"round_begin_ba": 1}, "condition": {"rite": 5100165}, "settlement": [{"tips_resource": "", "tips_text": "", "action": {"option": {"id": "5400165_option_1", "text": "税务官齐亚德再度登门。他听说东部边境的商队饱受一伙山匪的掠劫骚扰，损失惨重。那帮山匪有着强壮的马匹，来去如风，当地曾多次派兵围剿都失败而归。他想听听你的意见。", "icon": "cards/2000001", "items": [{"text": "促成谈判", "tag": "op1"}, {"text": "强硬驱逐", "tag": "op2"}]}, "case:op1": {"rite": 5000674}, "case:op2": {"rite": 5000675}}}]}