{"id": 5400146, "text": "年轻望族的请求3", "is_replay": 0, "auto_start": false, "start_trigger": true, "on": {"round_begin_ba": 1}, "condition": {"rite": 5100146}, "settlement": [{"tips_resource": "", "tips_text": "", "action": {"option": {"id": "5400146_option_1", "text": "扎齐伊想要知道，如果你心中有所困惑，一般会去哪里寻求答案？", "icon": "cards/2000001", "items": [{"text": "去书店", "tag": "op1"}, {"text": "去监狱", "tag": "op2"}, {"text": "去黑街", "tag": "op3"}]}, "case:op1": {"rite": 5000619}, "case:op2": {"rite": 5000620}, "case:op3": {"rite": 5000621}}}]}