 {
        "id": 5399999,
        "text": "未来视MOD自动功能", //策划看的备注      
        "is_replay": 1, //是否可以重复触发
        "auto_start_init": [1],
        "start_trigger": false, // 是否启动就立即开始校验条件
        "on":{   //时机
            "round_begin_ba": 1 //每回合开始时
        },
        "condition":{  //条件
            "counter.7000060>=":2,
            "counter.7000115<":1, //限制同一时间被激活的次数
            "counter.7000116<":1 //限制同一时间被激活的次数
        },
        "settlement": [    //效果
        {
            "condition":
            {                  
                "counter.7000060=":2,
                "counter.7000115<":1, //限制同一时间被激活的次数
                "counter.7000116<":1, //限制同一时间被激活的次数
            },
            "action":
            {
                "loot": 6000501, 
                "loot": 6000502, 
                "counter+7000116":1,//限制同一时间被激活的次数
                "counter+7000115":1, //限制同一时间被激活的次数
            }
        }
        ]
    } 