{
    "id": 5366666,
    "text": "作弊器测试",
    "is_replay": 0,
    "auto_start": false,
    "start_trigger": true,
    "on": {
        "round_begin_ba": 1
    },
    "condition": {},
    "settlement": [
        {
            "tips_resource": "",
            "tips_text": "",
            "action": {
                "option": {
                    "id": "5366666_option_1",
                    "text": "你的故事引起了神明的注意，它赐予了你一盏传说中的神灯，你是否要接受？",
                    "icon": "cards/2000320",
                    "items": [
                        {
                            "text": "接受",
                            "tag": "op1"
                        },
                        {
                            "text": "拒絕",
                            "tag": "op2"
                        }
                    ]
                },
                "case:op1": {
                    "event_on": 5310004,
                    "card": 2666666
                },
                "case:op2": {
                    "event_on": 5310004
                }
            }
        }
    ]
}