{
    "id": 5367362,
    "text": "起始字母",
    "is_replay": 0,
    "auto_start": false,
    "start_trigger": true,
    "on": {
        "round_begin_ba": 1
    },
    "condition": {},
    "settlement": [
        {
            "tips_resource": "",
            "tips_text": "",
            "action": {
                "option": {
                    "id": "5367362_option_1",
                    "text": "起始字母",
                    "icon": "cards/2000001",
                    "items": [
                        {
                            "text": "L",
                            "tag": "op1"
                        },
                        {
                            "text": "M",
                            "tag": "op2"
                        },
                        {
                            "text": "N",
                            "tag": "op3"
                        },
                        {
                            "text": "P",
                            "tag": "op4"
                        },
                        {
                            "text": "Q",
                            "tag": "op5"
                        },
                        {
                            "text": "上一页",
                            "tag": "op6"
                        },
                        {
                            "text": "下一页",
                            "tag": "op7"
                        },
                        {
                            "text": "返回",
                            "tag": "op8"
                        }
                    ]
                },
                "case:op1": {
                    "event_on": 5367270
                },
                "case:op2": {
                    "event_on": 5367279
                },
                "case:op3": {
                    "event_on": 5367287
                },
                "case:op4": {
                    "event_on": 5367290
                },
                "case:op5": {
                    "event_on": 5367292
                },
                "case:op6": {
                    "event_on": 5367361,
                    "event_off": 5367362
                },
                "case:op7": {
                    "event_on": 5367363,
                    "event_off": 5367362
                },
                "case:op8": {
                    "event_off": 5367362
                }
            }
        }
    ]
}