 {
        "id": 5000001,
        "name": "治理家业",
        "text": "人们仍然愿意来到你的屋檐下，分享言语、允诺，与机会。",       
        "tips": "",
        "mapping_id":8001002,
        "once_new":1,
        "round_number": 1,
        "waiting_round":0,
        "waiting_round_end_action":[
        ],
        "method_settlement": "",
        "auto_begin": 1,
        "auto_result":1,
        "location": "自宅:1", 
        "icon": "rite_1", 
        "tag_tips": [
            "智慧",
            "社交"
        ],
        "tag_tips_up":{
            "tips":["智慧","社交"],
            "type":"normal_result"
        },
        "tips_text":[
            "每回合自动进行，检定数值越高，金币收益越大。",
            "可以通过游戏界面左下角的【俺寻思】消耗奢靡卡进行装修，增加收益。",
            "如果获得带有【<color=#FF0000>地点</color>】标签的卡牌时，可以尝试放入。",
            "浴场、书店、家业、权游、淘书能加快随机事件触发"
        ],
        "open_conditions": [
        ],
        "random_text":{
            "r1":"点头，传递信息，握手。贵族不需要劳动就可以赚钱……"
        },
        "random_text_up":{
            "r1":{
                "text":"点头，传递信息，握手。贵族不需要劳动就可以赚钱……",
                "type":"normal_result",
                "type_tips":"你的智慧和社交属性为你提供完整的骰子数量。",
                "low_target": 3,
                "low_target_tips": "3点成功将会获得最高的收益。"
            }
        },
        "settlement_prior": [
            //--------------------因为领地被掠食者践踏而无法开业-----------------------------------------
            {
                "condition":
                {
                    "counter.7000617=":7
                },
                "result_title":"犹如沙暴过境",
                "result_text": "你的领地被掠食者残暴地践踏，一时间哀鸿遍野……你焦头烂额地组织大家重建家园，而这需要不少时间。（剩余7天）",
                "result": 
                {
                    "counter-7000617":1,
                    "s4+回收":1
                },
                "action":
                {
                    "rite": 5000001
                }
            },
            {
                "condition":
                {
                    "counter.7000617=":6
                },
                "result_title":"犹如沙暴过境",
                "result_text": "你的领地被掠食者残暴地践踏，一时间哀鸿遍野……你焦头烂额地组织大家重建家园，而这需要不少时间。（剩余6天）",
                "result": 
                {
                    "counter-7000617":1,
                    "s4+回收":1
                },
                "action":
                {
                    "rite": 5000001
                }
            },
            {
                "condition":
                {
                    "counter.7000617=":5
                },
                "result_title":"犹如沙暴过境",
                "result_text": "你的领地被掠食者残暴地践踏，一时间哀鸿遍野……你焦头烂额地组织大家重建家园，而这需要不少时间。（剩余5天）",
                "result": 
                {
                    "counter-7000617":1,
                    "s4+回收":1
                },
                "action":
                {
                    "rite": 5000001
                }
            },
            {
                "condition":
                {
                    "counter.7000617=":4
                },
                "result_title":"犹如沙暴过境",
                "result_text": "你的领地被掠食者残暴地践踏，一时间哀鸿遍野……你焦头烂额地组织大家重建家园，而这需要一定的时间。（剩余4天）",
                "result": 
                {
                    "counter-7000617":1,
                    "s4+回收":1
                },
                "action":
                {
                    "rite": 5000001
                }
            },
            {
                "condition":
                {
                    "counter.7000617=":3
                },
                "result_title":"犹如沙暴过境",
                "result_text": "你的领地被掠食者残暴地践踏，一时间哀鸿遍野……你焦头烂额地组织大家重建家园，而这还需要一定的时间。（剩余3天）",
                "result": 
                {
                    "counter-7000617":1,
                    "s4+回收":1
                },
                "action":
                {
                    "rite": 5000001
                }
            },
            {
                "condition":
                {
                    "counter.7000617=":2
                },
                "result_title":"犹如沙暴过境",
                "result_text": "你的领地被掠食者残暴地践踏，一时间哀鸿遍野……你焦头烂额地组织大家重建家园，而这还需要一定的时间。（剩余2天）",
                "result": 
                {
                    "counter-7000617":1,
                    "s4+回收":1
                },
                "action":
                {
                    "rite": 5000001
                }
            },
            {
                "condition":
                {
                    "counter.7000617=":1
                },
                "result_title":"被抚平的伤痛",
                "result_text": "你的领地被掠食者残暴地践踏，一时间哀鸿遍野……不过，在你的努力下，领民们慢慢地重新安定了下来。",
                "result": 
                {
                    "counter-7000617":1,
                    "s4+回收":1
                },
                "action":
                {
                    "rite": 5000001
                }
            },
//--------------------因为家被砸了无法开业-----------------------------------------
            {
                "condition":
                {
                    "counter.7000567=":7
                },
                "result_title":"被砸坏的房屋",
                "result_text": "暂时无法招待客人（剩余7天）",
                "result": 
                {
                    "counter-7000567":1,
                    "s4+回收":1
                },
                "action":
                {
                    "rite": 5000001
                }
            },
            {
                "condition":
                {
                    "counter.7000567=":6
                },
                "result_title":"被砸坏的房屋",
                "result_text": "暂时无法招待客人（剩余6天）",
                "result": 
                {
                    "counter-7000567":1,
                    "s4+回收":1
                },
                "action":
                {
                    "rite": 5000001
                }
            },
            {
                "condition":
                {
                    "counter.7000567=":5
                },
                "result_title":"被砸坏的房屋",
                "result_text": "暂时无法招待客人（剩余5天）",
                "result": 
                {
                    "counter-7000567":1,
                    "s4+回收":1
                },
                "action":
                {
                    "rite": 5000001
                }
            },
            {
                "condition":
                {
                    "counter.7000567=":4
                },
                "result_title":"被砸坏的房屋",
                "result_text": "暂时无法招待客人（剩余4天）",
                "result": 
                {
                    "counter-7000567":1,
                    "s4+回收":1
                },
                "action":
                {
                    "rite": 5000001
                }
            },
            {
                "condition":
                {
                    "counter.7000567=":3
                },
                "result_title":"被砸坏的房屋",
                "result_text": "暂时无法招待客人（剩余3天）",
                "result": 
                {
                    "counter-7000567":1,
                    "s4+回收":1
                },
                "action":
                {
                    "rite": 5000001
                }
            },
            {
                "condition":
                {
                    "counter.7000567=":2
                },
                "result_title":"被砸坏的房屋",
                "result_text": "暂时无法招待客人（剩余2天）",
                "result": 
                {
                    "counter-7000567":1,
                    "s4+回收":1
                },
                "action":
                {
                    "rite": 5000001
                }
            },
            {
                "condition":
                {
                    "counter.7000567=":1
                },
                "result_title":"被砸坏的房屋",
                "result_text": "暂时无法招待客人（剩余1天）",
                "result": 
                {
                    "counter-7000567":1,
                    "s4+回收":1
                },
                "action":
                {
                    "rite": 5000001
                }
            },
//--------------------因为苏丹的猜忌关停治理家业-----------------------------------------
            {
                "condition":
                {
                    "counter.7000195=":7
                },
                "result_title":"你的丑行震惊朝野",
                "result_text": "不管其他人怎么努力维持家庭的体面，本周之内都不会有客人上门来了吧。（剩余7天）",
                "result": 
                {
                    "counter-7000195":1,
                    "s4+回收":1
                },
                "action":
                {
                    "rite": 5000001
                }
            },
            {
                "condition":
                {
                    "counter.7000195=":6
                },
                "result_title":"你的丑行震惊朝野",
                "result_text": "不管其他人怎么努力维持家庭的体面，本周之内都不会有客人上门来了吧。（剩余6天）",
                "result": 
                {
                    "counter-7000195":1,
                    "s4+回收":1
                },
                "action":
                {
                    "rite": 5000001
                }
            },
            {
                "condition":
                {
                    "counter.7000195=":5
                },
                "result_title":"你的丑行震惊朝野",
                "result_text": "不管其他人怎么努力维持家庭的体面，本周之内都不会有客人上门来了吧。（剩余5天）",
                "result": 
                {
                    "counter-7000195":1,
                    "s4+回收":1
                },
                "action":
                {
                    "rite": 5000001
                }
            },
            {
                "condition":
                {
                    "counter.7000195=":4
                },
                "result_title":"你的丑行震惊朝野",
                "result_text": "不管其他人怎么努力维持家庭的体面，本周之内都不会有客人上门来了吧。（剩余4天）",
                "result": 
                {
                    "counter-7000195":1,
                    "s4+回收":1
                },
                "action":
                {
                    "rite": 5000001
                }
            },
            {
                "condition":
                {
                    "counter.7000195=":3
                },
                "result_title":"你的丑行震惊朝野",
                "result_text": "不管其他人怎么努力维持家庭的体面，本周之内都不会有客人上门来了吧。（剩余3天）",
                "result": 
                {
                    "counter-7000195":1,
                    "s4+回收":1
                },
                "action":
                {
                    "rite": 5000001
                }
            },
            {
                "condition":
                {
                    "counter.7000195=":2
                },
                "result_title":"你的丑行震惊朝野",
                "result_text": "不管其他人怎么努力维持家庭的体面，本周之内都不会有客人上门来了吧。（剩余2天）",
                "result": 
                {
                    "counter-7000195":1,
                    "s4+回收":1
                },
                "action":
                {
                    "rite": 5000001
                }
            },
            {
                "condition":
                {
                    "counter.7000195=":1
                },
                "result_title":"你的丑行震惊朝野",
                "result_text": "不管其他人怎么努力维持家庭的体面，本周之内都不会有客人上门来了吧。（剩余1天）",
                "result": 
                {
                    "counter-7000195":1,
                    "s4+回收":1
                },
                "action":
                {
                    "rite": 5000001
                }
            },
//--------------------因为大敌的干扰关停治理家业-----------------------------------------
            {
                "condition":
                {
                    "counter.7000158=":3
                },
                "result_title":"",
                "result_text": "因为一些原因，你还需要3天来重启家里的生意。",
                "result": 
                {
                    "counter-7000158":1,
                    "s4+回收":1
                },
                "action":
                {
                    "rite": 5000001
                }
            },
            {
                "condition":
                {
                    "counter.7000158=":2
                },
                "result_title":"",
                "result_text": "因为一些原因，你还需要2天来重启家里的生意。",
                "result": 
                {
                    "counter-7000158":1,
                    "s4+回收":1
                },
                "action":
                {
                    "rite": 5000001
                }
            },
            {
                "condition":
                {
                    "counter.7000158=":1
                },
                "result_title":"",
                "result_text": "因为一些原因，你还需要1天来重启家里的生意。",
                "result": 
                {
                    "counter-7000158":1,
                    "s4+回收":1
                },
                "action":
                {
                    "rite": 5000001
                }
            },
//-----------------装修----------------------------------------------------
            {
                "condition":  //特殊结果：装潢是"临时居所"的话
                {
                    "s3.is":2000178,
                    "counter.7000001<":10
                },
                "result_title":"",
                "result_text": "你焚毁了自己的房子以取悦苏丹，因此，现在你只能住在帐篷里，每天估计只能靠乞讨过日子了。",
                "result": 
                {
                    "金币": 1,
                    "counter+7000001":1,
                    "s4+回收":1
                },
                "action":
                {
                    "rite": 5000001
                }
            },
            {
                "condition":  //特殊结果：装潢是"临时居所"的话
                {
                    "s3.is":2000178,
                    "counter.7000001>=":10
                },
                "result_title":"",
                "result_text": "苏丹担心你疯了，饿死，冷死在自己的破帐篷里，那样游戏就不好玩了。因此他决定赐给你一个新家——这也许不是你自己期待的结果，但很多人会认为你的一举一动皆有深意。",
                "result": 
                {
                    "金币": 1,
                    "clean.s3":1,
                    "s4+回收":1,
                    "card":2000179,
                    "counter=7000007":0,
                    "card":2000532,
                    "global_counter=7200123":1 //成就
                },
                "action":
                {
                    "rite": 5000001
                }
            }
        ],                
        "settlement": [
            {
                "condition": 
                {                  
                    "!s1":1,
                    "!s2":1
                },
                "result_title":"你没有派遣任何人治理家业",
                "result_text": "没人管理，当然就没有收入。",
                "result": 
                {
                },
                "action":
                {
                    "rite": 5000001
                }
            },
            {
                "condition":  //常规结果：获得金币收益
                {
                    "r1:智慧+社交>=":[3,5]
                },
                "result_title":"",
                "result_text": "金币碰撞的声音令你微笑，旋即又开始担忧这样的日子还能持续多久。",
                "result": 
                {
                    "global_counter+7200131":1, //成就
                    "金币": 5,
                    "choose":{
                        "pop.5000001_result_01_1.妻子":"一切都会好起来的",
                        "pop.5000001_result_01_2.妻子":"今晚可以睡个好觉了吧？",
                        "pop.5000001_result_01_3.妻子":"真希望能快些攒够钱，离开这个吃人的地方……",
                        "pop.5000001_result_01_4.妻子":"笑一笑吧，亲爱的"
                    },
                    "choose":{
                        "pop.5000001_result_01_5.2000372":"我做得还不错吧？",
                        "pop.5000001_result_01_6.2000372":"今天是否能得到您的一声称赞？",
                        "pop.5000001_result_01_7.2000372":"看见了吗，我把他们每一个人都哄得高高兴兴的~"
                    },
                    "choose":{
                        "pop.5000001_result_01_8.2000522":"我做得还不错吧？",
                        "pop.5000001_result_01_9.2000522":"今天是否能得到您的一声称赞？",
                        "pop.5000001_result_01_10.2000522":"看见了吗，我把他们每一个人都哄得高高兴兴的"
                    },
                    "choose":{
                        "pop.5000001_result_01_11.2000523":"我做得还不错吧？",
                        "pop.5000001_result_01_12.2000523":"今天是否能得到您的一声称赞？",
                        "pop.5000001_result_01_13.2000523":"看见了吗，我把他们每一个人都哄得高高兴兴的"
                    }
                },
                "action":
                {
                    "rite": 5000001
                }
            },
            {
                "condition": 
                {                  
                    "r1:智慧+社交>=":[2,5]
                },
                "result_title":"",
                "result_text": "金币不是最重要的，重要的是，你仍然被尊重。",
                "result": 
                {
                    "global_counter+7200131":1, //成就
                    "金币": 3,
                    "choose":{
                        "pop.5000001_result_02_1.妻子":"一切都会好起来的，对吗？",
                        "pop.5000001_result_02_2.妻子":"放心吧，这些钱还够我们撑下去"
                    },
                    "choose":{
                        "pop.5000001_result_02_5.2000372":"总觉得还能做得更好，我要再列个详细的清单！",
                        "pop.5000001_result_02_6.2000372":"哈哈，下次要不要安排厨房做全驼宴？",
                        "pop.5000001_result_02_7.2000372":"他们喜欢来您的屋子里高谈阔论，我也一样！"
                    },
                    "choose":{
                        "pop.5000001_result_02_8.2000522":"总觉得还能做得更好，我要再列个详细的清单！",
                        "pop.5000001_result_02_9.2000522":"哈哈，下次要不要安排厨房做全驼宴？",
                        "pop.5000001_result_02_10.2000522":"他们喜欢来您的屋子里高谈阔论，我也一样！"
                    },
                    "choose":{
                        "pop.5000001_result_02_11.2000523":"总觉得还能做得更好，我要再列个详细的清单！",
                        "pop.5000001_result_02_12.2000523":"哈哈，下次要不要安排厨房做全驼宴？",
                        "pop.5000001_result_02_13.2000523":"他们喜欢来您的屋子里高谈阔论，我也一样！"
                    }
                },
                "action":
                {
                    "rite": 5000001
                }
            },
            {
                "condition": 
                {                  
                    "r1:智慧+社交>=":[1,5]
                },
                "result_title":"",
                "result_text": "零星的金币碰撞，正如人们意兴阑珊的碰杯声。",
                "result": 
                {
                    "global_counter+7200131":1, //成就
                    "金币": 2,
                    "choose":{
                        "pop.5000001_result_03_1.妻子":"不能再这样下去了……",
                        "pop.5000001_result_03_2.妻子":"难道今晚的菜色不合大家的口味？",
                        "pop.5000001_result_03_3.妻子":"我们还能撑多久？"
                    },
                    "choose":{
                        "pop.5000001_result_03_5.2000372":"是因为我的疏忽吗？",
                        "pop.5000001_result_03_6.2000372":"这些人好无聊啊，下次不要再邀请他们了！",
                        "pop.5000001_result_03_7.2000372":"我讲了八百个笑话，他们为什么一次都不笑？~"
                    },
                    "choose":{
                        "pop.5000001_result_03_8.2000522":"是因为我的疏忽吗？",
                        "pop.5000001_result_03_9.2000522":"这些人好无聊啊，下次不要再邀请他们了！",
                        "pop.5000001_result_03_10.2000522":"我讲了八百个笑话，他们为什么一次都不笑？"
                    },
                    "choose":{
                        "pop.5000001_result_03_11.2000523":"是因为我的疏忽吗？",
                        "pop.5000001_result_03_12.2000523":"这些人好无聊啊，下次不要再邀请他们了！",
                        "pop.5000001_result_03_13.2000523":"我讲了八百个笑话，他们为什么一次都不笑？"
                    }
                },
                "action":
                {
                    "rite": 5000001
                }
            },
            {
                "condition": 
                {                  
                    "r1:智慧+社交<":[1,5]
                },
                "result_title":"",
                "result_text": "门前冷落，无人问津。你是不是已经失去了这座城市的宠爱？",
                "result": 
                {
                    "global_counter+7200131":1, //成就
                    "金币": 1,
                    "choose":{
                        "pop.5000001_result_04_1.妻子":"我还算什么女主人……",
                        "pop.5000001_result_04_2.妻子":"不……没事的，相信我，一切会慢慢好起来的",
                        "pop.5000001_result_04_3.妻子":"打起精神来，还没到放弃的时候",
                        "pop.5000001_result_04_4.妻子":"都是我的错吗……",
                        "pop.5000001_result_04_14.妻子":"要不我们现在就逃走吧，就现在，好不好？"
                    },
                    "choose":{
                        "pop.5000001_result_04_5.2000372":"哼，那些没有品位的家伙！",
                        "pop.5000001_result_04_6.2000372":"竟敢如此小觑您……",
                        "pop.5000001_result_04_7.2000372":"他们会为冷落您而后悔的！",
                        "pop.5000001_result_04_15.2000372":"别伤心，至少您还有我在！"
                    },
                    "choose":{
                        "pop.5000001_result_04_8.2000522":"哼，那些没有品位的家伙！",
                        "pop.5000001_result_04_9.2000522":"竟敢如此小觑您……",
                        "pop.5000001_result_04_10.2000522":"他们会为冷落您而后悔的！",
                        "pop.5000001_result_04_16.2000522":"别伤心，至少您还有我在！"
                    },
                    "choose":{
                        "pop.5000001_result_04_11.2000523":"哼，那些没有品位的家伙！",
                        "pop.5000001_result_04_12.2000523":"竟敢如此小觑您……",
                        "pop.5000001_result_04_13.2000523":"他们会为冷落您而后悔的！",
                        "pop.5000001_result_04_17.2000523":"别伤心，至少您还有我在！"
                    }
                },
                "action":
                {
                    "rite": 5000001
                }
            }
        ],                
        "settlement_extre": [
            {
                "condition":  //额外结果：装潢是"华丽的居所"
                {
                    "s3.is":2000179,
                    "counter.7000002<":2

                },
                "result_title":"",
                "result_text": "很多人都认为苏丹对你的处置并不一般。这种神秘的氛围中，你的声望在逐渐地积累。",
                "result": 
                {
                    "counter+7000002":1
                },
                "action":
                {
                }
            },
            {
                "condition":  //额外结果：装潢是"华丽的居所"
                {
                    "s3.is":2000179,
                    "counter.7000002>=":2

                },
                "result_title":"",
                "result_text": "很多人都认为苏丹对你的处置并不一般。这种神秘的氛围中，你的声望在逐渐地积累，并获得了切实的回报。",
                "result": 
                {
                    "coin": 3,
                    "counter=7000002":0
                },
                "action":
                {
                }
            },
            {
                "condition":  //额外结果：装潢是"稍加整修的居所"
                {
                    "s3.is":2000180,
                    "counter.7000003<":2

                },
                "result_title":"",
                "result_text": "虽然你对房屋的改善微不足道，但人们因此认为你对苏丹的考验成竹在胸，这无疑让很多事情都顺利了不少。",
                "result": 
                {
                    "counter+7000003":1
                },
                "action":
                {
                }
            },
            {
                "condition":  //额外结果：装潢是"稍加整修的居所"
                {
                    "s3.is":2000180,
                    "counter.7000003>=":2

                },
                "result_title":"",
                "result_text": "虽然你对房屋的改善微不足道，但人们因此认为你对苏丹的考验成竹在胸，你获得了切实的回报。",
                "result": 
                {
                    "card": 2000029,
                    "counter=7000003":0
                },
                "action":
                {
                }
            },
            {
                "condition":  //额外结果：装潢是"全面整修的居所"
                {
                    "s3.is":2000181,
                    "counter.7000004<":2

                },
                "result_title":"",
                "result_text": "装饰一新的房子给人希望和信心，有时候你甚至觉得其他客人比你更需要这些东西……",
                "result": 
                {
                    "counter+7000004":1
                },
                "action":
                {
                }
            },
            {
                "condition":  //额外结果：装潢是"全面整修的居所"
                {
                    "s3.is":2000181,
                    "counter.7000004>=":2

                },
                "result_title":"",
                "result_text": "装饰一新的房子给人希望和信心，有时候你甚至觉得其他客人比你更需要这些东西……你获得了切实的回报。",
                "result": 
                {
                    "coin": 2,
                    "counter=7000004":0
                },
                "action":
                {
                }
            },
            {
                "condition":  //额外结果：装潢是"扩建的居所"
                {
                    "counter.7000005<":2,
                    "s3.is":2000182

                },
                "result_title":"",
                "result_text": "人们总是相信石头与金属构成的谎言，他们痴迷于你购买的雕塑、围栏与镀金柱子，仿佛这就是你的信用与权势一般。",
                "result": 
                {
                    "counter+7000005":1
                },
                "action":
                {
                }
            },
            {
                "condition":  //额外结果：装潢是"扩建的居所"
                {
                    "counter.7000005>=":2,
                    "s3.is":2000182
                },
                "result_title":"",
                "result_text": "人们总是相信石头与金属构成的谎言，他们痴迷于你购买的雕塑、围栏与镀金柱子，仿佛这就是你的信用与权势一般。你获得了切实的回报。",
                "result": 
                {
                    "coin": 3,
                    "counter=7000005":0
                },
                "action":
                {
                }
            },
            {
                "condition":  //额外结果：装潢是"奇观"
                {
                    "s3.is":2000183,
                    "counter.7000008<":2

                },
                "result_title":"",
                "result_text": "在这栋宫殿一般的房舍里，大部分人都会低下头……",
                "result": 
                {
                    "counter+7000008":1
                },
                "action":
                {
                }
            },
            {
                "condition":  //额外结果：装潢是"奇观"
                {
                    "s3.is":2000183,
                    "counter.7000008>=":2

                },
                "result_title":"",
                "result_text": "在这栋宫殿一般的房舍里，大部分人都会低下头……你获得了切实的回报。",
                "result": 
                {
                    "coin": 5,
                    "counter=7000008":0
                },
                "action":
                {
                }
            },
            {
                "condition": 
                {
                    "s4.is":2000364
                },
                "result_title":"你开始经营新绿洲",
                "result_text": "善良好客的牧民们没有拒绝你的来往。",
                "result": 
                {
                    "card": 2000029
                },
                "action":
                {
                }
            },
            {
                "condition":  
                {
                    "s4.is":2000365 
                },
                "result_title":"你与新发现的繁荣城市建立起联系",
                "result_text": "你和麦娜尔结识的那些商人们乐意和你做点小生意。",
                "result": 
                {
                    "card": 2000029
                },
                "action":
                {
                }
            },
            {
                "condition":  
                {
                    "s4.is":2000366 
                },
                "result_title":"你尝试和乐土产生联系",
                "result_text": "那里太过遥远。",
                "result": 
                {
                },
                "action":
                {
                }
            },
            {
                "condition":  
                {
                    "s4.空屋":1,
                    "counter.7000164<":1
                },
                "result_title":"你尝试将空房挂牌出租",
                "result_text": "没过多久就有人找上你了。",
                "result": 
                {
                    "counter+7000164":1
                },
                "action":
                {
                    "event_on":5300087 //激活房屋出租
                }
            },
            {
                "condition": 
                {
                    "s4.is":2000760
                },
                "result_title":"丰产的祝福",
                "result_text": "古老的咒语开始生效，一股神秘的力量包围了宅邸，你的领地获得了丰收。",
                "result": 
                {
                    "coin":15,
                    "clean.s4":1 
                },
                "action":
                {
                }
            },
            {
                "condition": 
                {
                    "s4.is":2000853
                },
                "result_title":"险峻小径",
                "result_text": "你在险峻小径里走私，赚到了一笔钱。",
                "result": 
                {
                    "coin":2,
                    "counter+7000403":1  //使用险峻小径
        
                },
                "action":
                {
                }
            },
            {
                "condition": { 
                    "counter.7000117<":6,
                    "any":{
                        "s1":1,
                        "s2":1
                    },
                    "have.妻子":1 //妻子存活
                },
                "result_title":"",
                "result_text": "你花了越来越多的时间凝视与摩挲苏丹的卡牌。每当此时，家中就仿佛空无一人，你穿过走廊，在书房寻觅，在厨房翻找，一切所需之物都还在，只是大家都不见踪影……只有妻子才会偶尔打破这种寂静，告诉你，外面的世界仍然与你有所关联。",
                "result": 
                {
                    "counter+7000117":1  //声望弹框计数器
                },
                "action": {
                }
            },
            {
                "condition": { 
                    "counter.7000117<":6,
                    "any":{
                        "s1":1,
                        "s2":1
                    },
                    "!have.妻子":1 //妻子已死
                },
                "result_title":"",
                "result_text": "你花了越来越多的时间凝视与摩挲苏丹的卡牌。每当此时，家中就仿佛空无一人，你穿过走廊，在书房寻觅，在厨房翻找，一切所需之物都还在，只是大家都不见踪影……如今，再也没有妻子的声音打破这种寂静，而你便时常于黑暗中静默至深夜。",
                "result": 
                {
                    "counter+7000117":1  //声望弹框计数器
                },
                "action": {
                }
            },
            {
                "condition": { 
                    "counter.7000117>=":6,
                    "any":{
                        "s1":1,
                        "s2":1
                    },
                    "counter.7000200<":34 //弹框总数总数
                },
                "result_title":"",
                "result_text": "一件值得注意的事情发生了。",
                "result": 
                {
                    "counter=7000117":0,
                    "counter+7000200":1
                },
                "action": {
                    "event_on": 5300601 //触发声望弹框
                }
            },
            {
                "condition": { 
                    "s4.is":2000680, //苏丹的猜忌
                    "any":{
                        "s1.主角":1,
                        "s2.主角":1
                    },
                    "counter.7000364<":1  //避免重复被使用
                },
                "result_title":"是时候使用大便了",
                "result_text": "按照原来的计划，你只需要喝一点酒，然后开始尖叫，砸东西，装疯……在客人面前丢够自己的脸就行了。\n不过，当你跳上雕像，俯视下方云集的宾客时，顿悟贯通了你的灵魂，你看到了隐藏在华服与脂粉下方的真相——大家都是蛆虫，在这个肮脏世界里翻滚的一群无耻的、下贱的生命……于是，你开心地脱下裤子，对着他们投放了蛆虫最爱的食物。\n这件荒唐的丑事震惊朝野，苏丹倒是哈哈大笑，把之前对你的猜忌与痛恨忘得一干净，还让宦官给你家送去了一个纯银的夜壶……用起来真的很合身。",
                "result": 
                {
                    "counter+7000364":1, //避免重复被使用
                    "clean.s4":1, //移除猜忌
                    "card":2000083, //妻子的不满
                    "counter-7100001":1, //善名-1
                    "counter-7100004":1, //侠名-1
                    "counter+7100005":1, //灵视+1
                    "counter+7000195":7    //停业计数
                },
                "action": {
                    "global_counter=7200220":1, //成就-没有人比我更懂你-疯狂
                }
            },
            {
                "condition": { 
                    "s4.is":2000695 //昂贵的香料
                },
                "result_title":"你宅邸中使用了这些神奇的香料",
                "result_text": "瞬间，房间铺满了异香。",
                "result": 
                {
                    "counter+7100006":1  //获得1枚金骰子
                },
                "action": {
                }
            },
            {
                "condition": { 
                    "s4.is":2000700 //启智的仆人
                },
                "result_title":"",
                "result_text": "这些老练的仆人令你的客人们格外满意，这使你们之间的生意往来变得事半功倍。",
                "result": 
                {
                    "coin":1  //获得1金币
                },
                "action": {
                }
            }
        ],
        "cards_slot":
        {
            "s1":
                {
                    "condition": 
                    {
                        "type":"char",
                        "贵族":1                       
                    },
                    "open_adsorb":0,
                    "is_key":0,
                    "is_empty":1,
                    "is_enemy":0,
                    "text":"你需要一位贵族出面打理各种事务。",
                    "pops":[
                        {
                            "condition":{
                                "is": 2000461
                            },
                            "action":{
                                "choose":{
                                    "pop.5000001_12.self":"喵？"
                                }
                            }
                        },
                        {
                            "condition":{
                                "妻子": 1
                            },
                            "action":{
                                "choose":{
                                    "pop.5000001_01.self":"唔……今天的菜单……",
                                    "pop.5000001_02.self":"招待客人的菜肴都准备好了",
                                    "pop.5000001_03.self":"家里有我照顾，不必担心",
                                    "pop.5000001_04.self":"知道了，去做你要做的事吧"
                                }
                            }
                        },
                        {
                            "condition":{
                                "any":{
                                   "法拉杰":1
                                }
                            },
                            "action":{
                                "choose":{
                                    "pop.5000001_05.self":"放心吧，我了解客人们的喜好",
                                    "pop.5000001_06.self":"我会和客人们好好聊聊的",
                                    "pop.5000001_07.self":"端最好的驼乳来！"
                                }
                            }
                        },
                        {
                            "condition":{
                                "all":{
                                    "!is": 2000461,
                                    "!法拉杰":1,
                                    "!妻子": 1,
                                    "f:智慧+社交<":3
                                }
                            },
                            "action":{
                                "choose":{
                                "pop.5000001_08.self":"我会努力的",
                                "pop.5000001_09.self":"我吗？应该还有更合适的人吧？"
                                }
                            }
                        },
                        {
                            "condition":{
                                "all":{
                                    "!is": 2000461,
                                    "!法拉杰":1,
                                    "!妻子": 1,
                                    "f:智慧+社交>=":3
                                }
                            },
                            "action":{
                                "choose":{
                                "pop.5000001_10.self":"就交给我吧！",
                                "pop.5000001_11.self":"正是我擅长之事！"
                                }
                            }
                        }
                    ]
                },
            "s2":
                {
                    "condition": 
                    {
                        "type":"char"
                    },
                    "open_adsorb":0,
                    "is_key":0,
                    "is_empty":1,
                    "is_enemy":0,
                    "text":"任何可以辅佐的人",
                    "pops":[
                        {
                            "condition":{
                                "is": 2000461
                            },
                            "action":{
                                "choose":{
                                    "pop.5000001_s2_08.self":"喵？"
                                }
                            }
                        },
                        {
                            "condition":{
                                "!is": 2000461,
                                "贵族": 1
                            },
                            "action":{
                                "choose":{
                                    "pop.5000001_s2_01.self":"都打起精神来，决不能在宴席间犯错",
                                    "pop.5000001_s2_02.self":"有什么需要帮忙的吗？",
                                    "pop.5000001_s2_03.self":"我保证这会是整座城市最精彩的宴会"
                                }
                            }
                        },
                        {
                            "condition":{
                                "!is": 2000461,
                                "!贵族": 1
                            },
                            "action":{
                                "choose":{
                                    "pop.5000001_s2_04.self":"打起精神来，决不能在宴席间犯错",
                                    "pop.5000001_s2_05.self":"我保证每一只银杯都闪闪发光！",
                                    "pop.5000001_s2_06.self":"听您吩咐，大人",
                                    "pop.5000001_s2_07.self":"遵命，大人"
                                }
                            }
                        }
                    ]
                },
            "s3":            
                {
                    "condition": 
                    {
                        "type":"item",
                        "装潢":1
                    },
                    "open_adsorb":1,
                    "is_key":0,
                    "is_empty":1,
                    "is_enemy":0,
                    "text":"利用奢靡卡升级自己的房舍，可以获得额外效果\n临时帐篷：金币+1。10次后，金币+1 临时帐篷回手牌 获得空置的房间\n奇观：3回合额外5金币\n华丽的居所：3回合额外3金币\n扩建的居所：3回合额外3金币\n全面整修的居所：5回合额外2金币\n稍加整修的居所：3回合额外1金币"
                },
            "s4":
                {
                    "condition": 
                    {
                        "type":"item",
                        "!金币":1,
                        "any":{
                            "cost.消耗品=": 1,  
                            "is":2000364,
                            "is":2000365,
                            "is":2000366,
                            "空屋":1,
                            "is":2000680, //苏丹的猜忌
                            "is":2000700, //启发了智力的仆人
                            "is":2000853, //险峻小径
                            "is":2000760 //丰产的祝福
                        },
                    },
                    "open_adsorb":0,
                    "is_key":0,
                    "is_empty":1,
                    "is_enemy":0,
                    "text":"可以尝试置入道具或地点，也许会有些用处\n被找到的绿洲:金币+1\n繁荣的城市：金币+1\n中国：无意义重复剧情\n空置的房间：开房屋出租事件\n险峻小径：金币+2 使用7次会触发事件没收此卡牌，获得苏丹的猜忌 \n丰产的祝福：金币+15\n苏丹的猜忌：移除猜忌 妻子的不满 善名-1 侠名-1 灵视+1 停业7天\n昂贵的香料：金骰子+1\n逐渐启智的仆人：金币+1"
                }
        }
    } 