{
    "id": 5000713,
    "name": "靠不住的盟友",
    "text": "显然，在奈布哈尼的想象中，苏丹的游戏里应该充满了战斗、性爱还有浪漫的故事，但大部分时候你都在家里默默计算剩余的金币……这显然无法满足他骚动的内心，于是，没过多久，他就重新回到了往日的浪荡生活之中。也许在他玩腻了之后，会回来看一眼你的死活。",       
    "tips": "",
    "mapping_id":8001180, 
    "once_new":1,
    "round_number": 1,
    "waiting_round":0,
    "waiting_round_end_action":[
    ],
    "method_settlement": "",
    "auto_begin": 1,
    "auto_result":1,
    "location": "上城区:[1,6]", 
    "icon": "rite_12",  
    "tag_tips": [
    ],
    "tag_tips_up":{
    },
    "tips_text":[
        "他到处玩耍，每周会回来看你一次",
        "只有请魅力大于等于5的女性才能唤回他……或者一瓶烈酒，或者……苏丹卡？",
		"除了杀戮之外，其他苏丹卡未必当场折断。"
    ],
    "open_conditions": [
    ],
    "random_text": {        
    },
    "random_text_up":{
    },
    "random_effect": {          
    },
    "settlement_prior": [
        {
            "condition": {
                "s3.纵欲":1, //放置了纵欲卡
                "counter.7000277<":1, //还没纵欲过
                "counter.7000471>=":1  //欢愉之馆已关闭
            },
			"result_title":"你给他看了一张纵欲卡",
            "result_text": "欢愉之馆关闭了，没法去纵欲了",
            "result": 
            {
                "counter+7000051":1 //正常计数奈布哈尼玩耍天数
            },
            "action": {
                "event_on":5300211 //启动不可靠的盟友
            }
        },
        {
            "condition": {
                "s3.纵欲":1, //放置了纵欲卡
                "counter.7000277<":1, //还没纵欲过
                "counter.7000471<":1  //欢愉之馆未关闭
            },
			"result_title":"你给他看了一张纵欲卡",
            "result_text": "奈布哈尼兴致勃勃地回到你的庭院。\n他神秘兮兮地向你眨眨眼：“你也听说欢愉之馆最近在玩一种新花样吗？我们一起去吧，记得认真打扮一下，别丢了男人们的面子。”\n你满腹狐疑：从来都只听说欢愉之女们浓妆艳抹、争奇斗艳地迎接客人，还是第一次听说客人需要精心打扮。但你依然镇定地点头，表示你正是此意。",
            "result": 
            {
                "clean.s3":1, //折断苏丹卡
                "counter+7000277":1  //纵欲卡使用计数器加一
            },
            "action": {
                "event_on":5300537 //开启银趴提示选项
                //"clean.rite":5001001,  //关闭权力的游戏
                //"table.2000024=上朝":0,  
                //"rite":5001004,  //开启群龙无首 
                //"rite":5000795,  //开启最受欢迎的男人
                //"event_off":5300211 //关闭不可靠的盟友
            }
        },
        {
            "condition": {
                "s3.征服":1, //放置了石征服卡
                "counter.7000323<":1,
                "s3.rare=":1  
            },
			"result_title":"给奈布哈尼看征服卡。",
            "result_text": "奈布哈尼把玩着你带来的这张卡片，发出一连串笑声：“你在为这张卡片发愁？噢，看在朋友的份上，我倒是有一个好主意！”\n他兴高采烈地拿着你的卡片就离开了，看他这副样子，你突然心生疑虑……把征服卡给他看恐怕不是什么好主意吧……",
            "result": 
            {
                "card":2000784, //生成后续敌人进入卡池
                "clean.s3":1, //折断苏丹卡
                "counter+7000323":1 //表明已经用过奢靡卡在这个场景了
            },
            "action": {
                "event_on":5300212  ,//启动不可靠的盟友延迟一回合
                "rite":5000791
            }
        },
        {
            "condition": {
                "s3.征服":1, //放置了铜征服卡
                "counter.7000323<":1,
                "s3.rare=":2  
            },
			"result_title":"给奈布哈尼看征服卡。",
            "result_text": "奈布哈尼把玩着你带来的这张卡片，发出一连串笑声：“你在为这张卡片发愁？噢，看在朋友的份上，我倒是有一个好主意！”\n他兴高采烈地拿着你的卡片就离开了，看他这副样子，你突然心生疑虑……把征服卡给他看恐怕不是什么好主意吧……",
            "result": 
            {
                "card":2000785, //生成后续敌人进入卡池
                "clean.s3":1, //折断苏丹卡
                "counter+7000323":1 //表明已经用过征服卡在这个场景了
            },
            "action": {
                "event_on":5300212  ,//启动不可靠的盟友延迟一回合
                "rite":5000792
            }
        },
        {
            "condition": {
                "s3.征服":1, //放置了银征服卡
                "counter.7000323<":1,
                "s3.rare>=":3  
            },
			"result_title":"给奈布哈尼看征服卡。",
            "result_text": "奈布哈尼把玩着你带来的这张卡片，发出一连串笑声：“你在为这张卡片发愁？噢，看在朋友的份上，我倒是有一个好主意！”\n他兴高采烈地拿着你的卡片就离开了，看他这副样子，你突然心生疑虑……把征服卡给他看恐怕不是什么好主意吧……",
            "result": 
            {
                "card":2000786, //生成后续敌人进入卡池
                "card":2000787, //生成后续敌人进入卡池
                "clean.s3":1, //折断苏丹卡
                "counter+7000323":1 //表明已经用过征服卡在这个场景了
            },
            "action": {
                "delay":{
                    "id":5007131,
                    "round": 2,
                    "event_on":5300212  //启动不可靠的盟友延迟2+1回合
                },
                "rite":5000793
            }
        },
        {
            "condition": {
                "s3.奢靡":1, //放置了奢靡卡
                "counter.7000159<":1, //奢靡卡未使用
                "counter.7000464>=":1  //奴隶市场燃烧了
            },
			"result_title":"时不我待",
            "result_text": "奈布哈尼看着你拿出的卡片，遗憾地耸耸肩，“我确实知道一个奢靡的好去处，但很不巧，前段时间一把火烧光了那里的一切。”",
            "result": 
            {
                "counter+7000051":1 //正常计数奈布哈尼玩耍天数
            },
            "action": {
                "event_on":5300211 //启动不可靠的盟友
            }
        },
        {
            "condition": {
                "s3.奢靡":1, //放置了奢靡卡
                "counter.7000159>=":1, //奢靡卡已使用
                "counter.7000464>=":1  //奴隶市场燃烧了
            },
			"result_title":"还好去得早",
            "result_text": "看到你拿出的卡牌，奈布哈尼突然想到了什么：“你知道吗，我们上次去的奴隶市场，被一把火烧了个精光。”",
            "result": 
            {
                "counter+7000051":1 //正常计数奈布哈尼玩耍天数
            },
            "action": {
                "event_on":5300211 //启动不可靠的盟友
            }
        },
        {
            "condition": {
                "s3.奢靡":1, //放置了奢靡卡
                "counter.7000159<":1, //奢靡卡未使用
                "counter.7000464<":1  //奴隶市场未燃烧
            },
			"result_title":"[player.name]，我们走~！",
            "result_text": "你给他看了一张奢靡卡，奈布哈尼高兴地回来找你。他冲你眨眨眼，“太好了，让我们一起去玩点不一样的！”",
            "result": 
            {
                "counter+7000159":1 //表明已经用过奢靡卡在这个场景了
            },
            "action": {
                "event_on":5300212, //启动不可靠的盟友
                "event_on":5300273  //开启肉体展览
            }
        },
        {
            "condition": {
                "s3.杀戮":1, //放置了杀戮卡
                "s2.女性":1 //请女性去
            },
			"result_title":"让你玩个够",
            "result_text": "你让[s2.name]呼唤奈布哈尼回来帮忙，当然，她们都不知道你已经为这位花花公子准备好了一把匕首……眼睛里只有美人与玩乐的奈布哈尼，终于回头看了你，充满怜悯，毫无仇恨，仿佛还要安慰你什么，但终究是被血堵住了喉咙。",
            "result": 
            {
                "clean.s1":1, //移除奈布哈尼
                "clean.s3":1 //移除杀戮卡
            },
            "action": {
                "event_off":5300211 //关闭不可靠的盟友
            }
        },
        {
            "condition": {
                "s3.杀戮":1, //放置了杀戮卡
                "any":{
                    "!s2":1, //没有请女性去
                    "s2.is":2000383 //或者放了酒
                }
            },
			"result_title":"忍无可忍",
            "result_text": "虽然你们之前并无龃龉，但你实在难以忍受他这种戏耍的态度……那么，就用决斗来见证双方的决心吧。",
            "result": 
            {
                
            },
            "action": {
                "event_off":5300211, //关闭不可靠的盟友
                "rite":5000782 //开启决裂
            }
        }
    ],                
    "settlement": [
        {
            "condition": {
                "s2.is":2000055, //让娜依拉去找她
                "!s2.已获放浪之欢":1
            },
            "result_title":"奈布哈尼脚步虚浮地回来了",
            "result_text": "你关切地想要发问，他却摆摆手，长叹了口气，什么也没说。\n没过多久，娜依拉也来找你了。她兴致很高，微笑着、毫不客气地摘走了你桌上最晶莹水润的一串葡萄：“我一直想不通，奈布哈尼差不多吃遍了王都所有眉眼周全的女人，却一直到现在才跟我上床。”娜依拉冲你抱怨着，而后，她又甜笑着，捧起了你的脸，“还好有亲爱的[player.name]帮忙，我终于也吃到他了，哦，他很可口呢！不但那个……嗯……而且很体贴，他的舌头，那可真是帝国之宝！”",
            "result": 
            {
                "s2+已获放浪之欢":1,
                "card":2000039 //青铜洞察情报
            },
            "action": {
                "event_on":5300212 //启动不可靠的盟友延迟一回合
                
            }
        },
        {
            "condition": {
                "!s2":1,
                "s3.奢靡":1, //放置了奢靡卡
                "counter.7000159>=":1 //已经奢靡过的
            },
			"result_title":"已经玩过啦~",
            "result_text": "你没能想出什么能把奈布哈尼唤回来的新鲜花样。",
            "result": 
            {
                "counter+7000051":1 //正常计数奈布哈尼玩耍天数
            },
            "action": {
                "event_on":5300211 //启动不可靠的盟友
            }
        },
        {
            "condition": {
                "!s2":1,
                "s3.纵欲":1, //放置了纵欲卡
                "counter.7000277>=":1 //已经纵欲过的
            },
			"result_title":"今天不行~",
            "result_text": "你没想出什么能把奈布哈尼唤回来的纵欲新点子。",
            "result": 
            {
                "counter+7000051":1 //正常计数奈布哈尼玩耍天数
            },
            "action": {
                "event_on":5300211 //启动不可靠的盟友
            }
        },
        {
            "condition": {
                "!s2":1,
                "s3.征服":1, //放置了征服卡
                "counter.7000323>=":1 //已经征服过的
            },
			"result_title":"已经踢过馆啦~",
            "result_text": "显然，奈布哈尼对“征服”早已失去了兴致。",
            "result": 
            {
                "counter+7000051":1 //正常计数奈布哈尼玩耍天数
            },
            "action": {
                "event_on":5300211 //启动不可靠的盟友
            }
        },
        {
            "condition": {
                "!s2":1, //没有去找他
                "counter.7000051<":7 //玩的次数小于7次
            },
            "result_title":"",
            "result_text": "在你努力求生的时候，奈布哈尼四处玩耍。",
            "result": 
            {
                "counter+7000051":1
            },
            "action": {
                "event_on":5300211 //启动不可靠的盟友
            }
        },
        {
            "condition": {
                "!s2":1, //没有去找他
                "counter.7000051=":7 //玩的次数等于7次
            },
            "result_title":"",
            "result_text": "奈布哈尼叫人给你留了个字条，让你准备优质的葡萄酒，他明天要回来。",
            "result": 
            {
                "counter=7000051":0 //清空玩的次数计数
            },
            "action": {
                "event_on":5300212 //启动不可靠的盟友延迟一回合
            }
        },
        {
            "condition": {
                "s2":1 //让人去找他
            },
            "result_title":"",
            "result_text": "只有美人或烈酒才能使唤奈布哈尼，但也就一小会儿。",
            "result": 
            {
                
            },
            "action": {
                "event_on":5300212 //启动不可靠的盟友延迟一回合
            }
        },
       
    ],                
    "settlement_extre": [
        {
            "condition": {
                "!s3":1, //无苏丹卡分支
                "s2":1, //让人去找他
                "s2.type":"char", //s2是人
                "counter.7000273<":1  //无苏丹卡分支未触发过
            },
            "result_title":"",
            "result_text": "你派人在欢愉之馆找到奈布哈尼时，这里正好爆发了一场争斗。\n一位寻欢客等了两壶茶的时间，还没见到他指名的姑娘来见他；而当他站起身、掀开纱帘，到内室里去寻找时，却发现几乎所有的欢愉之女都正围着奈布哈尼……被冷落的男人暴怒起来，要求被偏爱的男人跟他决斗，双方都来到了欢愉之馆门口的空地上。\n你和[s2.name]出现以后，相熟的欢愉之女赶紧跑过来，恳求你这个权臣调解一下这场决斗……任何一位恩客在欢愉之馆送命，都会给这里的所有人惹来大麻烦。",
            "result": 
            {
                "counter+7000273":1 //无苏丹卡分支计数器增加
            },
            "action": {
                "event_off":5300211, //关闭不可靠的盟友自检
                "event_off":5300212, //关闭不可靠的盟友自检
                "event_off":5300219, //关闭不可靠的盟友自检
                "event_on":5300272 //启动被偏爱的与被冷落的
            }
        }
    ],
    "cards_slot":
    {
        "s1":
        {
            "condition":
            {
                "is": 2000064               
            },
            "open_adsorb":1,
            "is_key":0,
            "is_empty":0,
            "is_enemy":0,
            "text":"奈布哈尼在外潇洒"
        },
        "s2":
        {
            "condition":
            {
                "any":{
                    "all":{
                        "type":"char",
                        "女性":1,
                        "魅力>=":5
                    },
                    "all":{
                        "type":"item",
                        "is":2000383  //烈焰之酒
                    }  
                }
            },
            "open_adsorb":0,
            "is_key":0,
            "is_empty":1,
            "is_enemy":0,
            "text":"得找一个魅力足够高的女性去找他……或者一瓶烈酒\n娜依拉：已获放浪之欢+1 铜洞察\n魅力>=5女随从：奈布哈尼归队\n没派人：闲逛7天后回归"
        },
        "s3":
        {
            "condition":
            {
                "type":"sudan",
                "f:rare-s1.rare<=":0
            },
            "open_adsorb":0,
            "is_key":0,
            "is_empty":1,
            "is_enemy":0,
            "text":"苏丹卡能为他带来一些新的刺激吗？\n纵欲卡：开启银趴仪式\n不是金色的征服卡：开启对应品质征服仪式\n奢靡卡：开启奢靡仪式\n杀戮卡：放入魅力5女性，奈布哈尼死亡。放入酒或没放女性，开启决裂仪式。"
        }
    }
} 