 {
        "id": 5000611,
        "name": "武术指导",
        "text": "你决定给扎齐伊找一位经验丰富的高手指点武艺，或者，你打算亲自上阵？",       
        "tips": "",
        "mapping_id":8001252,
        "once_new":0,
        "round_number": 1,
        "waiting_round":0, 
        "waiting_round_end_action":[ //仪式没有处理，自动关闭后
        ],
        "method_settlement": "",
        "auto_begin": 0, 
        "auto_result": 0, //自动执行
        "location": "上城区:[7,12]", 
        "icon": "rite_15",  
        "tag_tips": [
            "体魄"
        ],
        "tag_tips_up":{
            "tips":["体魄"],
            "type":"normal_result"
        },
        "tips_text":[
            "扎齐伊和指导的人体魄越高，训练的效果越好。",
            "上阵角色体魄检定>=5点：扎齐伊体魄+3",
            "上阵角色体魄检定>=3点：扎齐伊体魄+2",
            "上阵角色体魄检定<3点：扎齐伊体魄+1"
        ],
        "open_conditions": [  
        ],
        "random_text": {
            "r1":"你们在演武场训练"
        },
        "random_text_up":{
            "r1":{
                "text":"你们在演武场训练",
                "type":"normal_result",
                "type_tips":"你的体魄为你提供了完整的骰子数量。",
                "low_target": 3,
                "low_target_tips": "你至少需要3点成功。"
            }
        },
        "random_effect": {          
        },
        "settlement_prior": [
        ],                
        "settlement": [
            {
                "condition": {
                    "r1:体魄>=":[5,5]
                },
                "result_title":"训练非常成功！",
                "result_text": "你们发现，这位年轻人潜力非凡……",
                "result": 
                { 
                    "s1+体魄":3
                },
                "action": {
                    "clean.rite":5000612,
                    "clean.rite":5000613,
                    "event_on":5300109 //激活下一轮请求
                }
            },
            {
                "condition": {
                    "r1:体魄>=":[3,5]
                },
                "result_title":"训练比较成功",
                "result_text": "他以后会是一个很好的斗士！",
                "result": 
                { 
                    "s1+体魄":2
                },
                "action": {
                    "clean.rite":5000612,
                    "clean.rite":5000613,
                    "event_on":5300109 //激活下一轮请求
                }
            },
            {
                "condition": {
                    "r1:体魄<":[3,5]
                },
                "result_title":"训练的效果很一般",
                "result_text": "他并不以蛮力见长，但他咬牙坚持，完成了所有的练习。",
                "result": 
                { 
                    "s1+体魄":1
                },
                "action": {
                    "clean.rite":5000612,
                    "clean.rite":5000613,
                    "event_on":5300109 //激活下一轮请求
                }
            }
        ],                
        "settlement_extre": [

        ],
        "cards_slot":
        {
            "s1":
            {
                "condition":
                {
                    "is":2000063      
                },
                "open_adsorb":0,
                "is_key":0,
                "is_empty":0,
                "is_enemy":0,
                "text":"扎齐伊"
            },
            "s2":
            {
                "condition":
                {
                    "type":"char",
                    "!is":2000063      
                },
                "open_adsorb":0,
                "is_key":0,
                "is_empty":0,
                "is_enemy":0,
                "text":"你可以亲自，或者拜托任意追随者训练他"
            },
            "s3":
            {
                "condition":
                {
                    "type":"item",
                    "cost.消耗品=":1,
                        "!金币":1      
                },
                "open_adsorb":0,
                "is_key":0,
                "is_empty":1,
                "is_enemy":0,
                "text":"协助训练的消耗品"
            }
        }
    } 