{
        "id": 5000107,
        "name": "讽刺诗",
        "text": "你要讽刺谁？",       
        "tips": "",
        "mapping_id":8001212,
        "once_new":0,
        "round_number": 1,
        "waiting_round":3,
        "waiting_round_end_action":[
        ],
        "method_settlement": "",
        "auto_begin": 0,
        "auto_result":0,
        "location": "自宅:[2,12]", 
        "icon": "rite_12", 
        "tag_tips": [
        ],
        "tag_tips_up":{
            "tips":["隐匿","灵感"],
            "type":"normal_result"
        },
        "tips_text":[
            "开始后将检定隐匿和灵感，根据最终检定结果产出不同品质的诗歌。",
            "如果置入特殊的物品则可以跳过检定。",
            "不论结果如何，结束后诗人的灵感都会归零。",
            "10点成功：金诗",
            "7点成功：银诗",
            "4点成功：铜诗",
            "1点成功：石诗"
        ],
        "open_conditions": [
        ],
        "random_text":{
        },
        "random_text_up":{
            "r1":{
                "text":"这次诗人会有什么新的想法？他又会带给你什么惊喜？",
                "type":"normal_result",
                "type_tips":"你的隐匿和灵感为你提供了完整的骰子数量。",
                "low_target": 1,
                "low_target_tips": "你至少需要1点成功才能设计出新的诗歌。"
            }
        },
        "settlement_prior": [
        ],                
        "settlement": [
            {
                "condition":
                {
                    "r1:隐匿+灵感>=":[10,5]
                },
                "result_title":"",
                "result_text": "啊，原来这就是讽刺诗！",
                "result": 
                {   
                    "loot":[6000071,6000073],
                    "s1=灵感":0                       
                },
                "action":
                {
                }
            },
            {
                "condition":
                {
                    "r1:隐匿+灵感>=":[7,5]
                },
                "result_title":"",
                "result_text": "啊，原来这就是讽刺诗！",
                "result": 
                {   
                    "loot":[6000074,6000076],
                    "s1=灵感":0                       
                },
                "action":
                {
                }
            },
            {
                "condition":
                {
                    "r1:隐匿+灵感>=":[4,5]
                },
                "result_title":"",
                "result_text": "啊，原来这就是讽刺诗！",
                "result": 
                {   
                    "card":2000480,
                    "s1=灵感":0                       
                },
                "action":
                {
                }
            },
            {
                "condition":
                {
                    "r1:隐匿+灵感>=":[1,5]
                },
                "result_title":"",
                "result_text": "啊，原来这就是讽刺诗！",
                "result": 
                {   
                    "card":2000479,
                    "s1=灵感":0                       
                },
                "action":
                {
                }
            },
            {
                "condition":
                {
                    "r1:隐匿+灵感<":[1,5]
                },
                "result_title":"",
                "result_text": "一无所获，下次再接再厉",
                "result": 
                {    
                    "s1=灵感":0                 
                },
                "action":
                {
                }
            }
        ],                
        "settlement_extre": [        
        ],
        "cards_slot":
        {
            "s1":
            {
                "condition":
                {   
                    "type":"char",
                    "is":2000460 //诗人
                },
                "open_adsorb":1,
                "is_key":0,
                "is_empty":0,
                "is_enemy":0,
                "text":"诗人"
            },
            "s2":
            {
                "condition":
                {   
                    "type":"item",
                    "cost.消耗品=":1,
                    "!金币":1
                },
                "open_adsorb":0,
                "is_key":0,
                "is_empty":0,
                "is_enemy":0,
                "text":"情报"
            },
            "s3":
            {
                "condition":
                {   
                    "type":"item",
                    "cost.消耗品=":1,
                    "!金币":1
                },
                "open_adsorb":0,
                "is_key":0,
                "is_empty":0,
                "is_enemy":0,
                "text":"情报"
            },
            "s4":
            {
                "condition":
                {   
                    "type":"item",
                    "cost.消耗品=":1,
                    "!金币":1
                },
                "open_adsorb":0,
                "is_key":0,
                "is_empty":0,
                "is_enemy":0,
                "text":"情报"
            },
            "s5":
            {
                "condition":
                {   
                    "type":"item"
                },
                "open_adsorb":0,
                "is_key":0,
                "is_empty":1,
                "is_enemy":0,
                "text":"特殊道具"
            }
        }
    }