 {
        "id": 5000620,
        "name": "最后的解惑",
        "text": "你们来到了监狱，让他看看愚蠢之人的下场。",       
        "tips": "",
        "mapping_id":8001241,
        "once_new":0,
        "round_number": 1,
        "waiting_round":0, 
        "waiting_round_end_action":[ //仪式没有处理，自动关闭后
        ],
        "method_settlement": "",
        "auto_begin": 0, 
        "auto_result": 0, //自动执行
        "location":  "宫廷:[2,6]", 
        "icon": "rite_16",  
        "tag_tips": [
        ],
        "tag_tips_up":{
        },
        "tips_text":[
            "扎齐伊：智慧+3",
            "扎齐伊被带坏+1"
        ],
        "open_conditions": [  
        ],
        "random_text": {
        },
        "random_text_up":{
        },
        "random_effect": {          
        },
        "settlement_prior": [
        ],                
        "settlement": [
            {
                "condition": {
                },
                "result_title":"",
                "result_text": "这里的气味和环境令年轻人印象深刻，他以后一定会尽力避免落入此等境地。",
                "result": 
                { 
                    "s1+智慧":3,
                    "counter+7000041":1  //带坏他的计数
                    
                },
                "action": {
                    "clean.rite":5000619,
                    "clean.rite":5000621,
                    "rite":5000623, // 激活年轻望族的仰慕
                    "event_on":5300111 //激活下一轮请求
                }
            }
        ],                
        "settlement_extre": [

        ],
        "cards_slot":
        {
            "s1":
            {
                "condition":
                {
                    "is":2000063      
                },
                "open_adsorb":0,
                "is_key":0,
                "is_empty":0,
                "is_enemy":0,
                "text":"扎齐伊"
            },
            "s2":
            {
                "condition":
                {
                    "type":"char",
                    "!is":2000063      
                },
                "open_adsorb":0,
                "is_key":0,
                "is_empty":0,
                "is_enemy":0,
                "text":"找个人指点他"
            }
        }
    } 