 {
        "id": 5000622,
        "name": "未亡人的造访",
        "text": "法图娜女士听说自己儿子的变化都是你导致的，于是登门拜访……",       
        "tips": "",
        "mapping_id":8001077,
        "once_new":0,
        "round_number": 1,
        "waiting_round":0, 
        "waiting_round_end_action":[ //仪式没有处理，自动关闭后
        ],
        "method_settlement": "",
        "auto_begin": 0, 
        "auto_result": 0, //自动执行
        "location": "自宅:[2,12]", 
        "icon": "rite_16",  
        "tag_tips": [
        ],
        "tag_tips_up":{
        },
        "tips_text":[
            "根据你前面对扎齐伊的训练，寡妇会有不同的反应",
            "被带坏>=6：反对+3 恶名+1 激情-1",
            "被带坏>=3：金币+5",
            "被带坏>=3且扎齐伊受伤：金币+5 反对+1 激情-1",
            "被带坏<3：5金币 寡妇的友谊仪式"
        ],
        "open_conditions": [  
        ],
        "random_text": { 
        },
        "random_text_up":{
        },
        "random_effect": {          
        },
        "settlement_prior": [
        ],                
        "settlement": [
            {
                "condition": {
                    "counter.7000041>=":6 //被完全带坏
                },
                "result_title":"你把孩子带坏了",
                "result_text": "孩子就是她的一切，而你让他变得与母亲离心离德。法图娜到现在才看出了你混乱，邪恶的本质，并且宣布与你势不两立。\n 虽然她四处说你的坏话，但这件事在贵族圈子里倒也成为了一桩笑谈。",
                "result": 
                { 
                    "s1=支持":0,
                    "s1+反对":3,
                    "counter+7100002": 1, //恶名+1
                    "s1-激情":1
                },
                "action": {
                }
            },
            {
                "condition": {
                    "!have.2000063.受伤":1,
                    "counter.7000041>=":3 //带坏了一点
                },
                "result_title":"成长总有代价",
                "result_text": "从理智上，她知道你所做的，对孩子都是好事，但在情感上，她不希望你再纠缠她的儿子了。",
                "result": 
                { 
                    "coin":5
                },
                "action": {
                }
            },
            {
                "condition": {
                    "have.2000063.受伤":1,
                    "counter.7000041>=":3 //带坏了一点
                },
                "result_title":"成长总有代价",
                "result_text": "从理智上，她知道你所做的，对孩子都是好事，但在情感上，她不希望你再纠缠她的儿子了。",
                "result": 
                { 
                    "coin":5,
                    "s1=支持":0,
                    "s1+反对":1,
                    "s1-激情":1
                },
                "action": {
                }
            },
            {
                "condition": {
                    "counter.7000041<":3 //完全没带坏，教得特别好
                },
                "result_title":"她觉得您是良师益友",
                "result_text": "妇人的一切希望都寄托在这个儿子身上，现在，她彻底放心了，有你在身边，家族一定有一个光明的未来。她决定把命运赌在你身上。",
                "result": 
                { 
                    "coin":5,
                    "global_counter=7200156":1 //成就
                },
                "action": {
                    "rite":5000624 //激活寡妇的友谊
                }
            }
        ],                
        "settlement_extre": [
        ],
        "cards_slot":
        {
            "s1":
            {
                "condition":
                {
                    "is":2000062      
                },
                "open_adsorb":1,
                "is_key":0,
                "is_empty":0,
                "is_enemy":0,
                "text":"寡妇"
            },
            "s2":
            {
                "condition":
                {
                    "type":"char",
                    "主角":1  
                },
                "open_adsorb":0,
                "is_key":0,
                "is_empty":0,
                "is_enemy":0,
                "text":"主角"
            }
        }
    } 