 {
        "id": 5000617,
        "name": "社交教习",
        "text": "今天，就要带他进入成人的世界……欢愉之馆会教会年轻人一切。",       
        "tips": "",
        "mapping_id":8001186,
        "once_new":0,
        "round_number": 1,
        "waiting_round":0, 
        "waiting_round_end_action":[ //仪式没有处理，自动关闭后
        ],
        "method_settlement": "",
        "auto_begin": 0, 
        "auto_result": 0, //自动执行
        "location": "商业区:[10,19]", 
        "icon": "rite_8",  
        "tag_tips": [
            "社交",
            "魅力"
        ],
        "tag_tips_up":{
            "tips":["社交","魅力"],
            "type":"normal_result"
        },
        "tips_text":[
            "扎齐伊和指导的人社交和魅力越高，训练的效果越好。",
            "上阵角色社交魅力检定>=5点：扎齐伊社交+2 魅力+3",
            "上阵角色社交魅力检定>=3点：扎齐伊社交+2 魅力+2",
            "上阵角色社交魅力检定<3点：扎齐伊社交+1 魅力+1",
            "扎齐伊被带坏+3"
        ],
        "open_conditions": [  
        ],
        "random_text": {
            "r1":"你们跑到欢愉之馆里去了" 
        },
        "random_text_up":{
            "r1":{
                "text":"你们跑到欢愉之馆里去了",
                "type":"normal_result",
                "type_tips":"你的社交和魅力为你提供了完整的骰子数量。",
                "low_target": 3,
                "low_target_tips": "你至少需要3点成功。"
            }
        },
        "random_effect": {          
        },
        "settlement_prior": [
        ],                
        "settlement": [
            {
                "condition": {
                    "r1:社交+魅力>=":[5,5]
                },
                "result_title":"此子天赋异禀，前途不可限量",
                "result_text": "现在，他知道了自己在这方面远优于常人，而且这绝对不是妓女们的客套话……\n 心怀这份自信的青年，未来往往会一帆风顺。",
                "result": 
                { 
                    "s1+社交":2,
                    "s1+魅力":3,
                    "counter+7000041":3
                },
                "action": {
                    "clean.rite":5000615,
                    "clean.rite":5000616,
                    "event_on":5300110 //激活下一轮请求
                }
            }, 
            {
                "condition": {
                    "r1:社交+魅力>=":[3,5]
                },
                "result_title":"他是大人了",
                "result_text": "他在朱娜身上折腾了一个白天，又花了一个晚上和她聊天，现在他稍微知道了一点成年人的世界，不论好的，还是坏的。",
                "result": 
                { 
                    "s1+社交":2,
                    "s1+魅力":2,
                    "counter+7000041":3
                },
                "action": {
                    "clean.rite":5000615,
                    "clean.rite":5000616,
                    "event_on":5300110 //激活下一轮请求
                }
            },            
            {
                "condition": {
                    "r1:社交+魅力<":[3,5]
                },
                "result_title":"第一次并不总是那么美好",
                "result_text": "游戏还没开始，他就结束了。还好朱娜对此有丰富的经验……\n 在温柔的安慰与拥抱后，他第二次表现得好了很多，也知道了男人的幻想与现实总是有很大差异，以及一个好女人是多么的重要。",
                "result": 
                { 
                    "s1+社交":1,
                    "s1+魅力":1,
                    "counter+7000041":3
                },
                "action": {
                    "clean.rite":5000615,
                    "clean.rite":5000616,
                    "event_on":5300110 //激活下一轮请求
                }
            }
        ],                
        "settlement_extre": [

        ],
        "cards_slot":
        {
            "s1":
            {
                "condition":
                {
                    "is":2000063      
                },
                "open_adsorb":0,
                "is_key":0,
                "is_empty":0,
                "is_enemy":0,
                "text":"扎齐伊"
            },
            "s2":
            {
                "condition":
                {
                    "type":"char",
                    "!is":2000063      
                },
                "open_adsorb":0,
                "is_key":0,
                "is_empty":0,
                "is_enemy":0,
                "text":"你可以亲自，或者派遣任意追随者指导他"
            },
            "s3":
            {
                "condition":
                {
                    "type":"item",
                    "cost.消耗品=":1,
                        "!金币":1      
                },
                "open_adsorb":0,
                "is_key":0,
                "is_empty":1,
                "is_enemy":0,
                "text":"协助训练的消耗品"
            }
        }
    } 