 {
        "id": 5000734,
        "name": "长期研究",
        "text": "经过两个项目的合作，玛希尔认定你是她最好的伙伴。她希望和你建立起更紧密、长期的关系，和从前一样，你负责投资，她负责研究，快乐就是这么简单。",       
        "tips": "",
        "mapping_id":8001066, 
        "once_new":0,
        "round_number": 7, 
        "waiting_round":1, 
        "waiting_round_end_action":[
        ],
        "method_settlement": "",
        "auto_begin": 0,
        "auto_result":0,
        "location": "上城区:[1,6]", 
        "icon": "rite_19",  
        "tag_tips": [
            "智慧"
        ],
        "tag_tips_up":{
            "tips":["智慧","金币"],
            "type":"normal_result"
        },
        "tips_text":[
            "智慧提供基础，乙太带来成功。",
			"由于你们建立了长期合作关系，苏丹不再允许你借机消耗奢靡卡。",
            "发明有风险，投资需谨慎。",
            "恶名>=10：研究后触发再利用",
            "侠名>=13：研究后男人真正想要的",
            "侠名>=13：男人真正想要的仪式",
            "主角是正教教主：乙太研发后归还乙太",
            "主角不是正教教主：乙太研发后若无乙太，开启偷窃乙太仪式",
            "第3次用乙太进行研发且建立了密教基地：武器附魔图纸"
        ],
        "open_conditions": [ 
        ],
        "random_text": {    
        },
        "random_text_up":{
            "r1":{
                "text":"你给了玛希尔一笔赞助，这一次她又有了什么新点子？她能成功吗？",
                "type":"normal_result",
                "type_tips":"你的智慧和金币为你提供了完整的骰子数量。",
                "low_target": 5,
                "low_target_tips": "你至少需要5点成功才能完成研发。"
            }
        },
        "random_effect": {          
        },
        "settlement_prior": [
        ],                
        "settlement": [
            {
                "condition": {
                    "!s5":1,  //没有乙太
                    //"r1:智慧+金币>=":[5,5] //检定成功
                },
                "result_title":"",
                "result_text": "没有乙太注入，玛希尔的试验果然失败了，不过没关系，她依然把阶段性成果带到了你的面前。她和你分享她的失败，分享她万分努力却未能克服的困难，最后，她还会与你分享同一壶酒，然后千方百计劝说（诱骗）你去帮她弄点乙太过来。",
                "result": 
                {
                    "global_counter+7200175":1, //成就
                    "loot.已拥有+1":[6000040,6000041]//获得失败loot
                },
                "action": {
                    
                }
            },
            {
                "condition": {
                    "s5":1,  //有乙太且成功了
                    "r1:智慧+金币>=":[5,5] //检定成功
                },
                "result_title":"",
                "result_text": "玛希尔兴致勃勃地找上门来，大声告诉你她成功了！她享受成功，享受钻研新事物、克服新难题的乐趣，更享受和你一起努力，和你分享喜悦的这种感觉。",
                "result": 
                {
                    "clean.s5":1,
                    "counter+7000627":1,  //以太研发的次数
                    "global_counter+7200175":1, //成就
                    "loot.已拥有+1":[6000038,6000039]     //获得成功loot
                },
                "action": {
                    
                }
            },
            {
                "condition": {
                    "s5":1,  //有乙太但是失败了
                    "r1:智慧+金币<":[5,5],//检定失败
                },
                "result_title":"",
                "result_text": "玛希尔失败了，不过没关系，她依然把阶段性成果带到了你的面前。她和你分享她的失败，分享她万分努力却未能克服的困难，最后，她还会与你分享同一壶酒，因为你是她最信赖的伙伴。",
                "result": 
                {
                    "clean.s5":1,
                    "counter+7000627":1,  //以太研发的次数
                    "global_counter+7200175":1, //成就
                    "loot.已拥有+1":[6000040,6000041]//获得失败loot
                },
                "action": {
                    
                }
            }
        ],                
        "settlement_extre": [
            {
                "condition": {
                    "s4.is":2001024  //如果放入圣主像
                },
                "result_title":"这个好",
                "result_text": "你还没来得及阻止，玛希尔就已经动手把其中蕴藏的魔力引导了出来，这尊古老的圣主像化为碎沙，再也拼凑不回原来的样子。",
                "result": 
                {
                    "clean.s4":1,  //圣主像没了
                    "counter+7000530":1,  //表明圣像被消耗掉了的计数器
                    "card":2000986,
                    "card":2000986,
                    "card":2000986 //三份乙太    
                },
                "action": {
                    
                }
            },
            {
                "condition": {
                    "any":{
                        "all":{
                            "counter.7000148<":1, //本体没有触发过
                            "counter.7100002>=":10 //恶名大于10
                        },
                        "all":{
                            "counter.7000149<":1, //本体没有触发过
                            "counter.7100004>=":13 //侠名名大于13
                        }    
                    }
                },
                "result_title":"灵光一现",
                "result_text": "玛希尔好像又有了什么奇怪的新点子。",
                "result": 
                {
                    
                },
                "action": {
                    "loot":6001005
                }
            },
            {
                "condition": {
                    "counter.7000612<":1,
                    "table_have.正教的乙太<":1,  //如果乙太已经被偷光了
                    "have.教领":1  //如果玩家是教领          
                },
                "result_title":"天塌了",
                "result_text": "纯净者储存的乙太消耗一空，接下来的研究该何去何从。",
                "result": 
                {
                    "counter+7000612":1
                },
                "action": {
                    
                }
            },
            {
                "condition": {
                    "counter.7000612<":1,
                    "table_have.正教的乙太>=":1,  //如果乙太还有
                    "have.教领":1  //如果玩家是教领          
                },
                "result_title":"我是教领我说了算",
                "result_text": "你告诉玛希尔以后乙太都不用偷摸去拿了，那个宝库可以完全向她敞开。玛希尔从没有如此崇拜你，她快乐的样子就像老鼠掉进了米缸。",
                "result": 
                {
                    "counter+7000612":1
                },
                "action": {
                    
                }
            },
            {
                "condition": {
                    "counter.7000612<":1,
                    "table_have.正教的乙太>=":1,  //如果乙太还有
                    "!have.教领":1,  //如果玩家不是教领
                    "counter.7000655<":1, //玩家偷窃乙太没有暴露
                    "!rite":5000863  //场上没有偷窃圣血
                },
                "result_title":"去教会整点乙太",
                "result_text": "“走吧！走吧！拜托，这些东西在教会放着不用简直就是浪费啊！”玛希尔一个劲儿说。",
                "result": 
                {
                    //"counter+7000612":1
                },
                "action": {
                    "rite":5000863  //开启偷窃乙太
                }
            },
            {
                "condition": {
                    "s5":1,  //有乙太
                    "counter.7000627=":2,  //第三次用乙太研发
                    "counter.7000628>=":1,  //建立了密教基地
                    "!have.2000490":1  //还没有武器附魔图纸
                },
                "result_title":"大概有点用",
                "result_text": "临走前，玛希尔叫住你，塞了你一张破破烂烂的图纸。",
                "result": 
                {
                   "card":[2000490,"已拥有+1"]   //获得武器附魔图纸
                },
                "action": {
                    
                }
            },
        ],
        "cards_slot":
        {
            "s1":
            {
                "condition":
                {
                    "is":2000352             
                },
                "open_adsorb":1,
                "is_key":0,
                "is_empty":0,
                "is_enemy":0,
                "text":"玛希尔信心满满，灵感爆棚"
            },
            "s2":
            {
                "condition": 
                {
                    "type":"char"
                },
                "open_adsorb":0,
                "is_key":0,
                "is_empty":1,
                "is_enemy":0,
                "text":"你可以亲自，或派遣追随者协助玛希尔"
            },
            "s3":
            {
                "condition": 
                {
                    "type":"item",
                    "cost.金币":[5,20]
                },
                "open_adsorb":0,
                "is_key":0,
                "is_empty":0,
                "is_enemy":0,
                "text":"玛希尔需要最少5金币作为研发资金。"
            },
            "s4":
                {
                    "condition": 
                    {
                        "any":{
                            "all":{
                                "type":"item",
                                "cost.消耗品=":1,
                                "!金币":1 
                            },
                            "all":{
                                "type":"item",
                                "is":2001024  //如果放入圣主像
                            }
                        }     
                    },
                    "open_adsorb":0,
                    "is_key":0,
                    "is_empty":1,
                    "is_enemy":0,
                    "text":"某些道具在研发中或许有用\n圣主像：销毁圣主像 3份乙太"
                },
            "s5":
                {
                    "condition": 
                    {
                        "type":"item",
                        "is":2000986,  //乙太   
                        "cost.可堆叠=":1  
                    },
                    "open_adsorb":0,
                    "is_key":0,
                    "is_empty":1,
                    "is_enemy":0,
                    "text":"大多数研究都需要乙太支持\n无以太无论检定与否随机出：生命之水，手摇式电锯剑，超臭香水，不稳定的火箭筒，错乱学习机，手摇式长明灯\n有以太检定>=5点成功随机出：生命之水，大炸弹，火焰喷射器，机关马，热气球，螺旋钻地机\n有以太检定<5点成功：和无以太情况奖励一样"
                }
        }
    } 