 {
        "id": 5000129,
        "name": "做好准备",
        "text": "为自己或者追随者穿上装备吧！\n【铜机遇】",       
        "tips": "",
        "mapping_id":8001002,
        "once_new":0,
        "round_number": 0,
        "waiting_round":0,
        "waiting_round_end_action":[
        ],
        "method_settlement": "",
        "auto_begin": 0,
        "auto_result":0,
        "location": "自宅:[2,12]", 
        "icon": "rite_4", 
        "tag_tips": [
        ],
        "tag_tips_up":{
        },
        "tips_text":[
            "将带有【装备】标签的卡牌放置到角色卡牌上可以进行装备"
        ],
        "open_conditions": [
        ],
        "random_text":{
        },
        "random_text_up":{
        },
        "settlement_prior": [
        ],                
        "settlement": [
            {
                "condition":
                {
                },
                "result_title":"",
                "result_text": "装备分为【武器】【饰品】【服装】【动物】4类。\n每种类型的装备一位角色一般只允许装备1件。\n可以在卡牌详情中查看当前角色可以装备的装备类型。\n装备卡牌的属性将会被角色卡牌继承。\n你只能为自己或追随者装备卡牌。\n可以在角色详情对装备进行装备，查看和卸除。",
                "result": 
                {   
                    "card":2000040 //送1个机遇情报                               
                },
                "action":
                {
                }
            }
        ],                
        "settlement_extre": [
        ],
        "cards_slot":
        {
            "s1":
                {
                    "condition": 
                    {
                        "type":"char",
                        "已装备":1,
                        "!is": 2000461 //排除贝姬夫人  
                    },
                    "open_adsorb":0,
                    "is_key":0,
                    "is_empty":0,
                    "is_enemy":1,
                    "text":"穿上装备的角色" 
                }
        }
    } 