 {
        "id": 5000705,
        "name": "妖精森林",
        "text": "在传说中，妖精们美丽又残忍，但又经常有人声称自己从妖精女王那里骗到了宝藏……哲巴尔的笔记上记载了一个赌约，胜利者可以把妖精囚禁起来，为自己服务……你不禁在想，这个赌约如果失败了会得到怎样的惩罚。",       
        "tips": "",
        "mapping_id":8001265,   
        "once_new":0,
        "round_number": 3, //需要3回合
        "waiting_round":2, 
        "waiting_round_end_action":[
        ],
        "method_settlement": "",
        "auto_begin": 0,
        "auto_result":0,
        "location": "野外:[9,14]", 
        "icon": "rite_4",  
        "tag_tips": [
            "隐匿",
            "生存",
            "体魄",
            "战斗",
            "智慧",
            "魅力",
            "社交"
        ],
        "tag_tips_up":{
            "tips":["生存","战斗","智慧","魅力"],
            "type":"normal_result"
        },
        "tips_text":[
            "潜入妖精森林的每个队员都有不同的属性需求",
            "突破入口的陷阱需要隐匿和生存",
            "击败袭来的怪物需要体魄和战斗",
            "和女妖下棋需要智慧",
            "与妖精女王交涉需要魅力和社交",
            "角色1隐匿生存>=1点成功：角色1隐匿+1 生存+1 失败：角色1死亡",
            "角色2体魄战斗+哲巴尔体魄战斗>=1点成功：角色2战斗+1 失败：角色2死亡",
            "角色3智慧>=1点成功：角色3智慧+1 失败：角色装备疯狂",
            "角色4魅力社交>=3点成功：角色4 魅力+1 社交+1 妖精提灯 失败：妖精提灯"
        ],
        "open_conditions": [
               
        ],
        "random_text": {    
            "r1":"突破入口的陷阱。",
            "r2":"击败袭来的怪物。",
            "r3":"和女妖下棋。",
            "r4":"与妖精女王交涉"
        },
        "random_text_up":{
            "r1":{
                "text":"突破入口的陷阱。",
                "type":"normal_result",
                "type_tips":"[s2.name]的隐匿和生存为你提供了完整的骰子数量。",
                "low_target": 1,
                "low_target_tips": "你至少需要1点成功才能突破陷阱。"
            },
            "r2":{
                "text":"击败袭来的怪物。",
                "type":"normal_result",
                "type_tips":"[s1.name]和[s3.name]的体魄和战斗为你提供了完整的骰子数量。",
                "low_target": 1,
                "low_target_tips": "你至少需要1点成功才能脱离危险。"
            },
            "r3":{
                "text":"和妖精的贤者下棋。",
                "type":"normal_result",
                "type_tips":"[s4.name]的智慧为你提供了完整的骰子数量。",
                "low_target": 1,
                "low_target_tips": "你至少需要1点成功才能击败女妖。"
            },
            "r4":{
                "text":"与妖精女王交涉",
                "type":"normal_result",
                "type_tips":"[s5.name]的魅力和社交为你提供了完整的骰子数量。",
                "low_target": 3,
                "low_target_tips": "你至少需要3点成功才能避免事故。"
            }
        },
        "random_effect": {          
        },
        "settlement_prior": [
        ],                
        "settlement": [
            
        ],                
        "settlement_extre": [
            {
                "condition": {
                    "r1:s2.隐匿+s2.生存>=":[1,5]  //向导检定成功
                },
                "result_title":"",
                "result_text": "妖精森林的入口布满了苦荆，如果被它们划伤，就会重温一生中最痛苦的记忆……[s2.name]小心地拨开荆棘，为队伍指引通路……在道路的尽头，开花的枝条突然活动了起来，仿佛要择人而噬，而哲巴尔徒手拉住了它们。\n 逃脱之后，他默默流泪了许久，但并不愿意与冒险队分享自己的回忆。",
                "result": 
                {
                    "s2+隐匿":1,
                    "s2+生存":1
                },
                "action": {      
                    
                }
            },
            {
                "condition": {
                    "r1:s2.隐匿+s2.生存<":[1,5]  //向导检定失败
                },
                "result_title":"",
                "result_text": "妖精森林的入口布满了苦荆，如果被它们划伤，就会重温一生中最痛苦的记忆……[s2.name]小心地拨开荆棘，为队伍指引通路……\n 在道路的尽头，开花的枝条突然活动了起来，绊倒了你们的向导，让他跌入荆棘丛中……直到大家逃到很远之后，还能听见[s2.name]的惨叫声。",
                "result": 
                {
                    "clean.s2": 1 //向导被陷阱吞噬
                },
                "action": {      
                    
                }
            },
            {
                "condition": {
                    "r2:s1.体魄+s1.战斗+s3.体魄+s3.战斗>=":[1,5]  //战士检定成功
                },
                "result_title":"",
                "result_text": "一个蚕豆大的小妖精拦住了冒险队的去路，他要求和你们比赛摔跤，而且一次还要打两个人。哲巴尔与[s3.name]一拥而上，随后就看见妖精对着自己的大拇指开始吹气。\n 很快，他就变成了一个三人高的壮汉，如同玩具一般戏耍着冒险队中最强大的战士。\n 突然，[s3.name]抓住机会，刺中了他鼓囊囊的肚子——仿佛一个漏气的皮球一般，妖精喷射着难闻的味道，被吹向远方，冒险队赶紧抓住机会通过了这个关卡。",
                "result": 
                {
                    "s3+战斗":1
                },
                "action": {      
                    
                }
            },
            {
                "condition": {
                    "r2:s1.体魄+s1.战斗+s3.体魄+s3.战斗<":[1,5]  //战士检定失败
                },
                "result_title":"",
                "result_text": "一个蚕豆大的小妖精拦住了冒险队的去路，他要求和你们比赛摔跤，而且一次还要打两个人。哲巴尔与[s3.name]一拥而上，随后就看见妖精对着自己的大拇指开始吹气。\n 很快，他就变成了一个三人高的壮汉，如同玩具一般击倒了冒险队中最强大的战士。\n 他抓起[s3.name]，张大嘴巴，生吞而下，发出嘎嘎的咀嚼声……\n 就当你们认为自己无法幸免的时候，一把匕首从他的肚皮里刺出来……这是[s3.name]的最后一击。\n 仿佛一个漏气的皮球一般，妖精喷射着难闻的味道，被吹向远方，冒险队赶紧抓住机会通过了这个关卡。",
                "result": 
                {
                    "clean.s3": 1 //战士战死
                },
                "action": {      
                    
                }
            },
            {
                "condition": {
                    "r3:s4.智慧>=":[1,5]  //智者检定成功
                },
                "result_title":"",
                "result_text": "下一道关卡是一盘棋局，妖精的贤者说，赌注是玩家的理智……[s4.name]欣然应战，虽然妖精可以随时修改游戏规则，但他反而利用这些规则之间的矛盾难住了对手。最后，大帽子的妖精贤者头脑发胀，像爆竹一般炸开了。空气中充满了大聪明的味道。",
                "result": 
                {
                    "s4+智慧":1
                },
                "action": {      
                    
                }
            },
            {
                "condition": {
                    "r3:s4.智慧<":[1,5]  //智者检定失败
                },
                "result_title":"",
                "result_text": "下一道关卡是一盘棋局，妖精的贤者说，赌注是玩家的理智……[s4.name]欣然应战，虽然他棋艺精湛，但妖精可以随时修改游戏规则……很快，他就失去了自己的国王，同时，那些扭曲的规则永远地留在了他的脑海之中……当然，无论如何，你们剩下的幸运儿都可以继续前进，只是要注意别让[s4.name]把大便涂在自己身上。",
                "result": 
                {
                    "s4+equip":2000326 //智者疯狂
                },
                "action": {      
                    
                }
            },
            {
                "condition": {
                    "r4:s5.魅力+s5.社交<":[3,5]  //使节交涉失败
                },
                "result_title":"",
                "result_text": "穿过了这重重考验，你们见到了妖精女王，但这里根本没有什么赌约。能否得到女王的赏赐，完全取决于她当天的心情。\n [s5.name]舌灿莲花，夸耀女王的美貌与智慧，但女王似乎更看重哲巴尔的英武样貌……\n 她轻轻招了招手，勇敢的哲巴尔的眼神就被爱慕与服从所占据，他像猎犬一样爬到了女王脚下……作为赏赐，剩下的冒险者得到了一盏关着妖精的提灯。",
                "result": 
                {
                    "clean.s1": 1, //s1留下
                    "card": [2000320,"已拥有+1"],  //获得妖精提灯
                    "clean.s6":1  //冒险书移除
                },
                "action": {      
                    
                }
            },
            {
                "condition": {
                    "r4:s5.魅力+s5.社交>=":[3,5]  //使节交涉成功
                },
                "result_title":"",
                "result_text": "穿过了这重重考验，你们见到了妖精女王，但这里根本没有什么赌约。能否得到女王的赏赐，完全取决于她当天的心情。\n [s5.name]灵机一动，跟女王讲述了苏丹游戏，于是女王格外开恩，给了冒险者一盏关着妖精的提灯，这样女王就能够通过提灯看到后面的故事。",
                "result": 
                {
                    "s5+魅力":1,
                    "s5+社交":1,
                    "card": [2000320,"已拥有+1"],  //获得妖精提灯
                    "clean.s6":1  //冒险书移除
                },
                "action": {      
                    
                }
            }
        ],
        "cards_slot":
        {
            "s1":
            {
                "condition":
                {
                    "is": 2000054 , //将军自己
                    "counter.7000228>=":1  //需要已经完成共猎
                },
                "open_adsorb":1,
                "is_key":0,
                "is_empty":1,
                "is_enemy":0,
                "text":"爱冒险的将军，今次会来吗？"
            },
            "s2":
            {
                "condition":
                {
                    "type":"char",
                    "生存>=":4
                },
                "open_adsorb":0,
                "is_key":0,
                "is_empty":0,
                "is_enemy":0,
                "text":"一个生存属性大于等于4，足以引路之人"
            },
            "s3":
            {
                "condition":
                {
                    "type":"char" ,
                    "战斗>=":4
                },
                "open_adsorb":0,
                "is_key":0,
                "is_empty":0,
                "is_enemy":0,
                "text":"一个战斗属性大于等于4，直面危险之人"
            },
            "s4":
            {
                "condition":
                {
                    "type":"char" ,
                    "智慧>=":4
                },
                "open_adsorb":0,
                "is_key":0,
                "is_empty":0,
                "is_enemy":0,
                "text":"为了应付妖精的诡计，你需要一个智慧属性大于等于4的聪明人"
            },
            "s5":
            {
                "condition":
                {
                    "type":"char"  ,
                    "魅力>=":4
                },
                "open_adsorb":0,
                "is_key":0,
                "is_empty":0,
                "is_enemy":0,
                "text":"对方是妖精女王，你需要一个魅力属性大于等于4的使者"
            },
            "s6":
            {
                "condition":
                {
                    "type":"item",
                    "is": 2000710  //黄沙书    
                },
                "open_adsorb":1,
                "is_key":0,
                "is_empty":0,
                "is_enemy":0,
                "text":"冒险的起点"
            }
        }
    } 