{
    "id": 5000812,
    "name": "芮尔的匪帮",
    "text": "这里是芮尔的大本营，现在对你完全敞开。她手下的人马都在这里，这帮人大多出身低贱，但个个身怀绝技，有不少值得学习的地方。",       
    "tips": "",
    "mapping_id":8001073,
    "once_new":0,
    "round_number": 1, 
    "waiting_round":0,
    "waiting_round_end_action":[
    ],
    "method_settlement": "",
    "auto_begin": 0,
    "auto_result":0,
    "location": "奇珍:11",
    "type":"TREASURE",
    "icon": "rite_5000812",  
    "tag_tips": [
 
    ],
    "tag_tips_up":{
        
    },
    "tips_text":[
        "如果地盘上出了什么事，芮尔会带走她所有的小弟，训练也会中止……当然经费是不会退的，这可是匪帮",
        "追随者无法接受同种训练多次",
        "放入新月：触发剧情 返还训练费",
        "角色无法放入已经训练过的项目",
        "不给钱无事发生"
    ],
    "open_conditions": [
        {
            "condition": {
               "counter.7000465<":1  
            },
            "tips": "匪帮调动中，无法进行训练"
        },
        {
            "condition": {
               "any":{
                    "s7":1,
                    "s8":1,
                    "s9":1,
                    "s10":1,
                    "s11":1,
                    "s12":1
               }
            },
            "tips": "人得过来吧"
        }
    ],
    "random_text": {        
       
    },
    "random_text_up":{
       
    },
    "random_effect": {          
    },
    "settlement_prior": 
    [
        {
            "condition": {
                "!s13":1  //经费没给
            },
            "result_title":"嘴巴淡出鸟",
            "result_text": "你转了三圈才在泥墙底下找到晒太阳的众人，他们懒洋洋地说最近没钱喝酒，干什么都提不起劲来。下次吧，下次一定。",
            "result": 
            {
                
            },
            "action": {
                "rite":5000812  //重启仪式
            }
        }
    ],                
    "settlement": [
 
    ],                
    "settlement_extre": [
        {
            "condition": {
                //"s1":1,  //存在烂泥众
                //"s7.is":2000989, //新月
                "s13":1,  //经费给了
                "any":{
                    "s7.is":2000989,
                    "s8.is":2000989,
                    "s9.is":2000989,
                    "s10.is":2000989,
                    "s11.is":2000989,
                    "s12.is":2000989,
                }
                //条件改为：s7-s12任意一个是新月
            },
            "result_title":"新月来玩了",
            "result_text": "多可爱的小狗啊！\n芮尔的小弟们出去收保护费的时候也要带着它，而且坚决不收你的钱。\n在人来人往的黑街里乱窜，让新月玩得非常开心。",
            "result": 
            {
                "coin":5,
                "counter+7000557":1 //把新月放进过芮尔健身中心+1
            },
            "action": {
                //"rite":5000812  //重启仪式
            }
        },
        {
            "condition": {
                "s1":1,  //存在烂泥众
                "!s7.is":2000989, //排除新月
                "s7":1,  //存在受训者
                "s13":1  //经费给了
            },
            "result_title":"活着最重要",
            "result_text": "第一批聚集到芮尔麾下的人们讲不出什么大道理，他们只是在其他黑帮的压迫下走投无路，奋力一搏而已。他们教了[s7.name]一些生存智慧，并祝福[s7.name]永远用不上这些知识。",
            "result": 
            {
                "s7+生存":1,
                "s7+烂泥训练":1
            },
            "action": {
                //"rite":5000812  //重启仪式
            }
        },
        {
            "condition": {
                "s2":1,  //存在豺狼众
                "s8":1,  //存在受训者
                "s13":1  //经费给了
            },
            "result_title":"扛揍最重要",
            "result_text": "赢的人是我们最会打架的大当家、还是最会说话的二当家？嘿，都不是，而是最扛揍的兄弟我啊！\n豺狼众嬉皮笑脸、得意洋洋地夸耀着，纷纷向[s8.name]分享自己用哪里挨拳头比较不疼的经验。",
            "result": 
            {
                "s8+体魄":1,
                "s8+豺狼训练":1
            },
            "action": {
                //"rite":5000812  //重启仪式
            }
        },
        {
            "condition": {
                "s3":1,  //存在枪姬众
                "s9":1,  //存在受训者
                "s13":1  //经费给了
            },
            "result_title":"我们擅长的，你学不会",
            "result_text": "这些蛮族的女子带着歉意地向你解释，她们能够向祖灵祈求魔力，而这是无法外传的秘法。为了说明这一点，她们详细地向你展示了描绘战妆、举行仪式的步骤，然而，不管你做得多精确，都没能得到那种特殊的赐福……最后你只得放弃，但至少，那些狂野的妆容让[s9.name]平添了几分慑人的魅力。",
            "result": 
            {
                "s9+魅力":1,
                "s9+枪姬训练":1
            },
            "action": {
                //"rite":5000812  //重启仪式
            }
        },
        {
            "condition": {
                "s4":1,  //存在刀风众
                "s10":1,  //存在受训者
                "s13":1  //经费给了
            },
            "result_title":"如果当时我有一匹马……",
            "result_text": "这些被芮尔解救的游牧民因为无处可去，干脆留在她的营地里。她们将骑术倾囊相授，令[s10.name]获益颇多。",
            "result": 
            {
                //"s10+战斗":1,
                "s10+刀风训练":1,
                "s10+equip_slot":"animal_handling"
            },
            "action": {
                //"rite":5000812  //重启仪式
            }
        },
        {
            "condition": {
                "s5":1,  //存在猎魂众
                "s11":1,  //存在受训者
                "s13":1  //经费给了
            },
            "result_title":"来打一架！",
            "result_text": "这些被芮尔解救的蛮人一提起打架就兴奋得不行，喂，提前说清楚，这只是切磋，就算打败了[s11.name]也不可以吃掉[s11.gender]的肝哈！",
            "result": 
            {
                "s11+战斗":1,
                "s11+猎魂训练":1
            },
            "action": {
                //"rite":5000812  //重启仪式
            }
        },
        {
            "condition": {
                "s6":1,  //存在碎纸众
                "s12":1,  //存在受训者
                "s13":1  //经费给了
            },
            "result_title":"韬光养晦",
            "result_text": "这些被解救的流民总是在说，最漂亮的，最会说话的人总会最先被盯上、被挑走，这可不是什么好事……在她们的指导下，[s12.name]学会了让自己变得不那么起眼的技巧。",
            "result": 
            {
                "s12+隐匿":1,
                "s12+碎纸训练":1
            },
            "action": {
                //"rite":5000812  //重启仪式
            }
        },
        {
            "condition": {
               
            },
            "result_title":"",
            "result_text": "就这样，时间很快过去了。",
            "result": 
            {
                
            },
            "action": {
                "rite":5000812  //重启仪式
            }
        }
       
    ],
    "cards_slot":
    {
        "s1":
        {
            "condition":
            {
                "type":"item",
                "芮尔手下":1,
                "is":2000965,
                "counter.7000465<":1  //部队并未调动
            },
            "open_adsorb":1,
            "is_key":0,
            "is_empty":1,
            "is_enemy":0,
            "text":"芮尔手下"
        },
        "s2":
        {
            "condition":
            {
                "type":"item",
                "芮尔手下":1,
                "is":2000966,
                "counter.7000465<":1  //部队并未调动
            },
            "open_adsorb":1,
            "is_key":0,
            "is_empty":1,
            "is_enemy":0,
            "text":"芮尔手下"
        },
        "s3":
        {
            "condition":
            {
                "type":"item",
                "芮尔手下":1,
                "is":2000967,
                "counter.7000465<":1  //部队并未调动
            },
            "open_adsorb":1,
            "is_key":0,
            "is_empty":1,
            "is_enemy":0,
            "text":"芮尔手下"
        },
        "s4":
        {
            "condition":
            {
                "type":"item",
                "芮尔手下":1,
                "is":2000968,
                "counter.7000465<":1  //部队并未调动
            },
            "open_adsorb":1,
            "is_key":0,
            "is_empty":1,
            "is_enemy":0,
            "text":"芮尔手下"
        },
        "s5":
        {
            "condition":
            {
                "type":"item",
                "芮尔手下":1,
                "is":2000969,
                "counter.7000465<":1  //部队并未调动
            },
            "open_adsorb":1,
            "is_key":0,
            "is_empty":1,
            "is_enemy":0,
            "text":"芮尔手下"
        },
        "s6":
        {
            "condition":
            {
                "type":"item",
                "芮尔手下":1,
                "is":2000970,
                "counter.7000465<":1  //部队并未调动
            },
            "open_adsorb":1,
            "is_key":0,
            "is_empty":1,
            "is_enemy":0,
            "text":"芮尔手下"
        },
        "s7":
        {
            "condition":
            {
                "any":{
                    "all":{
                        "type":"char",
                        "s1":1,
                        "!烂泥训练":1
                    },
                    "all":{
                        "type":"item",
                        "s1":1,
                        "is":2000989 //新月
                    }
            }
            },
            "open_adsorb":0,
            "is_key":0,
            "is_empty":1,
            "is_enemy":0,
            "text":"选择上面这支匪帮进行训练\n生存+1 烂泥训练+1"
        },
        "s8":
        {
            "condition":
            {
                "any":{
                    "all":{
                        "type":"char",
                        "s2":1,
                        "!豺狼训练":1
                    },
                    "all":{
                        "type":"item",
                        "s2":1,
                        "is":2000989 //新月
                    }
                },
                
            },
            "open_adsorb":0,
            "is_key":0,
            "is_empty":1,
            "is_enemy":0,
            "text":"选择上面这支匪帮进行训练\n体魄+1 豺狼训练+1"
        },
        "s9":
        {
            "condition":
            {
                "any":{
                    "all":{
                        "type":"char",
                        "s3":1,
                        "!枪姬训练":1
                    },
                    "all":{
                        "type":"item",
                        "s3":1,
                        "is":2000989 //新月
                    }
                },
                
            },
            "open_adsorb":0,
            "is_key":0,
            "is_empty":1,
            "is_enemy":0,
            "text":"选择上面这支匪帮进行训练\n魅力+1 枪姬训练+1"
        },
        "s10":
        {
            "condition":
            {
                "any":{
                    "all":{
                        "type":"char",
                        "s4":1,
                        "!刀风训练":1
                    },
                    "all":{
                        "type":"item",
                        "s4":1,
                        "is":2000989 //新月
                    }
                },
                
            },
            "open_adsorb":0,
            "is_key":0,
            "is_empty":1,
            "is_enemy":0,
            "text":"选择上面这支匪帮进行训练\n坐骑槽+1 刀风训练+1"
        },
        "s11":
        {
            "condition":
            {
                "any":{
                    "all":{
                        "type":"char",
                        "s5":1,
                        "!猎魂训练":1
                    },
                    "all":{
                        "type":"item",
                        "s5":1,
                        "is":2000989 //新月
                    }
                },

            },
            "open_adsorb":0,
            "is_key":0,
            "is_empty":1,
            "is_enemy":0,
            "text":"选择上面这支匪帮进行训练\n战斗+1 猎魂训练+1"
        },
        "s12":
        {
            "condition":
            {
                "any":{
                    "all":{
                        "type":"char",
                        "s6":1,
                        "!碎纸训练":1
                    },
                    "all":{
                        "type":"item",
                        "s6":1,
                        "is":2000989 //新月
                    }
                },

            },
            "open_adsorb":0,
            "is_key":0,
            "is_empty":1,
            "is_enemy":0,
            "text":"选择上面这支匪帮进行训练\n隐匿+1 碎纸训练+1"
        },
        "s13":
        {
            "condition":
            {
                "type":"item",
                "cost.金币=":5
            },
            "open_adsorb":0,
            "is_key":0,
            "is_empty":1,
            "is_enemy":0,
            "text":"总得拿出5金币表示表示诚意。"
        }
    }
} 