 {
        "id": 5000064,
        "name": "打碎提灯",
        "text": "三只犯过错误的妖精被囚禁在这里：一只因为偷窃，一只因为偷情，还有一只则因为高贵。",       
        "tips": "",
        "mapping_id":8001246,
        "once_new":0,
        "round_number": 1,
        "waiting_round":1,
        "waiting_round_end_action":[
 
        ],
        "method_settlement": "",
        "auto_begin": 0,
        "auto_result":0,
        "location": "自宅:[2,12]", 
        "icon": "rite_23", 
        "tag_tips": [
        ],
        "tag_tips_up":{
            
        },
        "tips_text":[
            "打碎提灯肯定会让它失去魔力，请谨慎选择。",
            "随机获得一个妖精，装备会损毁"
        ],
        "open_conditions": [
        ],
        "random_text":{
        },
        "random_text_up":{
           
        },
        "settlement_prior": [
        ],                
        "settlement": [
            {
                "condition": {
                    
                },
                "result_title":"它们花言巧语哀求自由",
                "result_text": "可当你下定决心打碎提灯之后，有两只妖精立即风一般逃跑了！只留下其中一名，向你施礼，也拦住了你的去路——",
                "result": 
                {
                    "clean.s1":1, //移除妖精提灯
                    "loot.追随者+1":6000108  //随机获得一个妖精
                    //"card": [2000434,"追随者+1"],//获得金妖精
                    //"card": [2000433,"追随者+1"],//获得银妖精
                    //"card": [2000432,"追随者+1"] //获得铜妖精
                },
                "action": {
                    "event_on":5300554,
                    "event_on":5300555,
                    "event_on":5300556  //开启三个妖精介绍弹窗，只有一个会生效
                }
            }
        ],                
        "settlement_extre": [
        ],
        "cards_slot":
        {
            "s1":
            {
                "condition":
                {   
                    "type":"item",
                    "is":2000320 //妖精提灯
                },
                "open_adsorb":1,
                "is_key":0,
                "is_empty":0,
                "is_enemy":0,
                "text":"妖精提灯"
            },
            "s2":
            {
                "condition":
                {   
                    "type":"char",
                    "主角":1
                },
                "open_adsorb":0,
                "is_key":0,
                "is_empty":0,
                "is_enemy":0,
                "text":"这种事，必须主角亲自动手"
            }
        }
    } 