 {
        "id": 5000612,
        "name": "唆使犯罪",
        "text": "你告诉扎齐伊，武者最重要的就是藏匿自身、把握时机。因此，你决定带领他，尝试潜入某位少女的闺房……",       
        "tips": "",
        "mapping_id":8001252,
        "once_new":0,
        "round_number": 1,
        "waiting_round":0, 
        "waiting_round_end_action":[ //仪式没有处理，自动关闭后
        ],
        "method_settlement": "",
        "auto_begin": 0, 
        "auto_result": 0, //自动执行
        "location": "上城区:[7,12]", 
        "icon": "rite_15",  
        "tag_tips": [
            "隐匿"
        ],
        "tag_tips_up":{
            "tips":["隐匿"],
            "type":"normal_result"
        },
        "tips_text":[
            "扎齐伊和指导的人隐匿越高，训练的效果越好。",
            "上阵角色隐匿检定>=5点：扎齐伊隐匿+3",
            "上阵角色隐匿检定>=3点：扎齐伊隐匿+2",
            "上阵角色隐匿检定<3点：扎齐伊隐匿+1",
            "扎齐伊被带坏+2"
        ],
        "open_conditions": [  
        ],
        "random_text": {
            "r1":"你们尝试一次潜入某位贵族少女的闺房……"
        },
        "random_text_up":{
            "r1":{
                "text":"你们尝试一次潜入某位贵族少女的闺房……",
                "type":"normal_result",
                "type_tips":"你的隐匿为你提供了完整的骰子数量。",
                "low_target": 5,
                "low_target_tips": "你至少需要5点成功。"
            }
        },
        "random_effect": {          
        },
        "settlement_prior": [
        ],                
        "settlement": [
            {
                "condition": {
                    "r1:隐匿>=":[5,5]
                },
                "result_title":"训练非常成功！",
                "result_text": "他的脚步轻盈，紧跟着你穿过女眷的住所，没有惊动一个人，没有留下一个脚印，只在一张手绢上留下了一首情诗。",
                "result": 
                { 
                    "s1+隐匿":3,
                    "counter+7000041":2  //带坏他的计数
                    
                },
                "action": {
                    "clean.rite":5000611,
                    "clean.rite":5000613,
                    "event_on":5300109 //激活下一轮请求
                }
            },
            {
                "condition": {
                    "r1:隐匿>=":[3,5]
                },
                "result_title":"训练比较成功",
                "result_text": "他心脏跳得太快了，最后不小心在花坛边留下了几个脚印，但你从他兴奋的表情可以知道，以后他不会少做这种事情。",
                "result": 
                { 
                    "s1+隐匿":2,
                    "counter+7000041":2
                },
                "action": {
                    "clean.rite":5000611,
                    "clean.rite":5000613,
                    "event_on":5300109 //激活下一轮请求
                }
            },
            {
                "condition": {
                    "r1:隐匿<":[3,5]
                },
                "result_title":"训练的效果不尽人意",
                "result_text": "他打碎了几个水罐，被当成盗贼追了三条街……尽管如此，他看起来还是蛮开心的。",
                "result": 
                { 
                    "s1+隐匿":1,
                    "counter+7000041":2,
                    "s1+equip":2000098
                },
                "action": {
                    "clean.rite":5000611,
                    "clean.rite":5000613,
                    "event_on":5300109 //激活下一轮请求
                }
            }
        ],                
        "settlement_extre": [

        ],
        "cards_slot":
        {
            "s1":
            {
                "condition":
                {
                    "is":2000063      
                },
                "open_adsorb":0,
                "is_key":0,
                "is_empty":0,
                "is_enemy":0,
                "text":"扎齐伊"
            },
            "s2":
            {
                "condition":
                {
                    "type":"char",
                    "!is":2000063      
                },
                "open_adsorb":0,
                "is_key":0,
                "is_empty":0,
                "is_enemy":0,
                "text":"你可以亲自，或者拜托任意追随者训练他"
            },
            "s3":
            {
                "condition":
                {
                    "type":"item",
                    "cost.消耗品=":1,
                        "!金币":1      
                },
                "open_adsorb":0,
                "is_key":0,
                "is_empty":1,
                "is_enemy":0,
                "text":"协助训练的消耗品"
            }
        }
    } 