 {
        "id": 5000513,
        "name": "黑暗的召唤",
        "text": "很多次你梦到自己又来到那座凶险的宅邸，匕首低落的血渍向远方蔓延、蔓延。你浑浑噩噩地跟着它走入更深的黑暗之中，有什么东西，正等待着你、召唤着你。",       
        "tips": "",
        "mapping_id":8001220,
        "once_new":0,
        "round_number": 1,
        "waiting_round":0,
        "waiting_round_end_action":[
        ],
        "method_settlement": "",
        "auto_begin": 1,
        "auto_result":0,
        "location": "黑街:[1,5]", 
        "icon": "rite_23",  
        "tag_tips": [
            "社交",
            "智慧"
        ],
        "tag_tips_up":{
            "tips":["社交","智慧"],
            "type":"normal_result"
        },
        "tips_text":[
            "可以反复尝试",
            "社交智慧>=3点成功：拜铃耶剧情仪式"
        ],
        "open_conditions": [
        ],
        "random_text": {        
        },
        "random_effect": {          
        },
        "random_text_up":{
            "r1":{
                "text":"你尝试寻找能够解答自身秘密的导师。",
                "type":"normal_result",
                "type_tips":"你的社交和智慧为你提供完整的骰子数量。",
                "low_target": 3,
                "low_target_tips": "你至少需要3点成功。"
            }
        },
        "settlement_prior": [
            {
                "condition": {
                    "counter.7000571>=":1  // 如果破除洁净中阻断过拜玲耶
                },
                "result_title":"",
                "result_text": "尚未消散的余影里，你听见了讥讽的笑声。然而，天色已经大亮，这个梦就此成空。",
                "result": 
                {
                    "clean.s1":1  //人去楼空
                },
                "action": {
                    
                }
            }
        ],                
        "settlement": [
        ],                
        "settlement_extre": [
            {
                "condition": {
                    "r1:社交+智慧>=":[3,5]
                },
                "result_title":"就这样，你找到了一个女人",
                "result_text": "她的棚屋简陋，燃烧着奇异的熏香，没有一丝光亮穿过那破旧挂毯的缝隙。她身上的首饰发出月亮一般柔和的光晕，勾勒出她迷人的轮廓，衣衫分开，仿佛黑暗中打开了一扇邀你进入的门户。",
                "result": 
                {
                    "clean.s1":1
                },
                "action": {
                    "rite":5000514 //拜铃耶
                }
            },
            {
                "condition": {
                    "r1:社交+智慧<":[3,5]
                },
                "result_title":"",
                "result_text": "它将你引入一个遍布浓雾的迷宫，你在里面团团转，直到晨光照破梦境，你在远去的叹息声中疲惫地醒来。",
                "result": 
                {
                },
                "action": {
                    "rite":5000513 //重新生成自身
                }
            }
        ],
        "cards_slot":
        {
            "s1":
            {
                "condition":
                {
                    "is":2000185            
                },
                "open_adsorb":1,
                "is_key":0,
                "is_empty":0,
                "is_enemy":1,
                "text":"邪术的痕迹能够帮助你找到线索"
            },
            "s2":
            {
                "condition":
                {
                    "type": "char",
                    "主角":1          
                },
                "open_adsorb":0,
                "is_key":0,
                "is_empty":0,
                "is_enemy":0,
                "text":"你必须亲自处理这个问题"
            },
            "s3":
            {
                "condition":
                {
                    "type": "char"          
                },
                "open_adsorb":0,
                "is_key":0,
                "is_empty":1,
                "is_enemy":0,
                "text":"你可以找一位聪明的帮手"
            },
            "s4":
            {
                "condition":
                {
                    "type":"item",
                    "cost.消耗品=": 1,
                    "!金币":1          
                },
                "open_adsorb":0,
                "is_key":0,
                "is_empty":1,
                "is_enemy":0,
                "text":"有些道具能让你在交谈中发现更多线索"
            }
        }
    } 