 {
        "id": 5000616,
        "name": "社交教习",
        "text": "年轻人就要发挥自己的身体优势，在浴场中夺走所有人的目光。",       
        "tips": "",
        "mapping_id":8001500,
        "once_new":0,
        "round_number": 1,
        "waiting_round":0, 
        "waiting_round_end_action":[ //仪式没有处理，自动关闭后
        ],
        "method_settlement": "",
        "auto_begin": 0, 
        "auto_result": 0, //自动执行
        "location": "上城区:[1,6]", 
        "icon": "rite_8",  
        "tag_tips": [
            "魅力"
        ],
        "tag_tips_up":{
            "tips":["魅力"],
            "type":"normal_result"
        },
        "tips_text":[
            "扎齐伊和指导的人魅力越高，训练的效果越好。",
            "上阵角色魅力检定>=5点：扎齐伊魅力+3 随机石情报",
            "上阵角色魅力检定>=3点：扎齐伊魅力+2 随机石情报",
            "上阵角色魅力检定<3点：扎齐伊魅力+1 随机石情报",
            "主角亲自来魅力检定>=5点：扎齐伊魅力+3 激情+1 随机石情报",
            "扎齐伊被带坏+1"
        ],
        "open_conditions": [  
        ],
        "random_text": {
            "r1":"你们来到了浴场，并脱光了衣服"
        },
        "random_text_up":{
            "r1":{
                "text":"你们来到了浴场，并脱光了衣服",
                "type":"normal_result",
                "type_tips":"你的魅力为你提供了完整的骰子数量。",
                "low_target": 3,
                "low_target_tips": "你至少需要3点成功。"
            }
        },
        "random_effect": {          
        },
        "settlement_prior": [
        ],                
        "settlement": [
            {
                "condition": {
                    "r1:魅力>=":[5,5]
                },
                "result_title":"训练非常成功！",
                "result_text": "当一个人首次意识到，自己具有肉体上的吸引力时，他的身心都会得到滋养……现在这位年轻人看上去容光焕发",
                "result": 
                { 
                    "s1+魅力":3,
                    "loot":6000004,
                    "counter+7000041":1  //带坏他的计数
                    
                },
                "action": {
                    "clean.rite":5000615,
                    "clean.rite":5000617,
                    "event_on":5300110 //激活下一轮请求
                }
            },
            {
                "condition": {
                    "r1:魅力>=":[3,5]
                },
                "result_title":"训练的效果还不错",
                "result_text": "现在他不会在和人说话时目光游移了，这立即突出了他那双明亮的眼睛。",
                "result": 
                { 
                    "s1+魅力":2,
                    "loot":6000004,
                    "counter+7000041":1
                },
                "action": {
                    "clean.rite":5000615,
                    "clean.rite":5000617,
                    "event_on":5300110 //激活下一轮请求
                }
            },
            {
                "condition": {
                    "r1:魅力<":[3,5]
                },
                "result_title":"训练并不算成功",
                "result_text": "他太紧张了，在浴场里闹了不少笑话，但这至少让他脸皮更厚了。",
                "result": 
                { 
                    "s1+魅力":1,
                    "loot":6000004,
                    "counter+7000041":1
                },
                "action": {
                    "clean.rite":5000615,
                    "clean.rite":5000617,
                    "event_on":5300110 //激活下一轮请求
                }
            }
        ],                
        "settlement_extre": [
            {
                "condition": {
                    "r1:魅力>=":[5,5],
                    "s2.主角":1
                },
                "result_title":"扎齐伊一直盯着你看……",
                "result_text": "哎呀……不过这种事情也是难免的，年轻人总是充满激情。",
                "result": 
                { 
                    "s1+激情":1
                    
                },
                "action": {
                }
            }
        ],
        "cards_slot":
        {
            "s1":
            {
                "condition":
                {
                    "is":2000063      
                },
                "open_adsorb":0,
                "is_key":0,
                "is_empty":0,
                "is_enemy":0,
                "text":"扎齐伊"
            },
            "s2":
            {
                "condition":
                {
                    "type":"char",
                    "!is":2000063      
                },
                "open_adsorb":0,
                "is_key":0,
                "is_empty":0,
                "is_enemy":0,
                "text":"你可以亲自，或者派遣任意追随者指导他"
            },
            "s3":
            {
                "condition":
                {
                    "type":"item",
                    "cost.消耗品=":1,
                        "!金币":1      
                },
                "open_adsorb":0,
                "is_key":0,
                "is_empty":1,
                "is_enemy":0,
                "text":"协助训练的消耗品"
            }
        }
    } 