 {
        "id": 5000102,
        "name": "舞乐之宴",
        "text": "常常宴请同僚与朋友有很多好处，首先能够理所当然地折断一张奢靡卡，其次美丽的舞姬能帮你打听很多意想不到的消息……",       
        "tips": "",
        "mapping_id":8001213, 
        "once_new":1,
        "round_number": 1,
        "waiting_round":1,
        "waiting_round_end_action":[
        ],
        "method_settlement": "",
        "auto_begin": 0,
        "auto_result":0,
        "location": "自宅:[2,12]", 
        "icon": "rite_12", 
        "tag_tips": [
        ],
        "tag_tips_up":{
        },
        "tips_text":[
            "相似的宴会只能折断一次奢靡卡，除非你能够提升舞姬的品级",
            "开启白银品级的宴会需要5点权势，黄金品级的则需10点",
            "随机获得：3张与当前宴会品级相同的情报卡",
            "固定获得：恶名-1 权势+1"
        ],
        "open_conditions": [
            {
                "condition": {
                    "any":{
                        "s1.rare=":2,
                        "all":{
                            "s1.rare=":3,
                            "counter.7100003>=":5  
                        },
                        "all":{
                            "s1.rare=":4,
                            "counter.7100003>=":10  
                        }
                    }
                },
                "tips": "你的权势不足以举办当前品级的宴会。"
            }
        ],
        "random_text":{
        },
        "random_text_up":{
        },
        "settlement_prior": [
        ],                
        "settlement": [
            {
                "condition":
                {
                    "s1.rare=":2
                },
                "result_title":"",
                "result_text": "阿图娜尔的初次亮相就惊艳了所有的宾客。他们迷醉地眯着眼，品味着她的美丽容貌和婀娜身姿，开着肆无忌惮的玩笑。而阿图娜尔只是羞涩地垂首微笑，轻声细语地应和着。\n一切都进行得非常顺利，如此美色之下，人们愿意忘记你的一些不当言行，还在不经意之间吐露出了许多你原本不知道的东西。",
                "result": 
                { 
                    "loot":6000044,
                    "loot":6000044,
                    "loot":6000044,
                    "counter-7100002":1,
                    "counter+7100003":1,
                    "clean.s2":1,
                    "counter+7000079":1                      
                },
                "action":
                {
                }
            },
            {
                "condition":
                {
                    "s1.rare=":3
                },
                "result_title":"",
                "result_text": "阿图娜尔比以前更美了，这不是欢场上过目即忘的美，它更端庄，更优雅，更静水深流。人们对她的态度变得更亲昵，也更客气，仿佛突然间顿悟，她不是一介可以随意赏玩的舞姬，而是虽没有头衔，却依然被你宠爱的，同父异母的妹妹。",
                "result": 
                { 
                    "loot":6000045,
                    "loot":6000045,
                    "loot":6000045,
                    "counter-7100002":1,
                    "counter+7100003":1,
                    "clean.s2":1,
                    "counter+7000079":1                      
                },
                "action":
                {
                }
            },
            {
                "condition":
                {
                    "s1.rare=":4
                },
                "result_title":"",
                "result_text": "阿图娜尔只在压轴时跳了一支舞，却收获了整场最热烈的掌声。她落落大方地收下了这些追捧和偏爱，现在，会下意识躲避对方目光的人不再是她，而是在座的客人们。多有趣呀，他们不敢再审视和调侃她的面容，生怕不小心窥见了她和你的相似之处。",
                "result": 
                { 
                    "loot":6000057,
                    "loot":6000057,
                    "loot":6000057,
                    "counter-7100002":1,
                    "counter+7100003":1,
                    "clean.s2":1,
                    "counter+7000079":1                      
                },
                "action":
                {
                }
            }
        ],                
        "settlement_extre": [ 
                               
        ],
        "cards_slot":
        {
            "s1":
            {
                "condition":
                {   
                    "type":"char",
                    "is":2000129 //舞姬
                },
                "open_adsorb":1,
                "is_key":0,
                "is_empty":0,
                "is_enemy":0,
                "text":"阿图娜尔准备好为客人们献舞了"
            },
            "s2":
            {
                "condition":
                {   
                    "type":"sudan",
                    "奢靡":1,
                    "f:rare-s1.rare<=":0
                },
                "open_adsorb":0,
                "is_key":0,
                "is_empty":0,
                "is_enemy":0,
                "text":"你可以借机折断一张和舞姬品级相符的奢靡卡"
            },
            "s3":
            {
                "condition":
                {   
                    "type":"item",
                    "any":{
                        "all":{
                            "s1.rare=":2,
                            "cost.金币":5
                        },
                        "all":{
                            "s1.rare=":3,
                            "cost.金币":8
                        },
                        "all":{
                            "s1.rare=":4,
                            "cost.金币":15
                        }
                    }
                },
                "open_adsorb":0,
                "is_key":0,
                "is_empty":0,
                "is_enemy":0,
                "text":"青铜品级的宴会需要花费5枚金币，白银品级的需要8枚金币，黄金品级则需15枚金币"
            }
        }
    } 