 {
        "id": 5000619,
        "name": "最后的解惑",
        "text": "你们来到了书店，你告诉他一切谜题的答案，都可以在历史和书中找到。",       
        "tips": "",
        "mapping_id":8001225,
        "once_new":0,
        "round_number": 1,
        "waiting_round":0, 
        "waiting_round_end_action":[ //仪式没有处理，自动关闭后
        ],
        "method_settlement": "",
        "auto_begin": 0, 
        "auto_result": 0, //自动执行
        "location": "商业区:[4,5]", 
        "icon": "rite_16",  
        "tag_tips": [
        ],
        "tag_tips_up":{
        },
        "tips_text":[
            "扎齐伊：智慧+2 魅力+2"
        ],
        "open_conditions": [  
        ],
        "random_text": {
        },
        "random_text_up":{
        },
        "random_effect": {          
        },
        "settlement_prior": [
        ],                
        "settlement": [
            {
                "condition": {
                },
                "result_title":"",
                "result_text": "书店老板很欢迎他这样的新客人，他们言谈甚欢，路过的老客人也都纷纷向年轻人推荐自己的书单。这是一个愉快的下午。",
                "result": 
                { 
                    "s1+智慧":2,
                    "s1+魅力":2
                },
                "action": {
                    "clean.rite":5000620,
                    "clean.rite":5000621,
                    "rite":5000623, // 激活年轻望族的仰慕
                    "event_on":5300111 //激活寡妇登门
                }
            }
        ],                
        "settlement_extre": [
        ],
        "cards_slot":
        {
            "s1":
            {
                "condition":
                {
                    "is":2000063      
                },
                "open_adsorb":0,
                "is_key":0,
                "is_empty":0,
                "is_enemy":0,
                "text":"扎齐伊"
            },
            "s2":
            {
                "condition":
                {
                    "type":"char",
                    "!is":2000063      
                },
                "open_adsorb":0,
                "is_key":0,
                "is_empty":0,
                "is_enemy":0,
                "text":"找个人指点他"
            }
        }
    } 