 {
        "id": 5000605,
        "name": "弑兄",
        "text": "你等到了一个绝佳的时机——法图娜女士亡夫的兄长正沉迷在继承财富的兴奋与幻想之中，你在欢愉之馆轻松地找到毫无防备的他。",       
        "tips": "",
        "mapping_id":8001186,
        "once_new":0,
        "round_number": 1,
        "waiting_round":3, 
        "waiting_round_end_action":[ //仪式没有处理，自动关闭后
            {
                "condition": {
                },
                "result_title":"",
                "result_text": "",
                "result": 
                {
                },
                "action": {
                    "event_on":5300104 //重新激活
                }
            }
        ],
        "method_settlement": "",
        "auto_begin": 0,
        "auto_result": 0, 
        "location": "商业区:[10,19]",
        "icon": "rite_21",  
        "tag_tips": [
            "体魄",
            "战斗"
        ],
        "tag_tips_up":{
            "tips":["战斗","体魄"],
            "type":"fight_result"
        },
        "tips_text":[
            "暴力介入贵族之间的财产纷争会引来不满，但如果使用杀戮卡的话……",
            "普通线 战斗体魄-（拉巴哈战斗0+体魄2）>=3点成功：罪证",
            "普通线 战斗体魄-（拉巴哈战斗0+体魄2）>=2点成功：罪证 受伤",
            "杀戮线 战斗体魄-（拉巴哈战斗0+体魄2）>=3点成功：",
            "杀戮线 战斗体魄-（拉巴哈战斗0+体魄2）>=2点成功：罪证 受伤",
            "失败：受伤 会遭到刺杀",
            "放迷药 战斗体魄-（拉巴哈战斗0+体魄2）>=2点成功：金币+5 法图娜支持+1",
            "没放迷药 战斗体魄-（拉巴哈战斗0+体魄2）>=2点成功：法图娜激情+1",
        ],
        "open_conditions": [  
        ],
        "random_text": { 
            "r1":"这是个好机会"
        },
        "random_text_up":{
            "r1":{
                "text":"男人喝得有些醉了，在这样即将走入帷幔的美妙时刻，没有人会带着不解风情的护身铠甲和刀剑……这是个好机会。",
                "type":"fight_result",
                "type_tips":"你的战斗和体魄为你提供的骰子数量受敌方对应属性的影响。",
                "low_target": 2,
                "low_target_tips": "你至少需要2点成功才能刺杀成功。"
            }
        },
        "random_effect": {          
        },
        "settlement_prior": [
        ],                
        "settlement": [
            {
                "condition": {
                    "s3.is":2000316 //放了迷药
                },
                "result_title":"",
                "result_text": "这个男人神秘地死在了妓院里。",
                "result": 
                {
                    "global_counter=7200155":1, //成就
                    "clean.s1":1
                },
                "action": {
                }
            },
            {
                "condition": {
                    "r1:体魄+战斗-e(体魄+战斗)>=":[3,5],
                    "s4":1 //放了杀戮卡
                },
                "result_title":"",
                "result_text": "你干脆利落地杀了他，割下他的头颅时，甚至没有惊动帷幕后的妓女。很好，这个贪婪的男人再也无法图谋不属于他的财产了。",
                "result": 
                {
                    "global_counter=7200155":1, //成就
                    "clean.s1":1
                },
                "action": {
                }
            },
            {
                "condition": {
                    "r1:体魄+战斗-e(体魄+战斗)>=":[2,5],
                    "s4":1 //放了杀戮卡
                },
                "result_title":"",
                "result_text": "也许是你太过自信，挥出的第一刀出了点失误，但好在，尽管受了点伤，你还是成功地杀了他。很好，这个贪婪的男人再也无法图谋不属于他的财产了。",
                "result": 
                {
                    "global_counter=7200155":1, //成就
                    "clean.s1":1,
                    "s2+equip":2000098
                },
                "action": {
                }
            },
            {
                "condition": {
                    "r1:体魄+战斗-e(体魄+战斗)>=":[3,5],
                    "!s4":1 //没放杀戮卡
                },
                "result_title":"",
                "result_text": "你干脆利落地杀了他，割下他的头颅时，甚至没有惊动帷幕后的妓女。很好，这个贪婪的男人再也无法图谋不属于他的财产了。",
                "result": 
                {
                    "global_counter=7200155":1, //成就
                    "clean.s1":1,
                    "card":2000558 //罪证
                },
                "action": {
                }
            },
            {
                "condition": {
                    "r1:体魄+战斗-e(体魄+战斗)>=":[2,5],
                    "!s4":1 //没放杀戮卡
                },
                "result_title":"",
                "result_text": "也许是你太过自信，挥出的第一刀出了点失误，但好在，尽管受了点伤，你还是成功地杀了他。很好，这个贪婪的男人再也无法图谋不属于他的财产了。",
                "result": 
                {
                    "global_counter=7200155":1, //成就
                    "clean.s1":1,
                    "s2+equip":2000098,
                    "card":2000558 //罪证
                },
                "action": {
                }
            },
            {
                "condition": {
                    "r1:体魄+战斗-e(体魄+战斗)<":[2,5]
                },
                "result_title":"你失手了",
                "result_text": "也许是你太过自信，你挥出的第一刀就出现了严重的失误！那个男人躲开了你势在必得的一剑，吓得瞬间清醒了许多。他慌不择路地操起目之所及的椅子和花瓶朝你砸过来，趁你手忙脚乱之机逃窜到楼下，大声呼喊着什么。你知道这不再是一个刺杀的好机会，只能先行离开。\n但是，他刚才看清了你的脸吗？你不知道……这可能会留下一些后患。",
                "result": 
                {
                    "clean.s1":1,
                    "s2+equip":2000098
                },
                "action": {
                    "event_on": 5300106 //激活一个刺杀
                }
            }
        ],                
        "settlement_extre": [
            {
                "condition": {
                    "any":{
                        "s3.is":2000316, //放了迷药
                        "r1:体魄+战斗-e(体魄+战斗)>=":[2,5]
                    }
                },
                "result_title":"",
                "result_text": "你将酒庄主人的死讯带给了法图娜。盘旋在她头上的阴影终于消散，法图娜松了口气，脸上流露出释然的笑容。她感激地给了你一大笔报酬。",
                "result": 
                {
                    "s5+支持":1,
                    "coin":5
                },
                "action": {
                }
            },
            {
                "condition": {
                    "!s3.is":2000316, //没放迷药
                    "r1:体魄+战斗-e(体魄+战斗)>=":[2,5], 
                    "s2.主角":1
                },
                "result_title":"",
                "result_text": "法图娜走近了几步，擦去你衣甲上的血迹，轻声问你有没有受伤……你低下头，告诉她，那是敌人的血，你一切都好。但她依旧紧紧握着你的手腕。一种莫名暧昧的气氛在你们之间蔓延……但你怀疑自己是否应该放任这种感情的发展。",
                "result": 
                {
                    "s5+激情":1
                },
                "action": {
                }
            },
            {
                "condition": {
                    "any":{
                        "s3.is":2000316, //放了迷药
                        "r1:体魄+战斗-e(体魄+战斗)>=":[2,5],
                    },   
                    "s4":1
                },
                "result_title":"苏丹的游戏使你免于责难",
                "result_text": "欢愉之馆的骚乱很快在贵族间流传开来，你在人们谴责你之前就拿出了一张杀戮卡。他们马上闭上了嘴。感谢这个倒霉鬼吧！否则死的说不定就是他们中的一个了。",
                "result": 
                {
                    "clean.s4":1,
                    "counter+7100003":2 //权势+2
                },
                "action": {
                }
            },
            {
                "condition": {
                    "!s3.is":2000316, //没放迷药
                    "r1:体魄+战斗-e(体魄+战斗)>=":[2,5],
                    "!s4":1
                },
                "result_title":"法图娜极力为你辩解",
                "result_text": "欢愉之馆的骚乱很快在贵族间流传开来，很多人也不满你这样粗暴的干涉贵族之间的纠纷。法图娜勇敢地站了出来，斥责兄长的痴心妄想，称赞你的仗义相助。然而，人们只顾着审视着她的美貌，揣度着她背后财富的分量，至于那个男人，他只是犯了全天下男人都会犯的错罢了。",
                "result": 
                {
                    "counter+7100004":1, //侠名+1                   ,
                    "counter-7100003":1 //权势-1
                },
                "action": {
                }
            },
            {
                "condition": {
                    "!s3.is":2000316, //没放迷药
                    "r1:体魄+战斗-e(体魄+战斗)<":[2,5]
                },
                "result_title":"事情仍然算是解决了",
                "result_text": "酒庄主人离开欢愉之馆之后，借这酒意立刻纠集了一大帮亲卫来到法图娜门前破口大骂。这个女人！她竟敢谋杀丈夫的兄长！他不过是想从她这弄点钱花花……再说，兄弟的女人怎么就不可以是他的女人……？\n法图娜冷着脸看着这个语无伦次的小丑，任由他失去理智地在门前发疯。于是，整个街区的人都知道这个荒唐的男人做过些什么。天哪，做这些并不可耻，只是这些勾当怎么能这样理直气壮地摆到台面上来说呢？\n经此一事，这个男人再也没脸呆在这座城市，事情也算是得到了一个可以接受的结果——尽管那些贵族们看向法图娜的眼神总是藏着隐秘的笑意，但法图娜不在乎这些——她依然感谢你的帮助。",
                "result": 
                {
                    "s5+支持":1,
                    "coin":3
                },
                "action": {
                }
            }
        ],
        "cards_slot":
        {
            "s1":
            {
                "condition":
                {
                    "is":2000314      
                },
                "open_adsorb":1,
                "is_key":0,
                "is_empty":0,
                "is_enemy":1,
                "text":"酒庄主人"
            },
            "s2":
            {
                "condition":
                {
                    "type":"char"
                },
                "open_adsorb":0,
                "is_key":0,
                "is_empty":0,
                "is_enemy":0,
                "text":"你可以亲自，或派遣任意追随者去刺杀这个贪婪的男人",                   
                "pops":[
                    {
                        "condition":{
                            "f:s2.体魄+s2.战斗+s3.体魄+s3.战斗+s4.体魄+s4.战斗+s5.体魄+s5.战斗-s1.体魄-s1.战斗<": 1
                        },
                        "action":{
                            "pop.5000605_s2_01.self":"你该意识到，以你目前的<b><color=white>【体魄】</color></b>和<b><color=white>【战斗】</color></b>能力纯粹是在找死。"
                        }
                    },
                    {
                        "condition":{
                            "f:s2.体魄+s2.战斗+s3.体魄+s3.战斗+s4.体魄+s4.战斗+s5.体魄+s5.战斗-s1.体魄-s1.战斗>=": 1,
                            "!s3":1
                        },
                        "action":{
                            "pop.5000605_s2_02.self":"如果有<b><color=white>【情报】</color></b>支持的话，可以多一分胜算。"
                        }
                    }
                ] 
            },
            "s3":
            {
                "condition":
                {
                    "type":"item",
                    "cost.消耗品=":1,
                        "!金币":1
                },
                "open_adsorb":0,
                "is_key":0,
                "is_empty":1,
                "is_enemy":0,
                "text":"某些消耗品可以在战斗中派上用场",                   
                "pops":[
                    {
                        "condition":{
                            "f:s2.体魄+s2.战斗+s3.体魄+s3.战斗+s4.体魄+s4.战斗+s5.体魄+s5.战斗-s1.体魄-s1.战斗<": 1
                        },
                        "action":{
                            "pop.5000605_s3_01.self":"你该意识到，以你目前的<b><color=white>【体魄】</color></b>和<b><color=white>【战斗】</color></b>能力纯粹是在找死。"
                        }
                    }
                ] 
            },
            "s4":
            {
                "condition":
                {
                    "type":"sudan",
                    "杀戮":1,
                    "f:rare-s1.rare<=":0
                },
                "open_adsorb":0,
                "is_key":0,
                "is_empty":1,
                "is_enemy":0,
                "text":"使用杀戮苏丹卡，可以避免其他人的非议"
            },
            "s5":
            {
                "condition":
                {
                    "is":2000062 
                },
                "open_adsorb":1,
                "is_key":0,
                "is_empty":0,
                "is_enemy":0,
                "text":"法图娜等待着你的回音"
            }
        }
    } 