 {
        "id": 5000621,
        "name": "最后的解惑",
        "text": "你们各自身携利刃，摘掉了身上华而不实的东西，走入下城区的暗巷……",       
        "tips": "",
        "mapping_id":8001131, 
        "once_new":0,
        "round_number": 1,
        "waiting_round":0, 
        "waiting_round_end_action":[ //仪式没有处理，自动关闭后
        ],
        "method_settlement": "",
        "auto_begin": 0, 
        "auto_result": 0, //自动执行
        "location": "黑街:[2,5]", 
        "icon": "rite_16",  
        "tag_tips": [
        ],
        "tag_tips_up":{
        },
        "tips_text":[
            "扎齐伊：智慧+2 体魄+2",
            "扎齐伊被带坏+3"
        ],
        "open_conditions": [  
        ],
        "random_text": {
        },
        "random_text_up":{
        },
        "random_effect": {          
        },
        "settlement_prior": [
        ],                
        "settlement": [
            {
                "condition": {
                },
                "result_title":"",
                "result_text": "你花费了很大的力气才阻止他回头去帮助那个残疾的乞丐女孩。等你能够放倒三个士兵的时候再说吧，你这样的劝诫着，而想来他会以此为目标。",
                "result": 
                { 
                    "s1+智慧":2,
                    "s1+体魄":2,
                    "counter+7000041":3
                },
                "action": {
                    "clean.rite":5000619,
                    "clean.rite":5000620,
                    "rite":5000623, // 激活年轻望族的仰慕
                    "event_on":5300111 //激活下一轮请求
                }
            }
        ],                
        "settlement_extre": [

        ],
        "cards_slot":
        {
            "s1":
            {
                "condition":
                {
                    "is":2000063      
                },
                "open_adsorb":0,
                "is_key":0,
                "is_empty":0,
                "is_enemy":0,
                "text":"扎齐伊"
            },
            "s2":
            {
                "condition":
                {
                    "type":"char",
                    "!is":2000063      
                },
                "open_adsorb":0,
                "is_key":0,
                "is_empty":0,
                "is_enemy":0,
                "text":"找个人指点他"
            }
        }
    } 