{
        "id": 5000100,
        "name": "珠宝设计",
        "text": "花钱请热娜设计饰品。",       
        "tips": "",
        "mapping_id":8001210, 
        "once_new":1,
        "round_number": 1,
        "waiting_round":1,
        "waiting_round_end_action":[
        ],
        "method_settlement": "",
        "auto_begin": 0,
        "auto_result":0,
        "location": "自宅:[2,12]", 
        "icon": "rite_12", 
        "tag_tips": [
        ],
        "tag_tips_up":{
            "tips":["智慧","灵感"],
            "type":"normal_result"
        },
        "tips_text":[
            "开始后将检定热娜的智慧和灵感，根据最终检定结果产出不同品质的珠宝。",
            "如果置入特殊的珠宝制作材料则可以跳过检定。",
            "不论结果如何，结束后热娜的灵感都会归零。",
            ">=9点成功：随机金原创系列饰品",
            ">=6点成功：随机银原创系列饰品",
            ">=3点成功：随机铜原创系列饰品",
            ">=1点成功：随机石原创系列饰品",
            "<=1点成功：没有奖励"

        ],
        "open_conditions": [
        ],
        "random_text":{
        },
        "random_text_up":{
            "r1":{
                "text":"这次热娜会有什么新的想法？她又会带给你什么惊喜？",
                "type":"normal_result",
                "type_tips":"你的智慧和灵感为你提供了完整的骰子数量。",
                "low_target": 1,
                "low_target_tips": "你至少需要1点成功才能设计出新的珠宝。"
            }
        },
        "settlement_prior": [
            {
                "condition":
                {
                    "s3.is":2000949 //火龙鳞片
                },
                "result_title":"你把火龙鳞片交给了热娜",
                "result_text": "这样一件业物，并不符合热娜的需求，她摇了摇头，表示它并不适合作为她来制作。",
                "result": 
                {   
                    
                },
                "action":
                {
                    
                }
            },
            {
                "condition":
                {
                    "s3.is":2000778 //精美的蓝纱
                },
                "result_title":"你把精美的蓝纱交给了热娜",
                "result_text": "这匹蓝色的纱料荡漾着水波一般潋滟的光泽，她爱不释手地一遍遍摩挲着，承诺绝不辜负它的美丽。",
                "result": 
                {   
                    "global_counter+7200184":1, //成就
                    "s1=灵感":0,
                    "clean.s3":1,
                    "card": [2000779,"已拥有+1"]  //湛蓝丝巾    
                },
                "action":
                {
                    "event_on":5300291  //工匠街区的意外
                }
            },
            {
                "condition":
                {
                    "s3.is":2000691 //帝国之花残卷
                },
                "result_title":"未被磨灭的……",
                "result_text": "被撕下的那一页上刻画着妻子温柔微笑的脸庞，你请热娜精心地修复了它，然后将它贴身存放。不论你面对着怎样的困境，只要她还注视着你，你的心就总能得到片刻宁静，仿佛世界并没有那么糟糕。",
                "result": 
                {   
                    "global_counter+7200184":1, //成就
                    "s1=灵感":0,
                    "clean.s3":1,
                    "card": [2000693,"已拥有+1"]  //白银吊坠     
                },
                "action":
                {
                }
            },
            {
                "condition":
                {
                    "s3.is":2000711 //哲巴尔线的狼头战利品
                },
                "result_title":"残忍的勋章",
                "result_text": "热娜兴致高昂地收下这颗狼头，几天之后，这条狼头围巾就摆在了你的案几上。你试着戴上它出去转了一圈，不知道是不是错觉，当天没人敢直视你……",
                "result": 
                {   
                    "global_counter+7200184":1, //成就
                    "s1=灵感":0,
                    "clean.s3":1,
                    "card": [2000729,"已拥有+1"]  //狼头围巾    
                },
                "action":
                {
                }
            }
        ],                
        "settlement": [
            {
                "condition":
                {
                    "r1:智慧+灵感>=":[9,5]
                },
                "result_title":"",
                "result_text": "伟大的艺术品诞生了!",
                "result": 
                {   
                    "global_counter+7200184":1, //成就
                    "loot.已拥有+1":6000056,
                    "s1=灵感":0                       
                },
                "action":
                {
                }
            },
            {
                "condition":
                {
                    "r1:智慧+灵感>=":[6,5]
                },
                "result_title":"",
                "result_text": "令人惊叹的艺术品!",
                "result": 
                {   
                    "global_counter+7200184":1, //成就
                    "loot.已拥有+1":6000055,
                    "s1=灵感":0                         
                },
                "action":
                {
                }
            },
            {
                "condition":
                {
                    "r1:智慧+灵感>=":[3,5]
                },
                "result_title":"",
                "result_text": "漂亮的饰品！",
                "result": 
                {   
                    "global_counter+7200184":1, //成就
                    "loot.已拥有+1":6000054,
                    "s1=灵感":0                         
                },
                "action":
                {
                }
            },
            {
                "condition":
                {
                    "r1:智慧+灵感>=":[1,5]
                },
                "result_title":"",
                "result_text": "勉强可用的饰品。",
                "result": 
                {   
                    "global_counter+7200184":1, //成就
                    "loot.已拥有+1":6000053,
                    "s1=灵感":0                         
                },
                "action":
                {
                }
            },
            {
                "condition":
                {
                    "r1:智慧+灵感<":[1,5]
                },
                "result_title":"",
                "result_text": "一无所获，下次再接再厉",
                "result": 
                {    
                    "s1=灵感":0                 
                },
                "action":
                {
                }
            }
        ],                
        "settlement_extre": [
            {
                "condition":
                {
                    "s3":1,
                    "s3.消耗品":1,
                    "!s3.is":2000723 //非理性
                },
                "result_title":"",
                "result_text": "你提供的制作材料并没有用处。",
                "result": 
                {                 
                    "s3+回收":1
                },
                "action":
                {
                }
            },
            {
                "condition":
                {
                    "s3":1,
                    "!s3.消耗品":1
                },
                "result_title":"",
                "result_text": "你提供的制作材料并没有用处。",
                "result": 
                {                 
                },
                "action":
                {
                }
            }          
        ],
        "cards_slot":
        {
            "s1":
            {
                "condition":
                {   
                    "type":"char",
                    "is":2000019 //珠宝商人
                },
                "open_adsorb":1,
                "is_key":0,
                "is_empty":0,
                "is_enemy":0,
                "text":"珠宝商人热娜"
            },
            "s2":
            {
                "condition":
                {   
                    "type":"item",
                    "cost.金币":5
                },
                "open_adsorb":0,
                "is_key":0,
                "is_empty":0,
                "is_enemy":0,
                "text":"需要5金币"
            },
            "s3":
            {
                "condition":
                {   
                    "type":"item",
                    "any":{
                        "!可堆叠":1,
                        "cost.可堆叠":1,
                    },
                },
                "open_adsorb":0,
                "is_key":0,
                "is_empty":1,
                "is_enemy":0,
                "text":"特殊的制作的材料\n精美的蓝纱：湛蓝丝巾\n帝国之花残卷：白银吊坠\n残忍的勋章：狼头围巾"
            }
        }
    }