 {
        "id": 5000501,
        "name": "阴森的宅邸",
        "text": "手指拂过荒废宅邸早已风化的泥砖，某种陈旧而不祥的气息，随着尘埃簌簌而落。据说胆敢闯入此地的人，没有一个能够躲过厄运的诅咒，你凭什么相信自己能够幸免于难？",       
        "tips": "",
        "mapping_id":8001200,
        "once_new":0,
        "round_number": 1,
        "waiting_round":0,
        "waiting_round_end_action":[
        ],
        "method_settlement": "",
        "auto_begin": 0,
        "auto_result":0,
        "location": "野外:9", 
        "icon": "rite_4", 
        "tag_tips": [
            "魔力",
            "魅力"
        ],
        "tag_tips_up":{
            "tips":["魔力","魅力"],
            "type":"normal_result"
        },
        "tips_text":[
            "使用不同的苏丹卡，会改变鬼屋试胆的方式",
            "如果使用纵欲卡，对象必需带有激情",
            "你可以在没有苏丹卡的情况下照常进行普通冒险"
        ],
        "open_conditions": [
            {
                "condition": {
                    "any":{
                        "all":{
                            "s1":1,
                            "any":{
                                "s3.征服":1,
                                "!s3":1
                            }
                        },
                        "all":{
                            "s1":1,
                            "any":{
                                "s2.激情":1,
                                "s2.is":2000022
                            },
                            "s3.纵欲":1,
                            "f:s3.rare-s2.rare<=":0
                        },
                        "all":{
                            "s1":1,
                            "s2":1,
                            "s3.杀戮":1,
                            "f:s3.rare-s2.rare<=":0
                        }
                    }        
                },
                "tips": "缺少启动事件的关键卡牌或激情"
            }
        ],
        "random_text":{
            "r1":"它们折磨着你的神经，让你感到一阵虚弱和眩晕。不能再继续下去了。你知道你必须离开这里，在火光熄灭之前，在被怨恨吞噬之前……"  
        },
        "random_text_up":{
            "r1":{
                "text":"它们折磨着你的神经，让你感到一阵虚弱和眩晕。不能再继续下去了。你知道你必须离开这里，在火光熄灭之前，在被怨恨吞噬之前……",
                "type":"normal_result",
                "type_tips":"你的魔力和魅力为你提供了完整的骰子数量。",
                "low_target": 3,
                "low_target_tips": "3点成功将获得更好的结果。"
            }
        },
        "settlement_prior": [
        ],                
        "settlement": [
        ],                
        "settlement_extre": [
        //---------------------通常使用纵欲卡的纵欲分支 ---------------------------------------------------------
        {
            "condition":
            {
                "!s2.is":2000022,  //s2不是拜铃耶
                "s3.纵欲":1
            },
            "result_title":"恐怖的气氛能够刺激情欲",
            "result_text": "你带着[s2.name]一起来到了这座鬼宅，说服[s2.gender]可废了你不少口舌——幸好有苏丹卡这个完美的理由，不然你怎么能干这些荒唐事儿呢？",
            "result": 
            {                  
            },
            "action":
            {
            }
        },
        {
            "condition":
            {
                "!s2.is":2000022,  //s2不是拜铃耶
                "s3.纵欲":1
            },
            "result_title":"",
            "result_text": "宅邸内空空如也，你故意大喊了几声，也无人回应……不过这阴森寒冷的气氛让你和[s2.name]的身体贴得更紧了……",
            "result": 
            {                  
            },
            "action":
            {
                "rite":5000502  //一桩未解的凶案   
            }
        },
        {
            "condition":
            {
                "!s2.is":2000022,  //s2不是拜铃耶
                "s3.纵欲":1
            },
            "result_title":"",
            "result_text": "激情仿佛火花，点燃你们的欲望，也唤醒了房间内沉睡的东西……当你在[s2.name]的身体上摩挲的时候，房间内的黑暗也随之翻滚，那些不知道是灰尘还是影子的东西在墙壁上，地板上，天花板上……跟着你们双手揉捏抚慰的形态嘶嘶滑动；当你们因为热吻发出渴望的低吟时，墙壁内部也随之传来肢体撞击的呼唤……",
            "result": 
            {         
                "card":2000185       //邪术的痕迹
            },
            "action":
            {
            }
        },
        {
            "condition":
            {
                "!s2.is":2000022,  //s2不是拜铃耶
                "s3.纵欲":1
            },
            "result_title":"对影成三人",
            "result_text": "这种异象本应令你恐惧……但你们都被这邪异的气氛给迷住了，月亮升了起来，一个幽魅的影子从你们肉体的阴影中升起，加入了你们的欢愉。它的长舌舔舐着你们身体接触的每一个地方，它的利爪为你们皮肤上的汗水勾勒符文，它的声音引导着你们的节奏……",
            "result": 
            {                  
            },
            "action":
            {
            }
        },
        {
            "condition":
            {
                "!s2.is":2000022,  //s2不是拜铃耶
                "s3.纵欲":1
            },
            "result_title":"",
            "result_text": "于是，在它的操控下，你们达到了极致的喜悦，你感到[s2.name]的下身泛滥成河……突然，月光被乌云遮蔽，你骤然惊醒，就在你们二人交合之处，漆黑恶臭的血液如潮水般喷出。而[s2.name]仿佛失去了灵魂，双眼翻白，喉咙里发出可怕的蠕动之声……你抱着[s2.gender]落荒而逃，浑身浴血……\n显然，那盘踞在空宅中的邪恶存在被你们唤醒了，而它在你们的灵魂中也留下了漆黑的污渍。",
            "result": 
            {
                "s1+equip":2000163, //诅咒
                "s2+equip":2000163  //诅咒
                
            },
            "action":
            {
                "event_on":[5300002,5300003] //激活向神殿求助的幕后机制;激活研究邪术的幕后机制
            }
        },
        {
            "condition":
            {
                "!s2.is":2000022,  //s2不是拜铃耶
                "s3.纵欲":1
            },
            "result_title":"",
            "result_text": "听闻此事之后，苏丹兴致勃勃地询问各种细节，但无论是你还是[s2.name]，此时都失魂落魄、口齿不清，令他大失所望。",
            "result": 
            {             
                "clean.s3":1, //移除苏丹卡
				"card":2000083,  //妻子的不满
                "counter+7100005":2, //灵视+2
                "s2-激情":1
            },
            "action":
            {
            }
        },
        //---------------------带拜玲耶使用纵欲卡的纵欲分支 ---------------------------------------------------------
        {
            "condition":
            {
                "s2.is":2000022,  //s2是拜铃耶
                "s3.纵欲":1
            },
            "result_title":"旧地重游",
            "result_text": "“噢，是这里。”一进门，拜铃耶就笑了。她快活地走进大厅，拂过沾满灰尘的石桌，微弱的月光照亮了石桌上布满的暗色痕迹，怎么看都像血……那些血甚至像是活过来一样，朝着拜铃耶的手指疯狂地缠绕而上，被她嬉笑着挥开。\n你战战兢兢地走过去，被她亲昵地揽住。拜铃耶从你的衣裳里拈出那张你准备在这里折断的卡片，眯着眼睛看了看，然后咯咯笑了，“哦、这真是太好了！我还没试过这样玩！”\n黑暗里，灰尘簌簌落下，无数影子翻涌着，在墙壁上，地板上，天花板上……不甘地凝视着你们。但拜铃耶一点也不在乎。她引导着你，在你耳边像蛇一样吐息、呻吟，这些声音在空荡荡的屋子里回响，变得层层叠叠，好似在这张淌满血的石床上，有无数的女人，正在同时被你享用……",
            "result": 
            {             
                "counter+7100005":2 //灵视+2
            },
            "action":
            {
                
            }
        },
        {
            "condition":
            {
                "s2.is":2000022,  //s2是拜铃耶
                "s3.纵欲":1
            },
            "result_title":"不知何时，纵欲卡已经断裂",
            "result_text": "颠鸾倒凤的最后，你已记不清太多细节。等你醒来时，太阳照进这间遍布尘埃的荒废宅邸，昨夜里邪异的气氛一扫而空，你打着哈欠，叫醒了拜铃耶，是错觉吗，她眉心的半月纹身变得愈发浓郁，仿佛吸收了整座宅邸的黑暗一般……",
            "result": 
            {             
                "s2+魔力":2,
                "card":2000048,  //银预兆
                "clean.s3":1, //移除苏丹卡
				"card":2000083,  //妻子的不满
                "counter+7100005":2 //灵视+2
            },
            "action":
            {
                //"rite":5000503,  //作祟的鬼魂已被吸收
                //"rite":5000502  //没有感到异常，因此不会想起调查这桩未解的凶案
                //拜玲耶纵欲不获得邪术痕迹，不开启向教会求助
            }
        },
        {
            "condition":
            {
                "s2.is":2000022,  //s2是拜铃耶
                "s3.纵欲":1,
                "counter.7000584<":1, //标识还没有掉落，污渍：信徒（2001041）
            },
            "result_title":"你在极度不洁的场合折断了一张苏丹卡",
            "result_text": "透过石床上狼藉的污渍，你看到了崇高的幻象——那是在向真神跪拜的纯洁信徒。在太古，一位神明曾因为擅自涂抹世界的罪名而被鉴定为恶，被放逐——现在，经由游戏中制造的污渍，经由你的幻视，祂的名字将重新封圣，再度回归。",
            "result": 
            {             
                "card":[2001041,"已拥有+1"], //获得信徒
                "counter+7000584":1, //标识已经掉落了，污渍：信徒（2001041）
            },
            "action":
            {
            }
        },
        //---------------------s2是拜铃耶，使用杀戮卡的杀戮分支 ---------------------------------------------------------
        {
            "condition":
            {
                "s2.is":2000022,
                "s3.杀戮":1  
            },
            "result_title":"旧地重游",
            "result_text": "“噢，是这里。”一进门，拜铃耶就笑了。她快活地走进大厅，拂过沾满灰尘的石桌，微弱的月光照亮了石桌上布满的暗色痕迹，怎么看都像血……那些血甚至像是活过来一样，朝着拜铃耶的手指疯狂地缠绕而上，被她嬉笑着挥开。\n你战战兢兢地走过去，被她亲昵地揽住。拜铃耶从你的衣裳里拈出那张你准备在这里折断的卡片，眯着眼睛看了看，未等她面露意外之色，黑暗中无数双冰冷的、怨恨的手替你抓住了匕首，将薄薄的利刃，送进了拜铃耶的脖子。\n血流淌下来，和石床上的血汇在一处。拜铃耶笑了，无数女人的声音借着她破碎的喉咙笑了，那笑声层层叠叠，久久不息，她们亲吻你的双手，缭绕在你身侧，然后渐渐消散。这间遍布尘埃的荒废宅邸里，只剩双手沾满邪佞者鲜血的你，心脏正砰砰跳动。",
            "result": 
            {             
                "clean.s2":1,   //拜铃耶死
                "clean.s3":1, //移除苏丹卡
				"s1+体魄":1, //主角+1体魄
                "s1+魔力":1,               
                "card":2000044,  //银秘密
                "counter+7100005":2, //灵视+2
                "counter+7100002":1  //恶名+1
            },
            "action":
            {
                
            },
        }, 
        {
            "condition":
            {
                "s2.is":2000022,
                "s3.杀戮":1,
                "counter.7000582<":1  //没掉污渍天使
            },
            "result_title":"你在极度不洁的场合折断了一张苏丹卡",
            "result_text": "在卡牌折断的那一瞬间，你透过喷溅的血污，看到了崇高的幻象——那是环绕在神明身侧侍奉的天使。在太古，一位神明曾因为擅自涂抹世界的罪名而被鉴定为恶，被放逐——现在，经由游戏中制造的污渍，经由你的幻视，祂的名字将重新封圣，再度回归。",
            "result": 
            {             
               "card":[2001039,"已拥有+1"], //获得天使
                "counter+7000582":1, //标识已经掉落了，污渍：天使（2001039） 
            },
            "action":
            {
                
            },
        },     
        //---------------------通常使用杀戮卡的杀戮分支 ---------------------------------------------------------
        {
            "condition":
            {
                "!s2.is":2000022,  
                "s3.杀戮":1
            },
            "result_title":"杀戮在呼唤你",
            "result_text": "从你看到这间凶宅的第一眼开始，你怀里的杀戮卡就开始震动：它发出诡异的呻吟声，时不时制造血喷涌的幻觉，以及用突然变的锐利的卡牌边沿来提示你。一种邪恶，吸引了另一种邪恶……在此杀戮，必将有所收获……鬼使神差地，你以协助探险的名义将[s2.name]带到了这间鬼屋",
            "result": 
            {                  
            },
            "action":
            {
            }
        },
        {
            "condition":
            {
                "!s2.is":2000022,
                "s3.杀戮":1
            },
            "result_title":"",
            "result_text": "当你们走进这栋空房之后，只要[s2.name]背对着你，就会有无数黑暗中的影子指引着你，指引着你怀中暗藏的匕首……鬼魂们在[s2.gender]背后比划着，有些建议刺入脊椎的缝隙，有些则建议切断脖颈的血管。",
            "result": 
            {              
            },
            "action":
            {
            }
        },
        {
            "condition":
            {
                "!s2.is":2000022,
                "s3.杀戮":1
            },
            "result_title":"",
            "result_text": "当[s2.name]回头时冲你微笑时，那些幻影就都消失了，仿佛这仅仅是一个空荡的旧屋。你本想甩掉这些幻影，立即掉头离开……但你突然从[s2.gender]僵硬的表情中意识到，[s2.gender]也看到了那些幻象……[s2.gender]也受到了如何将你刺杀的指引。如果现在回头，你背上很可能会立即多出一把匕首……",
            "result": 
            {         

            },
            "action":
            {
            }
        },
        {
            "condition":
            {
                "!s2.is":2000022,
                "s3.杀戮":1
            },
            "result_title":"",
            "result_text": "终于，你下定决心，掏出匕首，刺向了[s2.name]的咽喉……仿佛有缆绳与石轨引导一般，这一击精准地切断了[s2.gender]的血管与喉咙……\n深夜里，房间中只有血汩汩流下敲打地板的声音，没有幻象，没有幽魂，没有任何邪恶的事物再次出现帮你分担罪责——你亲自选择了杀戮。",
            "result": 
            {             
                "clean.s2":1 //移除盟友
            },
            "action":
            {
            }
        },
        {
            "condition":
            {
                "!s2.is":2000022,
                "!have.2000022.追随者":1,  //拜铃耶不是追随者
                "s3.杀戮":1
            },
            "result_title":"终于，血已经流够了",
            "result_text": "地板上，墙壁上，天花板上……一个个诡异的符文蜿蜒盘绕，仿佛有人沾着[s2.name]的血在认真书写。杀戮已经被选择，苏丹卡飞到半空中，在黑暗的无声注视中，自行断裂。",
            "result": 
            {             
                "clean.s3":1, //移除苏丹卡
                "card":2000185,       //邪术的痕迹
				"s1+体魄":1, //主角+1体魄
                "counter+7100005":2, //灵视+2
                "counter+7100002":1  //恶名+1
				
            },
            "action":
            {
                "rite": 5000513 //直接生成黑暗的召唤
            }
        },
        {
            "condition":
            {
                "!s2.is":2000022,
                "have.2000022.追随者":1,  //拜铃耶是追随者
                "s3.杀戮":1
            },
            "result_title":"终于，血已经流够了",
            "result_text": "地板上，墙壁上，天花板上……一个个诡异的符文蜿蜒盘绕，仿佛有人沾着[s2.name]的血在认真书写。杀戮已经被选择，苏丹卡飞到半空中，在黑暗那熟悉的注视中，自行断裂。",
            "result": 
            {             
                "clean.s3":1, //移除苏丹卡
				"s1+体魄":1, //主角+1体魄
                "counter+7100005":2, //灵视+2
                "counter+7100002":1  //恶名+1		
            },
            "action":
            {
                //不生成黑暗的召唤
            }
        },
        //---------------------没有使用苏丹卡或者使用征服卡的让拜玲耶探险分支 ---------------------------------------------------------
        {
            "condition":
            {
                "any":{
                    "s3.征服":1,
                    "!s3":1
                },
                "s2.is":2000022  //让拜玲耶来
            },
            "result_title":"旧地重游",
            "result_text": "“噢，是这里。”一进门，拜铃耶就笑了。她快活地走进大厅，拂过沾满灰尘的石桌，微弱的月光照亮了石桌上布满的暗色痕迹，怎么看都像血……那些血甚至像是活过来一样，朝着拜铃耶的手指疯狂地缠绕而上，被她嬉笑着挥开。\n她从你的衣裳里拈出那张你准备在这里折断的卡片，眯着眼睛看了看，又肆无忌惮地笑了起来，“好吧，我知道该怎么做了。”\n说着，她的指尖蘸取黑暗摹画出一个又一个纹路，和大厅里某些陈旧黯淡的血色纹路几乎一模一样。\n无尽恐惧和憎恨交杂的尖啸声层层叠叠地在空屋里回荡，化为某种甘美的韵律，被拜铃耶啜饮。你看到，她眉心的半月纹身变得愈发浓郁，仿佛将整座宅邸的黑暗吸收殆尽了一般……而那张征服卡，在明月照进宅邸的瞬间，应声断裂。",
            "result": 
            {                
                "s2+魔力":1, //拜铃耶+1魔力 
                "card":2000045, //银洞察    
                "clean.s3":1            
            },
            "action":
            {
                //这个分支不会开研究邪术和向教会求助
            }
        },
        {
            "condition":
            {                
                "s3.征服":1,
                "s2.is":2000022  //让拜玲耶来
            },
            "result_title":"",
            "result_text": "在向苏丹陈明这晚的遭遇后，被你净化的荒废鬼宅也顺理成章地归入你的名下，不管它此前的主人是谁——这就是“征服”。",
            "result": 
            {     
                "card":2000661  // 获得空屋           
                //空房间 +1               
            },
            "action":
            {
                
            }
        },
        //---------------------没有使用苏丹卡或者使用征服卡的探险分支 ---------------------------------------------------------
        {
                "condition":
                {
                    "!s2.is":2000022,
                    "any":{
                        "s3.征服":1,
                        "!s3":1
                    }
                },
                "result_title":"",
                "result_text": "厄运不过是弱者为自己找的借口。你闯入这座腐朽的宅邸，手执炬火，照亮一切，必要时，焚烧一切。",
                "result": 
                {                  
                },
                "action":
                {
                }
            },
            {
                "condition":
                {
                    "!s2.is":2000022,
                    "any":{
                        "s3.征服":1,
                        "!s3":1
                    }
                },
                "result_title":"你成功地发现了什么",
                "result_text": "在宅邸的深处，你嗅见了锈和血的气味，浓郁得像是一个来自地底的潮湿拥吻，令人几乎窒息。阴冷的风自更深处吹来，飘摇的烛火照亮朽烂厚重的帘幕一角，血迹蜿蜒，一桩被掩盖的罪案，森然呈现在你眼前。",
                "result": 
                {

                },
                "action":
                {
                    "rite":5000502  //一桩未解的凶案
                }
            },
            {
                "condition":
                {
                    "!s2.is":2000022,
                    "any":{
                        "s3.征服":1,
                        "!s3":1
                    }
                },
                "result_title":"",
                "result_text": "不，不仅如此……那些肆意涂抹的猩红色在你注视着它们的时候，像是活过来一般扭曲着，挣扎着。无尽的尖啸与哀哭响彻你的脑海，祈求着你，诅咒着你，拒斥着你，束缚着你……",
                "result": 
                {                  
                },
                "action":
                {
                }
            },
            {
                "condition":
                {
                    "!s2.is":2000022,
                    "any":{
                        "s3.征服":1,
                        "!s3":1
                    }
                },
                "result_title":"",
                "result_text": "你认不出那些符号，但毫无疑问，它们是某种邪恶祭祀的一部分。也许某些博学之人能分辨出它究竟意味着什么，又该如何破解。",
                "result": 
                {         
                    "card":2000185       //邪术的痕迹
                },
                "action":
                {
                }
            },
            {
                "condition":
                {
                    "!s2.is":2000022,
                    "any":{
                        "s3.征服":1,
                        "!s3":1
                    }
                },
                "result_title":"",
                "result_text": "而这些被禁锢于此的怨灵，又该如何解脱呢？你不知道。",
                "result": 
                {             
                },
                "action":
                {
                    "rite":5000503  //作祟的鬼魂
                }
            },
            {
                "condition":
                {
                    "!s2.is":2000022,
                    "any":{
                        "s3.征服":1,
                        "!s3":1
                    },
                    "r1:魔力+魅力<":[3,5]
                },
                "result_title":"",
                "result_text": "你慌不择路地逃离这幢阴森的宅邸，在清晨的浓雾之中，你感到一股如临深渊般的恶寒始终纠缠着你的灵魂，挥之不去，如影随形……",
                "result": 
                {
                    "s1+equip":2000163  //诅咒
                    
                },
                "action":
                {
                    "event_on":[5300002,5300003] //激活向神殿求助的幕后机制;激活研究邪术的幕后机制
                }
            },
            {
                "condition":
                {
                    "!s2.is":2000022,
                    "any":{
                        "s3.征服":1,
                        "!s3":1
                    },
                    "r1:魔力+魅力>=":[3,5]
                },
                "result_title":"",
                "result_text": "你成功地逃离了这幢阴森的宅邸，东方第一缕阳光温柔地拥抱着你，有什么冰冷的东西自你灵魂深处慢慢消融、缓缓退去。你终于重返人间。",
                "result": 
                {
                },
                "action":
                {
                    "event_on":[5300002,5300003] //激活向神殿求助的幕后机制;激活研究邪术的幕后机制
                }
            },
            {
                "condition":
                {
                    "!s2.is":2000022,
                    "s3.征服":1
                },
                "result_title":"",
                "result_text": "苏丹对你的心有余悸完全无动于衷。你连一点皮外伤都没受呢，完全是自己吓唬自己罢了。不过，他还是认可你折断这张征服卡，因为他真心地期待着你能赶快抽到一张更高阶的卡片，然后为他带来更血腥更刺激的故事。",
                "result": 
                {
                    "clean.s3":1
                },
                "action":
                {
                }
            }
        ],
        "cards_slot":
        {
            "s1":
                {
                    "condition": 
                    {
                        "type":"char",
                        "主角":1                 
                    },
                    "open_adsorb":0,
                    "is_key":0,
                    "is_empty":0,
                    "is_enemy":0,
                    "text":"你必须亲自前往" 
                },
            "s2":
            {
                "condition": 
                {
                    "type":"char"                
                },
                "open_adsorb":0,
                "is_key":0,
                "is_empty":1,
                "is_enemy":0,
                "text":"你必须派遣任意追随者",                   
                "pops":[
                    {
                        "condition":{
                            "s3.纵欲":1,
                            "!s2.激情":1,
                            "!s2.is":2000022
                        },
                        "action":{
                            "pop.5000501_s2_01.self":"我不会跟你过去的！"
                        }
                    },
                    {
                        "condition":{
                            "s3.纵欲":1,
                            "s2.激情":1,
                            "f:s3.rare-s2.rare>":0,
                            "!s2.is":2000022
                        },
                        "action":{
                            "pop.5000501_s2_02.s3":"这个人不满足消除苏丹卡所需的品级。"
                        }
                    },
                    {
                        "condition":{
                            "s3.杀戮":1,
                            "f:s3.rare-s2.rare>":0,
                            "!s2.is":2000022
                        },
                        "action":{
                            "pop.5000501_s2_03.s3":"这个人不满足消除苏丹卡所需的品级。"
                        }
                    },
                    {
                        "condition":{
                            "s2.is":2000022  //如果是拜铃耶放进来
                        },
                        "action":{
                            "pop.5000501_s2_04.self":"原来你想去这个地方啊"
                        }
                    },
                ] 
            },
            "s3":
                {
                    "condition": 
                    {

                        "any":{
                            "all":{
                                "rare<=":2,
                                "type":"sudan",
                                "征服":1
                            },
                            "all":{
                                "type":"sudan",
                                "纵欲":1
                            },
                            "all":{
                                "type":"sudan",
                                "杀戮":1
                            }
                        }
                    },
                    "open_adsorb":0,
                    "is_key":0,
                    "is_empty":1,
                    "is_enemy":0,
                    "text":"青铜及以下品级的征服卡或者切合追随者品级的杀戮卡和纵欲卡\n纵欲卡：灵视+1 追随者激情-1 上阵角色获得诅咒+1 妻子不满 邪术的痕迹\n纵欲卡追随者为拜铃耶：灵视+2 银预兆 污渍：信徒 拜铃耶魔力+2 妻子不满\n杀戮卡：体魄+1 灵视+2 恶名+1 追随者死亡 邪术的痕迹\n杀戮卡追随者为拜铃耶：体魄+1 灵视+2 恶名+1 污渍：天使\n征服卡 魔力魅力鉴定<=3点成功：主角获得诅咒 无论成功失败都能消卡\n征服卡追随者为拜铃耶：拜铃耶魔力+1 银洞察 空置的宅邸\n不放卡追随者为拜铃耶：拜铃耶魔力+1 银洞察\n不放卡 魔力魅力鉴定<=3点成功：主角获得诅咒",                   
                    "pops":[
                        {
                            "condition":{
                                "s3.纵欲":1,
                                "s2":1,
                                "!s2.激情":1,
                                "!s2.is":2000022
                            },
                            "action":{
                                "pop.5000501_s3_01.s2":"你在想什么？我不会去的！"
                            }
                        },
                        {
                            "condition":{
                                "s3.纵欲":1,
                                "s2":1,
                                "any":{
                                    "s2.激情":1,
                                    "s2.is":2000022
                                },
                                "f:s3.rare-s2.rare>":0
                            },
                            "action":{
                                "pop.5000501_s3_02.self":"此人不满足折断苏丹卡所需的品级。"
                            }
                        },
                        {
                            "condition":{
                                "s3.杀戮":1,
                                "s2":1,
                                "f:s3.rare-s2.rare>":0
                            },
                            "action":{
                                "pop.5000501_s3_03.self":"此人不满足折断苏丹卡所需的品级。"
                            }
                        }
                    ] 
                },
            "s4":
                {
                    "condition": 
                    {
                        "type":"item",
                        "cost.消耗品=":1,
                        "!金币":1 
                    },
                    "open_adsorb":0,
                    "is_key":0,
                    "is_empty":1,
                    "is_enemy":0,
                    "text":"可以尝试放一下道具上去，也许会有些用处"
                }
        }
    } 