 {
        "id": 5000630,
        "name": "受伤的白犀牛",
        "text": "有人在野外的一处水草丰茂之地目击到一只白犀牛，疑似受伤了。",       
        "tips": "",
        "mapping_id":8001048,
        "once_new":0,
        "round_number": 1,
        "waiting_round":0, 
        "waiting_round_end_action":[ //仪式没有处理，自动关闭后
        ],
        "method_settlement": "",
        "auto_begin": 0, 
        "auto_result": 0, //自动执行
        "location": "野外:[1,6]", 
        "icon": "rite_15",  
        "tag_tips": [
            "体魄",
            "战斗",
            "隐匿"
        ],
        "tag_tips_up":{
            "tips":["隐匿","体魄","战斗"],
            "type":"fight_result"

        },
        "tips_text":[
            "需要尽快处理，否则白犀牛可能就跑了。",
            "需要准备充分再去处理，如果失败了白犀牛会跑掉。",
            "通过隐匿检定，可以不直接与白犀牛对抗。",
            "隐匿检测获得2点成功下：战斗体魄检测只需1点成功",
            "隐匿检测不成功：要在己方数值-（犀牛战斗4+体魄7），投出3点成功",
            "战斗体魄检测不通过：会再检测一轮，此时无论成功失败都会受伤，失败后犀牛逃走"
        ],
        "open_conditions": [  
        ],
        "random_text": {
            "r1":"你从远处发现了那只白犀牛，你打算悄悄靠近，用投枪给它来个狠的",
            "r2":"你手握投枪，瞄准着白犀牛受伤的位置狠狠地投掷了出去。",
            "r3":"无奈，你们抽出身上的武器，准备和它硬刚了"  
        },
        "random_text_up":{
            "r1":{
                "text":"你从远处发现了那只白犀牛，你打算悄悄靠近，观察它的破绽。",
                "type":"normal_result",
                "type_tips":"你的隐匿为你提供了完整的骰子数量。",
                "low_target": 2,
                "low_target_tips": "你至少需要2点成功才能在不被察觉的情况下靠近。"
            },
            "r2":{
                "text":"你手握投枪，瞄准着白犀牛受伤的位置狠狠地投掷了出去。",
                "type":"normal_result",
                "type_tips":"你的战斗和体魄为你提供了完整的骰子数量。",
                "low_target": 1,
                "low_target_tips": "你至少需要1点成功才能偷袭成功。"
            },
            "r3":{
                "text":"无奈，你们抽出身上的武器，不得不和它打一场硬仗了。",
                "type":"fight_result",
                "type_tips":"你的战斗和体魄为你提供的骰子数量受白犀牛对应属性的影响。",
                "low_target": 3,
                "low_target_tips": "你至少需要3点成功。"
            }
        },
        "random_effect": {          
        },
        "settlement_prior": [
        ],                
        "settlement": [
        ],                
        "settlement_extre": [
            {
                "condition": {
                    "r1:隐匿>=":[2,5]
                },
                "result_title":"",
                "result_text": "你成功地靠近白犀牛，不过，这也是不惊动它的极限位置了。\n它正在河边饮水，身侧有一道狭长的伤口，还在流着血。看来这伤很深，必定是一把利刃留下的。你心里计较着，如果用投枪投中它的伤口，就能在最大程度地保护这张美丽犀皮的前提下将它杀死……",
                "result": 
                { 
                },
                "action": {
                }
            },
            {
                "condition": {
                    "r1:隐匿>=":[2,5],
                    "r2:体魄+战斗>=":[1,5]
                },
                "result_title":"你成功了",
                "result_text": "归功于完美的体魄和战斗能力，投枪又狠又准地插入了白犀牛的伤口。白犀牛发出刺耳的嚎叫，发狂般地挣扎、奔跑、试图甩掉这痛苦的利器，扬起了无尽的尘土，最终，还是失血倒地，没有了声息。确定它真的不会再跳起来给你一脚之后，你擦了把汗，在血腥味引来鬣狗之前迅速地把你的猎物带走。",
                "result": 
                { 
                    "clean.s1":1,
                    "card":[2000329,"已拥有+1"],
                    "clean.s5":1
                },
                "action": {
                    "event_on":5300120 //激活阿迪莱的战书
                }
            },
            {
                "condition": {
                    "r1:隐匿>=":[2,5],
                    "r2:体魄+战斗<":[1,5]
                },
                "result_title":"你失手了",
                "result_text": "投枪飘忽地扎进水里，惊动了这只本就警惕的庞大生物。白犀牛昂起首来，看向了你们的位置。看来，有一场硬仗要打了。",
                "result": 
                { 
                },
                "action": {
                }
            },
            {
                "condition": {
                    "r1:隐匿>=":[2,5],
                    "r2:体魄+战斗<":[1,5],
                    "r3:体魄+战斗-e(体魄+战斗)>=":[3,5]
                },
                "result_title":"",
                "result_text": "凭着卓越的体魄和战斗技巧，你们最终取得了胜利。白犀牛悲鸣着倒下，扬起一蓬尘土，终究是没有了声息。你擦了把汗，在血腥味引来鬣狗之前，你得赶紧把战利品带走。",
                "result": 
                { 
                    "clean.s1":1,
                    "card":[2000329,"已拥有+1"],
                    "clean.s5":1
                },
                "action": {
                    "event_on":5300120 //激活阿迪莱的战书
                }
            },
            {
                "condition": {
                    "r1:隐匿>=":[2,5],
                    "r2:体魄+战斗<":[1,5],
                    "r3:体魄+战斗-e(体魄+战斗)>=":[1,5],
                    "r3:体魄+战斗-e(体魄+战斗)<":[3,5]
                },
                "result_title":"",
                "result_text": "势均力敌的战斗，猎物和猎人的身份在随时切换，但最后还是你获胜了。白犀牛悲鸣着倒下，扬起一蓬尘土，终究是没有了声息。你和同伴彼此搀扶着，草草处理了一下伤口。时间紧迫，在血腥味引来鬣狗之前，你们必须赶紧把战利品带走。",
                "result": 
                { 
                    "clean.s1":1,
                    "card":[2000329,"已拥有+1"],
                    "s2+equip":2000098,
                    "s3+equip":2000098,
                    "clean.s5":1
                },
                "action": {
                    "event_on":5300120 //激活阿迪莱的战书
                }
            },
            {
                "condition": {
                    "r1:隐匿>=":[2,5],
                    "r2:体魄+战斗<":[1,5],
                    "r3:体魄+战斗-e(体魄+战斗)<":[1,5]
                },
                "result_title":"",
                "result_text": "白犀牛在你们中间横冲直撞，最终凭借着蛮力和强烈的求生意志逃走了。你们伤痕累累，垂头丧气，但至少，你们还活着……自此，你们彻底失去了白犀牛的消息。",
                "result": 
                { 
                    "s2+equip":2000098,
                    "s3+equip":2000098
                },
                "action": {
                    "event_on":5300129
                }
            },
            {
                "condition": {
                    "r1:隐匿<":[2,5]
                },
                "result_title":"",
                "result_text": "你们刚想靠近，就不小心惊动了这只警惕的庞大生物。白犀牛昂起首来，看向了你们的位置。看来，有一场硬仗要打了。",
                "result": 
                { 
                },
                "action": {
                }
            },
            {
                "condition": {
                    "r1:隐匿<":[2,5],
                    "r3:体魄+战斗-e(体魄+战斗)>=":[3,5]
                },
                "result_title":"",
                "result_text": "凭着卓越的体魄和战斗技巧，你们最终取得了胜利。白犀牛悲鸣着倒下，扬起一蓬尘土，终究是没有了声息。你擦了把汗，在血腥味引来鬣狗之前，你得赶紧把战利品带走。",
                "result": 
                { 
                    "clean.s1":1,
                    "card":[2000329,"已拥有+1"],
                    "clean.s5":1
                },
                "action": {
                    "event_on":5300120 //激活阿迪莱的战书
                }
            },
            {
                "condition": {
                    "r1:隐匿<":[2,5],
                    "r3:体魄+战斗-e(体魄+战斗)>=":[1,5],
                    "r3:体魄+战斗-e(体魄+战斗)<":[3,5]
                },
                "result_title":"",
                "result_text": "势均力敌的战斗，猎物和猎人的身份在随时切换，但最后还是你获胜了。白犀牛悲鸣着倒下，扬起一蓬尘土，终究是没有了声息。你和同伴彼此搀扶着，草草处理了一下伤口。时间紧迫，在血腥味引来鬣狗之前，你们必须赶紧把战利品带走。",
                "result": 
                { 
                    "clean.s1":1,
                    "card":[2000329,"已拥有+1"],
                    "s2+equip":2000098,
                    "s3+equip":2000098,
                    "clean.s5":1
                },
                "action": {
                    "event_on":5300120 //激活阿迪莱的战书
                }
            },
            {
                "condition": {
                    "r1:隐匿<":[2,5],
                    "r3:体魄+战斗-e(体魄+战斗)<":[1,5]
                },
                "result_title":"",
                "result_text": "白犀牛在你们中间横冲直撞，最终凭借着蛮力和强烈的求生意志逃走了。你们伤痕累累，垂头丧气，但至少，你们还活着……自此，你们彻底失去了白犀牛的消息。",
                "result": 
                { 
                    "s2+equip":2000098,
                    "s3+equip":2000098
                },
                "action": {
                    "event_on":5300129
                }
            }
        ],
        "cards_slot":
        {
            "s1":
            {
                "condition":
                {
                    "is":2000328      
                },
                "open_adsorb":1,
                "is_key":0,
                "is_empty":0,
                "is_enemy":1,
                "text":"受伤的白犀牛"
            },
            "s2":
            {
                "condition":
                {
                    "type":"char"    
                },
                "open_adsorb":0,
                "is_key":0,
                "is_empty":0,
                "is_enemy":0,
                "text":"你可以亲自，或者派遣追随者前去捕猎这只白犀牛",                   
                "pops":[
                    {
                        "condition":{
                            "f:s2.隐匿+s3.隐匿+s4.隐匿<": 2
                        },
                        "action":{
                            "pop.5000630_s2_01.self":"如果不能靠<b><color=white>【隐匿】</color></b>的能力潜伏过去，战斗会非常艰难"
                        }
                    },
                    {
                        "condition":{
                            "f:s2.隐匿+s3.隐匿+s4.隐匿<": 2,
                            "f:s2.体魄+s2.战斗+s3.体魄+s3.战斗+s4.体魄+s4.战斗+s5.体魄+s5.战斗-s1.体魄-s1.战斗<": 3
                        },
                        "action":{
                            "pop.5000630_s2_02.self":"即使是受伤了，但以目前己方的<b><color=white>【体魄】</color></b>和<b><color=white>【战斗】</color></b>能力，根本没法和它匹敌。"
                        }
                    },
                    {
                        "condition":{
                            "f:s2.隐匿+s3.隐匿+s4.隐匿>=": 2,
                            "f:s2.体魄+s2.战斗+s3.体魄+s3.战斗+s4.体魄+s4.战斗+s5.体魄+s5.战斗-s1.体魄-s1.战斗<":1
                        },
                        "action":{
                            "pop.5000630_s2_03.self":"即使能够依靠潜行偷袭，但以目前己方的<b><color=white>【体魄】</color></b>和<b><color=white>【战斗】</color></b>能力，根本没法和它匹敌。"
                        }
                    },
                    {
                        "condition":{
                            "f:s2.隐匿+s3.隐匿+s4.隐匿>=": 2,
                            "f:s2.体魄+s2.战斗+s3.体魄+s3.战斗+s4.体魄+s4.战斗+s5.体魄+s5.战斗-s1.体魄-s1.战斗>=":1,
                            "!s4":1
                        },
                        "action":{
                            "pop.5000630_s2_04.self":"万事具备，但如果有<b><color=white>【情报】</color></b>的支撑的话，可以为自己提供试错机会，否则阴沟里翻船就不美了。"
                        }
                    },
                    {
                        "condition":{
                            "f:s2.隐匿+s3.隐匿+s4.隐匿>=": 2,
                            "f:s2.体魄+s2.战斗+s3.体魄+s3.战斗+s4.体魄+s4.战斗+s5.体魄+s5.战斗-s1.体魄-s1.战斗>=":1,
                            "s4":1
                        },
                        "action":{
                            "pop.5000630_s2_05.self":"万事具备，现在就看狩猎之神是否在我们这边了。"
                        }
                    }
                ] 
            },
            "s3":
            {
                "condition":
                {
                    "type":"char"    
                },
                "open_adsorb":0,
                "is_key":0,
                "is_empty":1,
                "is_enemy":0,
                "text":"你可以亲自，或者派遣追随者前去捕猎这只白犀牛",                   
                "pops":[
                    {
                        "condition":{
                            "f:s2.隐匿+s3.隐匿+s4.隐匿<": 2
                        },
                        "action":{
                            "pop.5000630_s3_01.self":"如果不能靠<b><color=white>【隐匿】</color></b>的能力潜伏过去，战斗会非常艰难"
                        }
                    },
                    {
                        "condition":{
                            "f:s2.隐匿+s3.隐匿+s4.隐匿<": 2,
                            "f:s2.体魄+s2.战斗+s3.体魄+s3.战斗+s4.体魄+s4.战斗+s5.体魄+s5.战斗-s1.体魄-s1.战斗<": 3
                        },
                        "action":{
                            "pop.5000630_s3_02.self":"即使是受伤了，但以目前己方的<b><color=white>【体魄】</color></b>和<b><color=white>【战斗】</color></b>能力，根本没法和它匹敌。"
                        }
                    },
                    {
                        "condition":{
                            "f:s2.隐匿+s3.隐匿+s4.隐匿>=": 2,
                            "f:s2.体魄+s2.战斗+s3.体魄+s3.战斗+s4.体魄+s4.战斗+s5.体魄+s5.战斗-s1.体魄-s1.战斗<":1
                        },
                        "action":{
                            "pop.5000630_s3_03.self":"即使依靠潜行，但以目前己方的<b><color=white>【体魄】</color></b>和<b><color=white>【战斗】</color></b>能力，根本没法和它匹敌。"
                        }
                    },
                    {
                        "condition":{
                            "f:s2.隐匿+s3.隐匿+s4.隐匿>=": 2,
                            "f:s2.体魄+s2.战斗+s3.体魄+s3.战斗+s4.体魄+s4.战斗+s5.体魄+s5.战斗-s1.体魄-s1.战斗>=":1,
                            "!s4":1
                        },
                        "action":{
                            "pop.5000630_s3_04.self":"万事具备，但如果有<b><color=white>【情报】</color></b>的支撑的话，可以为自己提供试错机会，否则阴沟里翻船就不美了。"
                        }
                    },
                    {
                        "condition":{
                            "f:s2.隐匿+s3.隐匿+s4.隐匿>=": 2,
                            "f:s2.体魄+s2.战斗+s3.体魄+s3.战斗+s4.体魄+s4.战斗+s5.体魄+s5.战斗-s1.体魄-s1.战斗>=":1,
                            "s4":1
                        },
                        "action":{
                            "pop.5000630_s3_05.self":"万事具备，现在就看狩猎之神是否在我们这边了。"
                        }
                    }
                ] 
            },
            "s4":
            {
                "condition":
                {
                    "type":"item",
                    "cost.消耗品=":1,
                        "!金币":1    
                },
                "open_adsorb":0,
                "is_key":0,
                "is_empty":1,
                "is_enemy":0,
                "text":"有些消耗品能在战斗中派上用场",                   
                "pops":[
                    {
                        "condition":{
                            "f:s2.隐匿+s3.隐匿+s4.隐匿<": 2
                        },
                        "action":{
                            "pop.5000630_s4_01.self":"如果不能靠<b><color=white>【隐匿】</color></b>的能力潜伏过去，战斗会非常艰难"
                        }
                    },
                    {
                        "condition":{
                            "f:s2.隐匿+s3.隐匿+s4.隐匿<": 2,
                            "f:s2.体魄+s2.战斗+s3.体魄+s3.战斗+s4.体魄+s4.战斗+s5.体魄+s5.战斗-s1.体魄-s1.战斗<": 3
                        },
                        "action":{
                            "pop.5000630_s4_02.self":"即使是受伤了，但以目前己方的<b><color=white>【体魄】</color></b>和<b><color=white>【战斗】</color></b>能力，根本没法和它匹敌。"
                        }
                    },
                    {
                        "condition":{
                            "f:s2.隐匿+s3.隐匿+s4.隐匿>=": 2,
                            "f:s2.体魄+s2.战斗+s3.体魄+s3.战斗+s4.体魄+s4.战斗+s5.体魄+s5.战斗-s1.体魄-s1.战斗<":1
                        },
                        "action":{
                            "pop.5000630_s4_03.self":"即使依靠潜行，但以目前己方的<b><color=white>【体魄】</color></b>和<b><color=white>【战斗】</color></b>能力，根本没法和它匹敌。"
                        }
                    },
                    {
                        "condition":{
                            "f:s2.隐匿+s3.隐匿+s4.隐匿>=": 2,
                            "f:s2.体魄+s2.战斗+s3.体魄+s3.战斗+s4.体魄+s4.战斗+s5.体魄+s5.战斗-s1.体魄-s1.战斗>=":1,
                            "s4":1
                        },
                        "action":{
                            "pop.5000630_s4_04.self":"万事具备，现在就看狩猎之神是否在我们这边了。"
                        }
                    }
                ] 
            },
            "s5":
            {
                "condition":
                {
                    "type":"sudan",
                    "征服":1,
                    "f:rare-s1.rare<=":0    
                },
                "open_adsorb":0,
                "is_key":0,
                "is_empty":1,
                "is_enemy":0,
                "text":"你可以借此折断一张不高于犀牛品级的征服卡"
            }
        }
    } 