 {
        "id": 5000602,
        "name": "酒庄的归属",
        "text": "有人找上门来，声称自己是那天被你袭击的酒庄的主人，想要找你聊聊……看起来，他没有明显的恶意。",       
        "tips": "",
        "mapping_id":8001077,
        "once_new":0,
        "round_number": 1,
        "waiting_round":3, 
        "waiting_round_end_action":[ //仪式没有处理，自动关闭后
        {
            "condition": {
            },
            "result_text": "又过了几天，他又来了",
            "result": 
            { 
                "event_on":5300101
            },
            "action": {
            }
        }
        ],
        "method_settlement": "",
        "auto_begin": 0, 
        "auto_result": 0, //自动执行
        "location": "自宅:[2,12]", 
        "icon": "rite_16",  
        "tag_tips": [
        ],
        "tag_tips_up":{
        },
        "tips_text":[
            "接待：迷药+1 触发剧情",
            "不接待：触发再次来访",
            "扎奇伊来接待：小剧情 触发再次来访"
        ],
        "open_conditions": [  
        ],
        "random_text": { 
        },
        "random_text_up":{
        },
        "random_effect": {          
        },
        "settlement_prior": [
            {
                "condition": {
                    "s2.is":2000063 //让扎奇伊来接待的特殊分支
                },
                "result_title":"",
                "result_text": "一见到扎齐伊，酒庄主人就发出一串大笑，“这不是我的好侄子吗，扎齐伊？你怎么在这？”\n少年猝不及防地被他热情地一把搂住，有点不自在地低下头去，“老师今天有事外出，叮嘱我帮忙接待客人……大伯，您找他有什么事？我可以代为转述。”\n“哈哈，我们扎齐伊还真是长大了……”酒庄主人端起酒盏，掩去脸上意味深长的微笑。寒暄了几句之后，他就向扎齐伊告辞了，“我还会来拜访的，你就这样告诉你的老师就行。”",
                "result": 
                { 
                "event_on":5300101
                },
                "action": {
                }
            }
        ],                
        "settlement": [
        ],                
        "settlement_extre": [
            {
                "condition": {
                },
                "result_title":"",
                "result_text": "这个看起来颇有些阴冷的男人不是来追究责任的。他自称是法图娜女士的丈夫的哥哥，而随着丈夫突然病逝，这名未亡人继承了一大笔财产……",
                "result": 
                { 
                },
                "action": {
                }
            },
            {
                "condition": {
                },
                "result_title":"",
                "result_text": "“那些财产不该属于她……”他摩挲着拇指上的扳指，递给你一个意味深长的眼神。他提出希望与你合作，利用法图娜的信任把她骗出来，将她绑架……事成之后你可以分到那份财产的一半——这会是非常优厚的报偿。",
                "result": 
                { 
                },
                "action": {
                }
            },
            {
                "condition": {
                },
                "result_title":"",
                "result_text": "贪念占据了你的脑海一瞬间，那人眯着眼睛，满意地取出一瓶迷药放在了你桌上，劝诱道，“对你来说这很简单，不是吗？她相信你。”\n你知道他是对的，法图娜相信你。可她是那样地相信你啊……你的良知又开始作祟了……",
                "result": 
                { 
                    "card":[2000316,"已拥有+1"]  //迷药
                },
                "action": {
                    "event_on":5300102 //激活邀请寡妇的仪式
                }
            }
        ],
        "cards_slot":
        {
            "s1":
            {
                "condition":
                {
                    "is":2000314          
                },
                "open_adsorb":1,
                "is_key":0,
                "is_empty":0,
                "is_enemy":0,
                "text":"酒庄的前主人"
            },
            "s2":
            {
                "condition":
                {
                    "type":"char"
                },
                "open_adsorb":0,
                "is_key":0,
                "is_empty":0,
                "is_enemy":0,
                "text":"你可以亲自或者派任意追随者接待他"
            }
        }
    } 