{
    "id": 5000101,
    "name": "裁缝店",
    "text": "马尔基娜很乐意替你或者你的追随者好好打扮一番。",
    "tips": "",
    "mapping_id":8001211, 
    "once_new": 1,
    "round_number": 2,
    "waiting_round": 1,
    "waiting_round_end_action": [],
    "method_settlement": "",
    "auto_begin": 0,
    "auto_result": 0,
    "location": "自宅:[2,12]",
    "icon": "rite_12",
    "tag_tips": [],
    "tag_tips_up": {},
    "tips_text": [
        "已经化过妆的是没法再次化妆的"
    ],
    "open_conditions": [],
    "random_text": {},
    "random_text_up": {},
    "settlement_prior": [],
    "settlement": [
        {
            "condition": {
                "s3.is": 2000680, //苏丹的猜忌
                "s2.主角": 1,
                "counter.7000365<": 1 //避免被重复使用
            },
            "result_title": "你仿佛一夜之间老了二十年",
            "result_text": "在马尔基娜的巧手下，你头发变得惨淡，干枯，点缀着苍白，甚至有几处仿佛被发型刻意掩饰的斑秃。你的脸颊显出了乞丐那样的凹陷……好似得了痨病，或者长期无心进食。而你的双目浮肿，已经完全失去了对这个世界的兴趣……这才是苏丹想要看到的样子，他对此非常满意，还假模假样地安慰了你一下。",
            "result": {
                "counter+7000365": 1, //避免被重复使用
                "clean.s3": 1,
                "s3+equip": 2000682, //装备病容
                "global_counter+7200178": 1 //成就                      
            },
            "action": {
                "global_counter=7200214":1, //成就-没有人比我更懂你-秃头
            }
        },
        {
            "condition": {
                "s3.is": 2000680, //苏丹的猜忌
                "s2.主角": 1,
                "counter.7000365>=": 1 //重复使用的话
            },
            "result_title": "又化了一次老妆",
            "result_text": "但是这次没用了！",
            "result": {},
            "action": {}
        },
        {
            "condition": {
                "s2.妻子": 1 //给妻子化妆
            },
            "result_title": "",
            "result_text": "马尔基娜帮梅姬重新设计了新的搭配风格，让她习惯更华丽的装束——并且鼓励她越是在最黑暗的时候越要保持体面。",
            "result": {
                "s2+妆扮":1,
                "s2+魅力": 1, //魅力
                "s2+equip_slot": "accessory", //额外饰品槽位
                "card": 2000689, //一个幸福感
                "global_counter+7200178": 1 //成就                      
            },
            "action": {}
        },
        {
            "condition": {
                "s2.is": 2000292 //蒙面战士
            },
            "result_title": "",
            "result_text": "马尔基娜帮蒙面剑客做了一个更合身的面具，以及紧身衣——她很享受抚摸这样的肌肉的过程，一直在咯咯咯地笑着。",
            "result": {
                "s2+妆扮":1,
                "global_counter+7200178": 1, //成就   
                "s2+隐匿": 4 //+4隐匿
            },
            "action": {}
        },
        {
            "condition": {
                "s2.is": 2000013 //流浪剑客
            },
            "result_title": "",
            "result_text": "这个逍遥浪子强烈抵抗着马尔基娜的触摸……她们在房间里玩了一会儿追逐游戏，最后，他好歹同意让马尔基娜帮自己调整一下腰带与外套……过了几分钟这个剑客就爱上了这种新装扮。",
            "result": {
                "s2+妆扮":1,
                "global_counter+7200178": 1, //成就   
                "s2+equip_slot": "weapon" //增加一个武器槽位
            },
            "action": {}
        },
        {
            "condition": {
                "s2.is": 2000014 //哈比卜
            },
            "result_title": "",
            "result_text": "她帮哈比卜重新编了头发，还教会了他一种新的养护手部皮肤的方式",
            "result": {
                "s2+妆扮":1,
                "global_counter+7200178": 1, //成就   
                "s2+生存": 2, //生存+2
                "s2+体魄": 2 //体魄+2
            },
            "action": {}
        },
        {
            "condition": {
                "s2.is": 2000019 //热娜
            },
            "result_title": "",
            "result_text": "马尔基娜与热娜聊了半天，决定为设计一些让人更能想到【你】的首饰与搭配。这样，每当人们看到热娜的珠宝时，人们会想起苏丹的游戏——以及你还在受苦的事实。",
            "result": {
                "s2+妆扮":1,
                "global_counter+7200178": 1, //成就   
                "s2+支持": 3, //支持+3
                "s2+社交": 2 //社交+2
            },
            "action": {}
        },
        {
            "condition": {
                "s2.is": 2000021 //伊曼
            },
            "result_title": "",
            "result_text": "马尔基娜欣赏着他的伤疤，并建议他把这些当场一种装饰……伊曼接受了其中一部分设计。",
            "result": {
                "s2+妆扮":1,
                "global_counter+7200178": 1, //成就   
                "s2+魔力": 2, //魔力+2
                "s2+魅力": 2 //魅力+2
            },
            "action": {}
        },
        {
            "condition": {
                "s2.is": 2000054 //哲巴尔
            },
            "result_title": "",
            "result_text": "嗯……哲巴尔应该需要先洗个澡。你之前都不知道马尔基娜能说出这么多刻薄的话来鞭笞一个男人。不过说真的，经过一番清洁与胡须修整之后，哲巴尔焕然一新。",
            "result": {
                "s2+妆扮":1,
                "global_counter+7200178": 1, //成就   
                "s2+体魄": 2, //体魄+2
                "s2+生存": 2 //生存+2
            },
            "action": {}
        },
        {
            "condition": {
                "s2.is": 2000055 //娜依拉
            },
            "result_title": "",
            "result_text": "马尔基娜废了不少口舌跟娜依拉说一个道理：穿的严实一点人更骚——如果娜依拉追求的就是这个的话。\n最后，你看了两个女人战斗一天的成果……确实还不错，当然，你不方便发表太直接的评论。",
            "result": {
                "s2+妆扮":1,
                "global_counter+7200178": 1, //成就   
                "s2+社交": 4 //社交+4
            },
            "action": {}
        },
        {
            "condition": {
                "s2.is": 2000056 //盖斯
            },
            "result_title": "",
            "result_text": "盖斯很抗拒这种粉饰与装扮，不过被马尔基娜捯饬了一番之后，他得到了自己母亲的惊叹与称赞……于是他终于心服口服。",
            "result": {
                "s2+妆扮":1,
                "global_counter+7200178": 1, //成就   
                "s2+魅力": 3, //魅力+3
                "s2+社交": 3 //社交+3
            },
            "action": {}
        },
        {
            "condition": {
                "s2.is": 2000057 //哲瓦德
            },
            "result_title": "",
            "result_text": "一个真正的挑战！特别是哲瓦德拒绝先减肥的时候……马尔基娜用了很多手段修饰了哲瓦德圆滚滚的面部线条——现在它们变得刚毅而忠诚！哲瓦德开心坏了，立即要回家给自己女儿见识见识。",
            "result": {
                "s2+妆扮":1,
                "global_counter+7200178": 1, //成就   
                "s2+隐匿": 3, //隐匿+3
                "s2+魅力": 3 //魅力+3
            },
            "action": {}
        },
        {
            "condition": {
                "s2.is": 2000061 //阿迪莱
            },
            "result_title": "",
            "result_text": "马尔基娜重新帮阿迪莱调整了自己的服装——女装对她来说过于不便于行动，而男装往往不够合身。现在，她仿佛脱掉一层壳一样灵巧，而且身姿更俊俏了。",
            "result": {
                "s2+妆扮":1,
                "global_counter+7200178": 1, //成就   
                "s2+equip_slot": "weapon", //增加一个武器槽位
                "s2+魅力": 1 //魅力+1
            },
            "action": {}
        },
        {
            "condition": {
                "s2.is": 2000062 //法图娜
            },
            "result_title": "",
            "result_text": "法图娜一直戴着象征寡居的面纱——马尔基娜调整了它们的款式，现在，她的悲伤藏得更深了。",
            "result": {
                "s2+妆扮":1,
                "global_counter+7200178": 1, //成就   
                "s2+隐匿": 4, //+4隐匿
                "s2+魅力": 2 //+2魅力
            },
            "action": {}
        },
        {
            "condition": {
                "s2.is": 2000063 //扎奇伊
            },
            "result_title": "",
            "result_text": "扎齐伊一直在努力让自己看上去像个大人，而马尔基娜教他如何利用自己年少的优势。",
            "result": {
                "s2+妆扮":1,
                "global_counter+7200178": 1, //成就   
                "s2+隐匿": 3, //+3隐匿
                "s2+智慧": 2 //+2智慧
            },
            "action": {}
        },
        {
            "condition": {
                "s2.is": 2000064 //奈布哈尼
            },
            "result_title": "",
            "result_text": "奈布哈尼爱死马尔基娜了，他们两恨不得一天互相帮对方搭配十套衣服然后互相吹捧。在这之后他变得越来越讲究，有时候恨不得带着两套配饰根据场合更换……",
            "result": {
                "s2+妆扮":1,
                "global_counter+7200178": 1, //成就   
                "s2+equip_slot": "accessory", //增加一个饰品槽位
                "s2+社交": 2 //+2社交
            },
            "action": {}
        },
        {
            "condition": {
                "s2.is": 2000065 //法里斯
            },
            "result_title": "",
            "result_text": "法里斯身上的狗味儿太大了——于是马尔基娜专门为他找到了能遮盖味道但狗也不会讨厌的香水。顺便，还有能把大部分重要物品都挂在腰带上的时髦金链子，免得他又弄丢了。",
            "result": {
                "s2+妆扮":1,
                "global_counter+7200178": 1, //成就   
                "s2+生存": 4 //生存+4
            },
            "action": {}
        },
        {
            "condition": {
                "s2.is": 2000080 //朱娜
            },
            "result_title": "",
            "result_text": "马尔基娜只是给朱娜安排了普通贵妇人的服装——那是朱娜赎身之后也不敢穿的东西。在她的坚持下，朱娜宛如新生。",
            "result": {
                "s2+妆扮":1,
                "global_counter+7200178": 1, //成就   
                "s2+魅力": 3, //魅力+3
                "s2+社交": 3, //社交+3
                "s2+隐匿": 3 //隐匿+3
            },
            "action": {}
        },
        {
            "condition": {
                "s2.is": 2000081 //贾丽拉
            },
            "result_title": "",
            "result_text": "马尔基娜给贾丽拉搭配了一身女学者服饰——她就穿着去了一次书店，就有好几十个之前的客人赶着马车过来搭讪。",
            "result": {
                "s2+妆扮":1,
                "global_counter+7200178": 1, //成就   
                "s2+魅力": 3, //魅力+3
                "s2+社交": 3 //社交+3
            },
            "action": {}
        },
        {
            "condition": {
                "s2.is": 2000082 //夏玛
            },
            "result_title": "",
            "result_text": "马尔基娜很善解人意地为夏玛搭配了几套男装……即使梅姬也没忍住多看了几眼。",
            "result": {
                "s2+妆扮":1,
                "global_counter+7200178": 1, //成就   
                "s2+魅力": 3, //+3魅力
                "s2+战斗": 3 //+3战斗
            },
            "action": {}
        },
        {
            "condition": {
                "s2.is": 2000113 //阿里木
            },
            "result_title": "",
            "result_text": "你完全认不出来这个是原来的阿里木了。他穿着这件衣服去苏丹的宫廷转了一圈，还发表了一段讲话——居然没人指出有什么问题。",
            "result": {
                "s2+妆扮":1,
                "global_counter+7200178": 1, //成就   
                "s2+贵族": 1, //贵族+1
                "s2+魅力": 2, //魅力+2
                "s2+隐匿": 2 //隐匿+2
            },
            "action": {}
        },
        {
            "condition": {
                "s2.is": 2000114 //古利斯
            },
            "result_title": "",
            "result_text": "古利斯拒绝对自己辫子的任何调整，但他比你预想的更适合在身体上点缀金银珠宝……仿佛他曾经就这么生活过一样。",
            "result": {
                "s2+妆扮":1,
                "global_counter+7200178": 1, //成就   
                "s2+魅力": 2, //魅力+2
                "s2+战斗": 2 //战斗+2
            },
            "action": {}
        },
        {
            "condition": {
                "s2.is": 2000123 //鲁梅拉
            },
            "result_title": "",
            "result_text": "马尔基娜为鲁梅拉做了新的长袍——更华贵，还能藏两本书。",
            "result": {
                "s2+妆扮":1,
                "global_counter+7200178": 1, //成就   
                "s2+equip_slot": "accessory", //增加一个饰品槽位
                "s2+魅力": 2 //魅力+2
            },
            "action": {}
        },
        {
            "condition": {
                "s2.is": 2000195 //拉伊德
            },
            "result_title": "",
            "result_text": "拉伊德坚持要保持“朴素”的外表，这样才能和需要她帮助的人打成一片。马尔基娜参考了她的建议，于是帮她缝制了一个更适合工作的，结实的大裤子。",
            "result": {
                "s2+妆扮":1,
                "global_counter+7200178": 1, //成就   
                "s2+equip_slot": "weapon", //增加一个武器槽位
                "s2+生存": 2 //生存+2
            },
            "action": {}
        },
        {
            "condition": {
                "s2.is": 2000196 //杰莫尔
            },
            "result_title": "",
            "result_text": "你可真是会给马尔基娜出难题呢！但她娴熟地运用化妆手段让杰莫尔看起来更吓人了……从普通的猥琐变成了真正的恐怖，杰莫尔自己乐不可支，这就是他一生都梦想的大佬境界！",
            "result": {
                "s2+妆扮":1,
                "global_counter+7200178": 1, //成就   
                "s2+战斗": 4 //战斗+4
            },
            "action": {}
        },
        {
            "condition": {
                "s2.is": 2000197 //哈马尔
            },
            "result_title": "",
            "result_text": "你可真是会给马尔基娜出难题呢！但她娴熟地运用化妆手段让哈马尔看起来更吓人了……从普通的猥琐变成了真正的恐怖，哈马尔自己乐不可支，这就是他一生都梦想的大佬境界！",
            "result": {
                "s2+妆扮":1,
                "global_counter+7200178": 1, //成就   
                "s2+战斗": 4 //战斗+4
            },
            "action": {}
        },
        {
            "condition": {
                "s2.is": 2000352 //玛希尔
            },
            "result_title": "",
            "result_text": "玛希尔什么都不想要，她也不需要。不过马尔基娜给她缝制了一套耳罩和眼罩——现在她睡在实验室里也不用担心被吵醒了！而良好的睡眠对学者来说几乎是无价的！",
            "result": {
                "s2+妆扮":1,
                "global_counter+7200178": 1, //成就   
                "s2+重投": 1, //重投+1
                "s2+智慧": 2 //智慧+2
            },
            "action": {}
        },
        {
            "condition": {
                "s2.法拉杰": 1 //法拉杰
            },
            "result_title": "",
            "result_text": "法拉杰希望模仿你的衣着习惯，但马尔基娜给了他一些更实用的建议——现在他学会穿和你配色互补的衣服了，真令人担心啊。",
            "result": {
                "s2+妆扮":1,
                "global_counter+7200178": 1, //成就   
                "s2+魅力": 3, //魅力+3
                "s2+生存": 3 //生存+3
            },
            "action": {}
        },
        {
            "condition": {
                "s2.is": 2000460 //哈桑
            },
            "result_title": "",
            "result_text": "哈桑的品位太差，惹得马尔基娜不开心了，最后，她只是在羊肉炉的身上多系了一串铃铛。",
            "result": {
                "s2+妆扮":1,
                "global_counter+7200178": 1, //成就   
                "s2+重投": 1, //重投+1
                "s2+生存": 2 //生存+2
            },
            "action": {}
        },
        {
            "condition": {
                "s2.is": 2000461 //贝姬夫人
            },
            "result_title": "",
            "result_text": "贝姬夫人实在是太可爱了！应该好好打扮一番！马尔基娜告诉你，她决定帮贝姬夫人单独剪裁每一件衣服和每一串首饰，好让猫猫也能穿金戴银。",
            "result": {
                "s2+妆扮":1,
                "global_counter+7200178": 1, //成就   
                "s2+equip_slot": "accessory", //增加一个饰品槽位
                "s2+equip_slot": "cloth" //增加一个服装槽位
            },
            "action": {}
        },
        {
            "condition": {
                "s2.is": 2000369 //铁头
            },
            "result_title": "",
            "result_text": "马尔基娜很喜欢铁头的肌肉，她为铁头设计了更结实，更好看，也更适合用力的袍服。",
            "result": {
                "s2+妆扮":1,
                "global_counter+7200178": 1, //成就   
                "s2+体魄": 2, //体魄+2
                "s2+魅力": 2, //魅力+2
                "s2+生存": 2 //生存+2
            },
            "action": {}
        },
        {
            "condition": {
                "s2.is": 2000371 //小圆
            },
            "result_title": "",
            "result_text": "小圆觉得自己不适合过于华丽的东西，但她很乐意和马尔基娜讨论如何制作那些护肤品……她在这方面非常有天赋。",
            "result": {
                "s2+妆扮":1,
                "global_counter+7200178": 1, //成就   
                "s2+生存": 4 //生存+4
            },
            "action": {}
        },
        {
            "condition": {
                "s2.is": 2000370 //快脚
            },
            "result_title": "",
            "result_text": "马尔基娜帮快脚做了一个新发型，还换上了一个新的领巾，这样人们老远就能认出那是[player.name]家的信使。",
            "result": {
                "s2+妆扮":1,
                "global_counter+7200178": 1, //成就   
                "s2+体魄": 2, //体魄+2
                "s2+魅力": 2, //魅力+2
                "s2+生存": 2 //生存+2
            },
            "action": {}
        },
        {
            "condition": {
                "s2.主角": 1, //主角
                "!s2.is":2000861  //不是双胞胎
            },
            "result_title": "",
            "result_text": "啊！老爷，你需要的可太多了……你承担的……也太多了。我会尽全力帮到你的！",
            "result": {
                "s2+妆扮":1,
                "global_counter+7200178": 1, //成就   
                "s2+体魄": 1, //体魄+1
                "s2+魅力": 1, //魅力+1
                "s2+智慧": 1, //智慧+1
                "s2+隐匿": 1, //智慧+1
                "s2+战斗": 1, //战斗+1
                "s2+社交": 1, //体魄+1
                "s2+魔力": 1, //魔力+1
                "s2+生存": 1, //生存+1
                "s2+重投": 1 //重投+1           
            },
            "action": {}
        },
        {
            "condition": {
                "s2.主角": 1, //主角
                "s2.is":2000861  //是双胞胎
            },
            "result_title": "假作真时真亦假",
            "result_text": "马尔基娜似乎能区分你们两人——但她一直在装傻。这真的非常有趣。",
            "result": {
                "s2+妆扮":1,
                "global_counter+7200178": 1, //成就   
                "s2+体魄": 2, //体魄+1
                "s2+魅力": 2, //魅力+1
                "s2+智慧": 2, //智慧+1
                "s2+隐匿": 2, //智慧+1
                "s2+战斗": 2, //战斗+1
                "s2+社交": 2, //体魄+1
                "s2+魔力": 2, //魔力+1
                "s2+生存": 2, //生存+1
                "s2+重投": 1 //重投+1       
                //此处缺一个邪魅一笑版本的图片切换    
            },
            "action": {}
        },
        {
            "condition": {
                "s2.is": 2000129 //舞姬
            },
            "result_title": "她有着高贵的血统", //
            "result_text": "虽然阿图尔娜似乎有些抵触，但马尔基娜还是坚持让她尝试更高贵的装扮与衣衫……当一个贵妇人为宾客跳起那些妖冶的舞蹈时，场面几乎失控，有人就差点立即要求婚了。",
            "result": {
                "global_counter+7200178": 1, //成就   
                "s2+妆扮":1,
                "s2+社交": 3, //
                "s2+隐匿": 3, //
                "s2+魅力": 3 //魅力
            },
            "action": {}
        },
        {
            "condition": {
                //并非上述所有人的情况
            },
            "result_title": "令人焕然一新", //通用对话
            "result_text": "马尔基娜尽全力打扮了[s2.name]，让[s2.gender]精神焕发。",
            "result": {
                "global_counter+7200178": 1, //成就   
                "s2+妆扮":1,
                "s2+社交": 2, //体魄
                "s2+魅力": 2 //魅力+
            },
            "action": {}
        }
    ],
    "settlement_extre": [
        {
            "condition": {
                "s1.密教徒":1,  //马尔基娜是密教徒
                "s2.密教徒":1,   //s2是密教徒
                "!s2.密教妆":1   //s2还没密教妆
            },
            "result_title": "补全残妆", //通用对话
            "result_text": "失去神，我们都是不完整的。马尔基娜在[s2.name]的脸上描画几笔，接着和[s2.gender]一起低声默诵着密神的名字，一遍又一遍。",
            "result": {
                "s2+魔力":1,
                "s2+体魄":1,
                "counter+7100005":1  //灵视+1
            },
            "action": {}
        }
    ],
    "cards_slot": {
        "s1": {
            "condition": {
                "type": "char",
                "is": 2000459 //裁缝绣娘
            },
            "open_adsorb": 1,
            "is_key": 0,
            "is_empty": 0,
            "is_enemy": 0,
            "text": "马尔基娜",
            "pops": [
                {
                    "condition": {
                        "counter.7000365>=": 1 //如果已经消过一次猜忌，避免被重复使用
                    },
                    "action": {
                        "pop.50080101_s1_02.self": "您已经做过一次这种事了，应该不会有效了吧？"
                    }
                }
            ]
        },
        "s2": {
            "condition": {
                "type": "char",
                "any": {
                    "!动物": 1,
                    "is": 2000461
                },
                "!怪物": 1,
                "!妆扮": 1
            },
            "open_adsorb": 0,
            "is_key": 0,
            "is_empty": 0,
            "is_enemy": 0,
            "text": "任意盟友或自己\n梅姬：妆扮+1 魅力+1 额外饰品槽 幸福感\n蒙面战士：妆扮+1 隐匿+4\n流浪剑客：妆扮+1 额外武器槽\n哈比卜：妆扮+1 生存+2 体魄+2\n热娜：妆扮+1 支持+3 社交+2\n伊曼：妆扮+1 魔力+2 魅力+2\n哲巴尔：妆扮+1 体魄+2 生存+2\n娜依拉：妆扮+1 社交+4\n盖斯：妆扮+1 魅力+3 社交+3\n哲瓦德：妆扮+1 隐匿+3 魅力+3\n阿迪莱：妆扮+1 额外武器槽 魅力+1\n法图娜：妆扮+1 隐匿+4 魅力+2\n扎奇伊：妆扮+1 隐匿+3 智慧+2\n奈布哈尼：妆扮+1 额外饰品槽 社交+2\n法里斯：妆扮+1 生存+4\n朱娜：妆扮+1 魅力+3 社交+3 隐匿+3\n贾丽拉：妆扮+1 魅力+3 社交+3\n夏玛：妆扮+1 魅力+3 战斗+3\n阿里木：妆扮+1 贵族+1 魅力+2 隐匿+2\n古利斯：妆扮+1 魅力+2 战斗+2\n鲁梅拉：妆扮+1 额外饰品槽 魅力+2\n拉伊德：妆扮+1 额外武器槽 生存+2\n杰莫尔/哈马尔：妆扮+1 战斗+4\n玛希尔：妆扮+1 重投+1 智慧+2\n法拉杰：妆扮+1 魅力+3 生存+3\n哈桑：妆扮+1 重投+1 生存+2\n贝姬夫人：妆扮+1 额外饰品槽 额外服装槽\n铁头：妆扮+1 体魄+2 魅力+2 生存+2\n小圆：妆扮+1 生存+4\n快脚：妆扮+1 体魄+2 魅力+2 生存+2\n舞姬：妆扮+1 社交+3 隐匿+3 魅力+3\n主角(普通)：全属性+1 重投+1\n主角(双胞胎)：全属性+2 重投+1\n密教徒补妆：魔力+1 体魄+1 灵视+1（马尔基娜和补妆对象都为密教徒）\n其他人：妆扮+1 社交+2 魅力+2"
        },
        "s3": {
            "condition": {
                "type": "item",
                "!金币":1, 
                "all": {
                    "s2.主角": 1,
                    "is": 2000680 //苏丹的猜忌
                }
            },
            "open_adsorb": 0,
            "is_key": 0,
            "is_empty": 1,
            "is_enemy": 0,
            "text": "特殊道具\n苏丹的猜忌：消除猜忌 主角强制装备病容"
        },
        "s4": {
            "condition": {
                "type": "item",
                "cost.金币": 5
            },
            "open_adsorb": 0,
            "is_key": 0,
            "is_empty": 0,
            "is_enemy": 0,
            "text": "5金币，概不议价"
        }
    }
}