 {
        "id": 5000615,
        "name": "社交教习",
        "text": "想要有所成就，一定得在宫廷里吃得开，年轻人早点来见见世面是最好的。",       
        "tips": "",
        "mapping_id":8001008,
        "once_new":0,
        "round_number": 1,
        "waiting_round":0, 
        "waiting_round_end_action":[ //仪式没有处理，自动关闭后
        ],
        "method_settlement": "",
        "auto_begin": 0, 
        "auto_result": 0, //自动执行
        "location":  "宫廷:[2,6]", 
        "icon": "rite_8",  
        "tag_tips": [
            "社交"
        ],
        "tag_tips_up":{
            "tips":["社交"],
            "type":"normal_result"
        },
        "tips_text":[
            "扎齐伊和指导的人社交越高，训练的效果越好。",
            "上阵角色社交检定>=5点：扎齐伊社交+3",
            "上阵角色社交检定>=3点：扎齐伊社交+2",
            "上阵角色社交检定<3点：扎齐伊社交+1"
        ],
        "open_conditions": [  
        ],
        "random_text": {
            "r1":"你带着扎齐伊来到了宫廷"
        },
        "random_text_up":{
            "r1":{
                "text":"你带着扎齐伊来到了宫廷",
                "type":"normal_result",
                "type_tips":"你的社交为你提供了完整的骰子数量。",
                "low_target": 3,
                "low_target_tips": "你至少需要3点成功。"
            }
        },
        "random_effect": {          
        },
        "settlement_prior": [
        ],                
        "settlement": [
            {
                "condition": {
                    "r1:社交>=":[5,5]
                },
                "result_title":"训练非常成功",
                "result_text": "人们不再担心扎齐伊的家族后继无人。你们一起向宫廷展示了这个年轻人最好的一面。",
                "result": 
                { 
                    "s1+社交":3
                },
                "action": {
                    "clean.rite":5000616,
                    "clean.rite":5000617,
                    "event_on":5300110 //激活下一轮请求
                }
            },
            {
                "condition": {
                    "r1:社交>=":[3,5]
                },
                "result_title":"训练成效尚可。",
                "result_text": "他还是有点紧张，但依然能正确地与贵族们对答，假以时日，他也能在宫廷谋个差事。",
                "result": 
                { 
                    "s1+社交":2
                },
                "action": {
                    "clean.rite":5000616,
                    "clean.rite":5000617,
                    "event_on":5300110 //激活下一轮请求
                }
            },
            {
                "condition": {
                    "r1:社交<":[3,5]
                },
                "result_title":"出了点篓子",
                "result_text": "你们不小心撞到了扎齐伊家族之前的政敌，两边冷嘲热讽，也算是给年轻人上了一堂不愉快的课程。",
                "result": 
                { 
                    "s1+社交":1
                },
                "action": {
                    "clean.rite":5000616,
                    "clean.rite":5000617,
                    "event_on":5300110 //激活下一轮请求
                }
            }
        ],                
        "settlement_extre": [

        ],
        "cards_slot":
        {
            "s1":
            {
                "condition":
                {
                    "is":2000063      
                },
                "open_adsorb":0,
                "is_key":0,
                "is_empty":0,
                "is_enemy":0,
                "text":"扎齐伊"
            },
            "s2":
            {
                "condition":
                {
                    "type":"char",
                    "!is":2000063      
                },
                "open_adsorb":0,
                "is_key":0,
                "is_empty":0,
                "is_enemy":0,
                "text":"你可以亲自，或者派遣任意追随者指导他"
            },
            "s3":
            {
                "condition":
                {
                    "type":"item",
                    "cost.消耗品=":1,
                        "!金币":1      
                },
                "open_adsorb":0,
                "is_key":0,
                "is_empty":1,
                "is_enemy":0,
                "text":"协助训练的消耗品"
            }
        }
    } 