 {
        "id": 5000104,
        "name": "阿图娜尔的请求",
        "text": "阿图娜尔渴望变得更具影响力，这显然对你也有好处。",   
        "tips": "",
        "mapping_id":8001213, 
        "once_new":1,
        "round_number": 1,
        "waiting_round":7,
        "waiting_round_end_action":[
        ],
        "method_settlement": "",
        "auto_begin": 0,
        "auto_result":0,
        "location": "自宅:[2,12]", 
        "icon": "rite_12", 
        "tag_tips": [
        ],
        "tag_tips_up":{
        },
        "tips_text":[
            "你提供的装备的魅力之和不能小于10点",
            "装备被销毁,阿图娜尔升金",
            "魅力+2 体质+1 社交+2",
            "每次升品质可以重新对其使用纵欲卡"
        ],
        "open_conditions": [
            {
                "condition": {
                    "counter.7100003>=":10,      
                    "f:s2.魅力+s3.魅力>=":10
                },
                "tips": "你的权势不能小于10点。装备的魅力之和不能小于10。"
            }
        ],
        "random_text":{
        },
        "random_text_up":{
        },
        "settlement_prior": [
        ],                
        "settlement": [
            {
                "condition":
                {
                },
                "result_title":"",
                "result_text": "黄金和宝石的妆点衬托出了高贵的气质，但更重要的是……你也注意到了，对吗，她不再习惯性地低着头，她学会了不再隐藏自己的美。",
                "result": 
                { 
                    "clean.s2":1,
                    "clean.s3":1,
                    "s1+魅力":2,
                    "s1+体魄":1,
                    "s1+社交":2,
                    "s1.uprare":1,  //升级稀有度
                    "s1=图片":1,  //更换立绘为第二张
                    "s1-纵欲的痕迹":1,
                    "counter=7000079":0                      
                },
                "action":
                {
                }
            }
        ],                
        "settlement_extre": [        
        ],
        "cards_slot":
        {
            "s1":
            {
                "condition":
                {   
                    "type":"char",
                    "is":2000129 //舞姬
                },
                "open_adsorb":0,
                "is_key":0,
                "is_empty":0,
                "is_enemy":0,
                "text":"阿图娜尔希望更进一步"
            },
            "s2":
            {
                "condition":
                {   
                    "type":"item",
                    "装备":1,
                    "rare=":4
                },
                "open_adsorb":0,
                "is_key":0,
                "is_empty":0,
                "is_enemy":0,
                "text":"一件能够提升魅力的黄金品级装备"
            },
            "s3":
            {
                "condition":
                {   
                    "type":"item",
                    "装备":1,
                    "rare=":4
                },
                "open_adsorb":0,
                "is_key":0,
                "is_empty":0,
                "is_enemy":0,
                "text":"一件能够提升魅力的黄金品级装备"
            },
            "s4":
            {
                "condition":
                {   
                    "type":"item",
                    "cost.金币":15
                },
                "open_adsorb":0,
                "is_key":0,
                "is_empty":0,
                "is_enemy":0,
                "text":"15枚金币"
            }
        }
    } 