 {
        "id": 5000601,
        "name": "袭击者的巢穴",
        "text": "在法图娜的指引下，你来到一处贵族酒庄……一处看起来非常宁静的酒庄。这是袭击者的老巢？也许吧。你看了看法图娜……显然，此事涉及了贵族之间的财产纠纷，但在苏丹的游戏中，你本就可以肆意妄为。",       
        "tips": "",
        "mapping_id":8001183, 
        "once_new":0,
        "round_number": 1,
        "waiting_round":7, 
        "waiting_round_end_action":[ //仪式没有处理，自动关闭后
        ],
        "method_settlement": "",
        "auto_begin": 0,
        "auto_result": 0, //自动执行
        "location": "野外:[9,14]", 
        "icon": "rite_17",  
        "tag_tips": [
            "体魄",
            "战斗"
        ],
        "tag_tips_up":{
            "tips":["战斗","体魄"],
            "type":"normal_result"
        },
        "tips_text":[
            "使用征服卡可以让你出师有名",
            "战斗体魄>=3点成功：金币+5 主角魅力+1 法图娜支持+1",
            "普通线额外奖励：权势-1 侠名+1 空置的宅邸",
            "征服线额外奖励：权势+2 空置的宅邸"
        ],
        "open_conditions": [  
        ],
        "random_text": {
            "r1":""   
        },
        "random_text_up":{
            "r1":{
                "text":"你袭击了这个庄园",
                "type":"normal_result",
                "type_tips":"你的战斗和体魄为你提供了完整的骰子数量。",
                "low_target": 3,
                "low_target_tips": "你至少需要3点成功才能渡过危机。"
            }
        },
        "random_effect": {          
        },
        "settlement_prior": [
        ],                
        "settlement": [
            {
                "condition": {
                    "r1:战斗+体魄>=":[3,5]
                },
                "result_title":"",
                "result_text": "这里的卫兵显然称不上训练有素，战斗并不困难。",
                "result": 
                {  
                },
                "action": { 
                    "event_on":5300101,
                    "event_on":5300108 //激活年轻望族的请求                
                }
            },
            {
                "condition": {
                    "r1:战斗+体魄<":[3,5]
                },
                "result_title":"战斗失败",
                "result_text": "你没能攻破卫兵的防线，好不容易才带伤逃出包围，而那位夫人也在冲突中不知所踪。",
                "result": 
                {  
                    "s2+equip":2000098,
                    "s3+equip":2000098,
                    "s4+equip":2000098,
                    "clean.s1":1 //移除寡妇
                },
                "action": { 
                    "event_on":5300107 //激活移除年轻望族
                }
            }
        ],                
        "settlement_extre": [
            {
                "condition": {
                    "r1:战斗+体魄>=":[3,5]
                },
                "result_title":"",
                "result_text": "法图娜在卫兵们的尸体边，表情看起来像是在忍耐着什么，又像是释怀了什么。最后，她只是摇摇头，露出一丝微笑，“谢谢你。”她说着，如约将一笔不菲的酬金交到了你的手中。",
                "result": 
                { 
                    "coin":5 //获得了金币报酬
                },
                "action": {
                }
            },
            {
                "condition": {
                    "r1:战斗+体魄>=":[3,5]
                },
                "result_title":"",
                "result_text": "法图娜感念你的帮助，你获得了她的支持",
                "result": 
                { 
                    "s2+魅力":1, //魅力提升
                    "s1+支持":1
                },
                "action": {
                }
            },
            {
                "condition": {
                    "r1:战斗+体魄>=":[3,5],
                    "!s6":1 //没有放苏丹卡
                },
                "result_title":"出师无名的代价",
                "result_text": "然而很快，你无缘无故侵占了他人酒庄的事流传了出去。没有人关心你这么做的缘由，贵族们都担忧自己的庄园遭到这样莫名的袭击，纷纷投诉你的不义之举。",
                "result": 
                { 
                    "card":2000662, //空置宅邸
                    "counter-7100003": 1, //权势-1
                    "counter+7100004": 1 //侠名+1
                },
                "action": {
                }
            },
            {
                "condition": {
                    "r1:战斗+体魄>=":[3,5],
                    "s6":1 //放苏丹卡
                },
                "result_title":"苏丹的游戏也不错",
                "result_text": "隔天，你向苏丹陈述了你做过的事，并请求抵消一张苏丹卡。贵族们都悄悄松了口气，还好他们不是那个被你盯上、用来完成游戏的倒霉鬼。",
                "result": 
                {
                    "card":2000662, //空置宅邸
                    "clean.s6":1,
                    "counter+7100003": 2 //权势+2
                },
                "action": {
                }
            }
        ],
        "cards_slot":
        {
            "s1":
            {
                "condition":
                {
                    "is":2000062          
                },
                "open_adsorb":1,
                "is_key":0,
                "is_empty":0,
                "is_enemy":0,
                "text":"法图娜希望你能帮她"
            },
            "s2":
            {
                "condition":
                {
                    "type": "char",
                    "主角":1
                },
                "open_adsorb":0,
                "is_key":0,
                "is_empty":0,
                "is_enemy":0,
                "text":"你必须亲自处理这件事",                   
                "pops":[
                    {
                        "condition":{
                            "f:s1.体魄+s1.战斗+s2.体魄+s2.战斗+s3.体魄+s3.战斗+s4.体魄+s4.战斗+s5.体魄+s5.战斗+s6.体魄+s6.战斗<": 3
                        },
                        "action":{
                            "pop.5000601_s2_01.self":"你该意识到，以你目前的<b><color=white>【体魄】</color></b>和<b><color=white>【战斗】</color></b>能力，你需要更多的准备。"
                        }
                    },
                    {
                        "condition":{
                            "f:s1.体魄+s1.战斗+s2.体魄+s2.战斗+s3.体魄+s3.战斗+s4.体魄+s4.战斗+s5.体魄+s5.战斗+s6.体魄+s6.战斗>=": 3,
                            "!s5":1
                        },
                        "action":{
                            "pop.5000601_s2_02.self":"如果有<b><color=white>【情报】</color></b>支持的话，可以多一分胜算。"
                        }
                    }
                ] 
            },
            "s3":
            {
                "condition":
                {
                    "!主角":1,
                    "type":"char"
                },
                "open_adsorb":0,
                "is_key":0,
                "is_empty":1,
                "is_enemy":0,
                "text":"你可以带上任意追随者，只要能帮上忙",                   
                "pops":[
                    {
                        "condition":{
                            "f:s1.体魄+s1.战斗+s2.体魄+s2.战斗+s3.体魄+s3.战斗+s4.体魄+s4.战斗+s5.体魄+s5.战斗+s6.体魄+s6.战斗<": 3
                        },
                        "action":{
                            "pop.5000601_s3_01.self":"你该意识到，以你目前的<b><color=white>【体魄】</color></b>和<b><color=white>【战斗】</color></b>能力，你需要更多的准备。"
                        }
                    },
                    {
                        "condition":{
                            "f:s1.体魄+s1.战斗+s2.体魄+s2.战斗+s3.体魄+s3.战斗+s4.体魄+s4.战斗+s5.体魄+s5.战斗+s6.体魄+s6.战斗>=": 3,
                            "!s5":1
                        },
                        "action":{
                            "pop.5000601_s3_02.self":"如果有<b><color=white>【情报】</color></b>支持的话，可以多一分胜算。"
                        }
                    }
                ] 
            },
            "s4":
            {
                "condition":
                {
                    "!主角":1,
                    "type":"char"
                },
                "open_adsorb":0,
                "is_key":0,
                "is_empty":1,
                "is_enemy":0,
                "text":"你可以带上任意追随者，只要能帮得上忙",                   
                "pops":[
                    {
                        "condition":{
                            "f:s1.体魄+s1.战斗+s2.体魄+s2.战斗+s3.体魄+s3.战斗+s4.体魄+s4.战斗+s5.体魄+s5.战斗+s6.体魄+s6.战斗<": 3
                        },
                        "action":{
                            "pop.5000601_s4_01.self":"你该意识到，以你目前的<b><color=white>【体魄】</color></b>和<b><color=white>【战斗】</color></b>能力，你需要更多的准备。"
                        }
                    },
                    {
                        "condition":{
                            "f:s1.体魄+s1.战斗+s2.体魄+s2.战斗+s3.体魄+s3.战斗+s4.体魄+s4.战斗+s5.体魄+s5.战斗+s6.体魄+s6.战斗>=": 3,
                            "!s5":1
                        },
                        "action":{
                            "pop.5000601_s4_02.self":"如果有<b><color=white>【情报】</color></b>支持的话，可以多一分胜算。"
                        }
                    }
                ] 
            },
            "s5":
            {
                "condition":
                {
                    "type":"item",
                    "cost.消耗品=":1,
                        "!金币":1
                },
                "open_adsorb":0,
                "is_key":0,
                "is_empty":1,
                "is_enemy":0,
                "text":"有些东西在战斗中能派得上用场",                   
                "pops":[
                    {
                        "condition":{
                            "f:s1.体魄+s1.战斗+s2.体魄+s2.战斗+s3.体魄+s3.战斗+s4.体魄+s4.战斗+s5.体魄+s5.战斗+s6.体魄+s6.战斗<": 3
                        },
                        "action":{
                            "pop.5000601_s5_01.self":"你该意识到，以你目前的<b><color=white>【体魄】</color></b>和<b><color=white>【战斗】</color></b>能力，你需要更多的准备。"
                        }
                    }
                ] 
            },
            "s6":
            {
                "condition":
                {
                    "type":"sudan",
                    "征服":1,
                    "rare<=":3
                },
                "open_adsorb":0,
                "is_key":0,
                "is_empty":1,
                "is_enemy":0,
                "text":"你可以抵消一张白银及以下品质的征服卡"
            }
        }
    } 