 {
        "id": 5000613,
        "name": "狩猎实战",
        "text": "只有在真正的狩猎中才能锻炼出真正的战士。你决定带着扎齐伊去见见血。",       
        "tips": "",
        "mapping_id":8001250,
        "once_new":0,
        "round_number": 1,
        "waiting_round":0, 
        "waiting_round_end_action":[ //仪式没有处理，自动关闭后
        ],
        "method_settlement": "",
        "auto_begin": 0, 
        "auto_result": 0, //自动执行
        "location": "野外:[1,6]", 
        "icon": "rite_15",  
        "tag_tips": [
            "体魄",
            "生存"
        ],
        "tag_tips_up":{
            "tips":["体魄","生存"],
            "type":"normal_result"
        },
        "tips_text":[
            "扎齐伊和指导的人体魄和生存越高，训练的效果越好。",
            "上阵角色体魄生存检定>=5点：扎齐伊体魄+3 生存+2",
            "上阵角色体魄生存检定>=3点：扎齐伊体魄+2 生存+1",
            "上阵角色体魄生存检定<3点：扎齐伊体魄+1 受伤",
            "扎齐伊被带坏+1"
        ],
        "open_conditions": [  
        ],
        "random_text": {
            "r1":"你们跑到野外开始打猎" 
        },
        "random_text_up":{
            "r1":{
                "text":"你带着扎齐伊来到荒野，试着开始打猎",
                "type":"normal_result",
                "type_tips":"你的体魄和生存为你提供了完整的骰子数量。",
                "low_target": 3,
                "low_target_tips": "你至少需要3点成功。"
            }
        },
        "random_effect": {          
        },
        "settlement_prior": [
        ],                
        "settlement": [
            {
                "condition": {
                    "r1:体魄+生存>=":[5,5]
                },
                "result_title":"狩猎非常成功",
                "result_text": "你们一起猎杀、剥皮、公正地分配肉与内脏、在篝火下享受野味，这才是年轻人应该享受的生活。",
                "result": 
                { 
                    "s1+体魄":3,
                    "s1+生存":2,
                    "counter+7000041":1  //带坏他的计数
                    
                },
                "action": {
                    "clean.rite":5000611,
                    "clean.rite":5000612,
                    "event_on":5300109 //激活下一轮请求
                }
            },
            {
                "condition": {
                    "r1:体魄+生存>=":[3,5]
                },
                "result_title":"狩猎的成果还不错",
                "result_text": "他亲自射中了一头鹿，然后花了一整天去追踪它……虽然累得精疲力尽，但看得出来他还挺开心的。",
                "result": 
                { 
                    "s1+体魄":2,
                    "s1+生存":1,
                    "counter+7000041":1
                },
                "action": {
                    "clean.rite":5000611,
                    "clean.rite":5000612,
                    "event_on":5300109 //激活下一轮请求
                }
            },
            {
                "condition": {
                    "r1:体魄+生存<":[3,5]
                },
                "result_title":"狩猎出了点意外",
                "result_text": "他过于专注于眼前的猎物，结果被一匹狼偷袭，还好只被咬了一口，没受重伤。",
                "result": 
                { 
                    "s1+体魄":1,
                    "s1+equip":2000098,
                    "counter+7000041":1
                },
                "action": {
                    "clean.rite":5000611,
                    "clean.rite":5000612,
                    "event_on":5300109 //激活下一轮请求
                }
            }
        ],                
        "settlement_extre": [

        ],
        "cards_slot":
        {
            "s1":
            {
                "condition":
                {
                    "is":2000063      
                },
                "open_adsorb":0,
                "is_key":0,
                "is_empty":0,
                "is_enemy":0,
                "text":"扎齐伊"
            },
            "s2":
            {
                "condition":
                {
                    "type":"char",
                    "!is":2000063      
                },
                "open_adsorb":0,
                "is_key":0,
                "is_empty":0,
                "is_enemy":0,
                "text":"你可以亲自，或者拜托任意追随者训练他"
            },
            "s3":
            {
                "condition":
                {
                    "type":"item",
                    "cost.消耗品=":1,
                        "!金币":1      
                },
                "open_adsorb":0,
                "is_key":0,
                "is_empty":1,
                "is_enemy":0,
                "text":"协助训练的消耗品"
            }
        }
    } 