 {
        "id": 5000514,
        "name": "拜铃耶",
        "text": "我叫拜铃耶，她微笑着，用她漆黑的手指刮擦着你的胸膛，不知道是想要安抚你的躁动，还是要唤起更多。",       
        "tips": "",
        "mapping_id":8001221,
        "once_new":0,
        "round_number": 1,
        "waiting_round":0,
        "waiting_round_end_action":[
        ],
        "method_settlement": "",
        "auto_begin": 1,
        "auto_result":0,
        "location": "黑街:[1,5]", 
        "icon": "rite_23",  
        "tag_tips": [
        ],
        "tag_tips_up":{
        },
        "tips_text":[
            "根据你自身的需要使用对应的苏丹卡",
            "不需要苏丹卡，你也可以认识她",
            "杀戮线：主角魔力+5 黑暗知识+1 窥视黑暗 污渍：天使",
            "纵欲线：灵视+1 黑暗知识+1 窥视黑暗 拜铃耶入队 拜铃耶魔力+1 妻子的不满 污渍：信徒",
            "普通线：黑暗知识+1 窥视黑暗 拜铃耶入队",

        ],
        "open_conditions": [
        ],
        "random_text": {        
        },
        "random_effect": {          
        },
        "random_text_up":{
        },
        "settlement_prior": [
        ],                
        "settlement": [
        ],                
        "settlement_extre": [
            {
                "condition": {
                    "!s3":1
                },
                "result_title":"窥视黑暗",
                "result_text": "毫不费力地，你向她倾诉自己最近的遭遇，而她给了你极高的评价。“您用血完成了我残留的仪式，还顺着残留的指引找过来……您很有天赋，不论是从魔力来看，还是从这颗冰冷的心……”她快活地笑起来，拉住了你的手，“看，我的主人已经回应了你。”你这才发现自己的掌心多了一个黑色的点，像是一颗小痣，又像是一滴墨水。注视着它的时候，你不由自主地跟着拜铃耶的声音念诵起一串尘封的咒语。\n黑暗回应了你的呼唤，将那被你献祭之人的血和怨恨涂抹在你的头顶。就这样，你通晓了那古老的、被驱逐的密神的名字，以及祂赐予人类的那些禁忌的知识。",
                "result": 
                {
                    "s2+黑暗知识":1,
                    "card":2000410, //初级密教思潮
                    "counter+7000081":1 //献祭次数+1
                },
                "action": {
                }
            },
            {
                "condition": {
                    "!s3":1
                },
                "result_title":"",
                "result_text": "“欢迎你。”她笑嘻嘻地捏了捏你的手，带着显而易见的亲昵，“我们的神很喜欢你呢。以后我们就是同路人了。”",
                "result": 
                {
                    "s1+追随者":1
                },
                "action": {
                }
            },
            {
                "condition": {
                    "s3.纵欲":1
                },
                "result_title":"欢愉的同行者",
                "result_text": "在开口和她说话之前，你先出示了一张纵欲卡。\n比起言辞，还是肉体的交流更容易接近真相——何况你也完全知晓自己的饥渴。\n她笑着，握住了你拿着纵欲卡的手，模仿着卡面上的姿势，将你们的下身紧紧贴在一起。\n有什么事比快乐更重要，有什么事比寻欢更要紧？在忘情的纠缠中，你的利刃刺破了一直以来困扰着你的迷障——生是一场骗局，是被安排的，没有尽头的苦役，为我们指引欢愉的神祇被放逐了，祂在渴望着归来，结束这个世界亘古以来的痛苦！当你回忆起被尘封亿万年的禁忌知识，当密神的尊讳从你和拜铃耶的口中诵出的那一刻，你们同时登临了欢愉的峰顶。\n“欢迎你，同路人。”她又快活、又放松地笑着捏了捏你的手，带着显而易见的亲昵，“我们的神很喜欢你呢。”",
                "result": 
                {
                    "clean.s3":1,
                    "s2+黑暗知识":1,
                    "s2+魔力":1,
                    "card":2000083, //妻子的不满
                    "card":2000410, //初级密教思潮
                    "s1+追随者":1,
                    "s1+纵欲的痕迹":1,
                    "counter+7000081":1, //献祭次数+1
                    "counter+7100005":2 //灵视+1
                },
                "action": {
                }
            },
            {
                "condition": {
                    "s3.杀戮":1
                },
                "result_title":"苦痛的终结者",
                "result_text": "在开口和她说话之前，你先出示了一张杀戮卡。\n出于意料地，她笑着握住了你拿着苏丹卡的手，模仿着卡面上的姿势，用卡片就切断了自己的咽喉。那巨大的切口才是她真正的嘴唇，真理宛如鲜血，汩汩流出，而你则不由自主地，回应以热恋般的亲吻与吮吸——透过这样的赠与，你知晓了一个古老的秘密——生是一场骗局，是被安排的，没有尽头的苦役，为我们指引欢愉的神祇被放逐了，信徒们在渴望着祂的归来，结束这个世界亘古以来的痛苦！\n被尘封亿万年的禁忌重新复现，密神的尊讳从你的口中挣脱，那一刻，你抬起头，发现她的内脏已经被你啃噬殆尽，而剩下的残迹鲜艳美丽，优雅至极。",
                "result": 
                {
                    "clean.s1":1,
                    "clean.s3":1,
                    "s2+黑暗知识":1,
                    "s2+魔力":5,
                    "card":2000410, //初级密教思潮
                    "counter+7000081":1, //献祭次数+1
                    "counter+7100005":5 //灵视+5
                },
                "action": {
                }
            },
            {
                "condition":
                {
                    "s3.杀戮":1,
                    "counter.7000582<":1  //没掉污渍天使
                },
                "result_title":"你在不洁的场合折断了一张苏丹卡",
                "result_text": "在卡牌折断的那一瞬间，你透过喷溅的血污，看到了崇高的幻象——那是环绕在神明身侧侍奉的天使。在太古，一位神明曾因为擅自涂抹世界的罪名而被鉴定为恶，被放逐——现在，经由游戏中制造的污渍，经由你的幻视，祂的名字将重新封圣，再度回归。",
                "result": 
                {             
                   "card":[2001039,"已拥有+1"], //获得天使
                    "counter+7000582":1, //标识已经掉落了，污渍：天使（2001039） 
                },
                "action":
                {
                    
                }
            }, 
            {
                "condition":
                {
                    "s3.纵欲":1,
                    "counter.7000584<":1 //标识还没有掉落，污渍：信徒（2001041）
                },
                "result_title":"你在不洁的场合折断了一张苏丹卡",
                "result_text": "在卡牌折断的那一瞬间，你透过狼藉的污渍，看到了崇高的幻象——那是在向真神跪拜的纯洁信徒。在太古，一位神明曾因为擅自涂抹世界的罪名而被鉴定为恶，被放逐——现在，经由游戏中制造的污渍，经由你的幻视，祂的名字将重新封圣，再度回归。",
                "result": 
                {             
                    "card":[2001041,"已拥有+1"], //获得信徒
                    "counter+7000584":1 //标识已经掉落了，污渍：信徒（2001041）
                },
                "action":
                {
                }
            }
        ],
        "cards_slot":
        {
            "s1":
            {
                "condition":
                {
                    "is":2000022            
                },
                "open_adsorb":1,
                "is_key":0,
                "is_empty":0,
                "is_enemy":1,
                "text":"她能教授你不再被提起的禁忌知识"
            },
            "s2":
            {
                "condition":
                {
                    "type": "char",
                    "主角":1          
                },
                "open_adsorb":0,
                "is_key":0,
                "is_empty":0,
                "is_enemy":0,
                "text":"你必须亲自前往"
            },
            "s3":
            {
                "condition":
                {
                    "type": "sudan",
                    "any":{
                        "杀戮":1,
                        "纵欲":1
                    },
                    "f:rare-s1.rare<=":0          
                },
                "open_adsorb":0,
                "is_key":0,
                "is_empty":1,
                "is_enemy":0,
                "text":"这是一位诱人的女士，你可以借此机会折断一张杀戮或者纵欲卡。"
            }
        }
    } 