 {
        "id": 5000009,
        "name": "消除妻子的不满",
        "text": "你正在经历的事情，以及你曾经做过的事情，足以让任何一位妻子崩溃，所以你最好花点心思让她开心开心，免得有一天怎么死的都不知道。",       
        "tips": "",
        "mapping_id":8001209, 
        "once_new":0,
        "round_number": 1,
        "waiting_round":1,
        "waiting_round_end_action":[
        ],
        "method_settlement": "",
        "auto_begin": 0,
        "auto_result":0,
        "location": "自宅:[2,12]", 
        "icon": "rite_12", 
        "tag_tips": [
        ],
        "tag_tips_up":{
        },
        "tips_text":[
            "大部分消除妻子不满的方式都是一次性的",
            "只有使用双头龙时才能消除纵欲苏丹卡",
            "消除不满时妻子没有激情，会给妻子激情+1"
        ],
        "open_conditions": [
            {
                "condition": {
                    "any":{
                        "all":{
                            "s2.type":"item",
                            "s2.饰品":1,
                            "s2.rare>=":3
                        },
                        "s2.is":2000081, //妓女B
                        "s2.is":2000184,  //双头龙
                        "s2.is":2000193, //妻子喜欢的书
                        "s2.is":2000471,  //永恒的爱                          
                        "s2.is":2000064,  //花花公子！
                        "s2.is":2000680,  //苏丹的猜忌
                        "s2.is":2000689,  //妻子的幸福感
                        "s2.is":2001065,  //梅姬的画像
                        "s3.生命权杖":1   //主角装了权杖
                    }    
                },
                "tips": "你需要使用妻子喜欢的东西"
            }
        ],
        "random_text":{
        },
        "random_text_up":{
        },
        "settlement_prior": [
           
        ],                
        "settlement": [
            {
                "condition":
                {
                    "s2.is":2001065 //妻子的肖像画
                },
                "result_title":"她把画挂在了大厅",
                "result_text": "梅姬笑着批评了你的技法，并且指出了不少有待完善的地方。\n当然，她可不会给你任何修改的机会了——她立即就命令女仆把这幅画挂到大厅里，你很少看到她这么吹毛求疵地追求家具拜访的细节呢！",
                "result": 
                {
                    "clean.s2":1,
                    "clean.s4": 1       //消除妻子的不满
                },
                "action":
                {
                }
            },
            {
                "condition":
                {
                    "s2.is":2000689 //幸福感
                },
                "result_title":"婚姻是一条船，还是海洋本身？",
                "result_text": "没有绝对安全的航道，没有永远晴朗的天气……关键是，我们是否还有航行的渴望？\n至少今天，我们坚持了下来……无论你把舵轮打向何方，梅姬仍然为你拉起了船帆。",
                "result": 
                {
                    "clean.s2":1,
                    "clean.s4": 1       //消除妻子的不满
                },
                "action":
                {
                }
            },
            {
                "condition":
                {
                    "s2.is":2000680, //苏丹的猜忌
                    "counter.7000344<":1   //标识这个套路已用过   
                },
                "result_title":"她绝对是本色扮演",
                "result_text": "你跟梅姬说了这个计划，大概就是你扮演一个怕老婆的懦夫，被她打得头破血流，然后在群臣面前接受嘲笑，这样就可以减少苏丹对你的猜忌……为此，还需要她去娘家呆几天，装成真正吵架的样子，避免被人看出破绽……\n计划执行得很顺利，就是梅姬动起手来的时候也过于行云流水了一点……那个罐子贴着你的头飞出窗户的时候你真的是有点害怕了，不过她反复保证自己是故意扔偏的——当然是在你脸上留下一个巨大的巴掌印之后。",
                "result": 
                {
                    "clean.s4": 1,       //消除妻子的不满
                    "clean.s2": 1,       //消除苏丹的猜忌
                    "s3+equip":2000098, //受伤
                    "s1+战斗": 1,       //妻子的战斗提升了
                    "counter+7000344":1   //标识这个套路已用过              
                },
                "action":
                {
                    "global_counter=7200224":1, //成就-没有人比我更懂你-河东狮
                    "rite": 5006593 //河东狮吼
                }
            },
            {
                "condition":
                {
                    "counter.7000153<":1, //使用生命权杖消除不满次数小于1时
                    "s3.生命权杖":1
                },
                "result_title":"你现在可是拥有生命权杖！",
                "result_text": "妻子对你的改变大为诧异，而后几乎马上就生起气来，她尖声指责你，说你把自己搞成了不人不鬼的怪东西——为了让她住嘴，你赶紧打开了开关，紧紧按住了她。在嗡嗡嗡的旋转声中，她的抱怨很快停止了。\n 快意从那玩意儿上缓缓传来，比原装货慢得多，但也因此，你能够很好地控制身体；可以一边享受，一边调整状态，一边观察她迷醉的样子，一边还按女工匠临走时教你的那样，手动切换转动模式。\n 不知道过了多久，机械内的乙太精华与你的神经共振达到极限，以往短暂如电光的巅峰体验，变成了一场长达数十分钟的烟花表演……\n 事后，你精疲力尽，而妻子大汗淋漓地伏在你身上，依旧嘟囔着“这是什么鬼东西……”，但她的手指眷恋地在你沾着汗的前胸画着圈，怎么看都是喜欢得不得了的样子……\n 你不禁产生了一个大胆的想法，下次我还可以用这种方法安抚妻子的不满……",
                "result": 
                {
                    "counter+7000153":1,
                    "clean.s4": 1,       //消除妻子的不满
                    "s1+魅力": 1  //妻子的魅力+1
                },
                "action":
                {
                }
            },{
                "condition":
                {
                    "counter.7000153>=":1, //使用生命权杖消除不满次数大于等于1时
                    "s3.生命权杖":1
                },
                "result_title":"生命权杖可以解决一切问题",
                "result_text": "妻子并非看不破你的计谋，但这个游戏也把她折磨得过于疲惫了——与其憎恨你，不如好好享受一下这伟大的生命权杖。\n 她会摸着你的脸，拂过一滴滴汗水，赞美你专注操纵权杖的样子很英俊。\n 这个说法让你感觉怪怪的，好像那玩意儿不是长在自己身上一般，但随着乙太潮汐你神经内的轰鸣，一切杂念也都被快感逐渐淹没……",
                "result": 
                {
                    "counter+7000153":1,
                    "clean.s4": 1       //消除妻子的不满
                },
                "action":
                {
                }
            },
            {
                "condition":
                {
                    "s2.is":2000184
                },
                "result_title":"让老婆用双头龙撅你试试？",
                "result_text": "在进来之前，她反复表示实际的行为并不重要，有你这种愿意牺牲尊严翘起屁股来弥补错误的诚恳态度就够了……然后你先感觉到冰凉的油脂，接着就是狂风暴雨一般的猛烈攻势……她对你的爱、对你的恨，以及对这残酷游戏的悲伤，一切都无须言说，只需要你用身体来感受。\n事后，你稍微有点下不了床，但应当庆幸这种狂暴的情绪用这么一点代价就一笔勾销了。",
                "result": 
                {
                    "global_counter+7200007":1,  //完成剧情目标【讨她欢心】之一
                    "clean.s4": 1,       //消除妻子的不满
                    "clean.s2": 1,       //双头龙
                    "card": [2000694,"已拥有+1"],       //龙头双节棍
                    "s3+equip": 2000098,  //主角受伤
                    "s1+战斗": 1  //妻子的战斗水平提升了，别问为什么
                },
                "action":
                {
                }
            },
            {
                "condition":
                {
                    "s2.type":"item",
                    "s2.饰品":1,
                    "counter.7000012<":1   //标识这个套路已用过   
                },
                "result_title":"送老婆一个足够贵的珠宝……",
                "result_text": "这套精心挑选的珠宝首饰让妻子完全变了一个人。她从未渴求过分奢靡的生活，也未曾唆使你追求权力。但现在，看看她焕然一新的样子！你应当去追求高位，你应当去追逐财富！这样，你就可以为自己的女人带来希望，她值得更好的东西。",
                "result": 
                {
                    "global_counter+7200008":1,  //完成剧情目标【讨她欢心】之一
                    "clean.s2": 1,
                    "clean.s4": 1,       //消除妻子的不满
                    "s1.uprare": 1,       //妻子的品级提升了
                    "s1+魅力": 1,       //妻子的魅力提升了
                    "s1-纵欲的痕迹": 1,       //移除妻子身上的纵欲痕迹
                    "counter+7000012":1   //标识这个套路已用过                 
                },
                "action":
                {
                }
            },
            {
                "condition":
                {
                    "s2.is":2000193,
                    "counter.7000013<":1   //标识这个套路已用过   
                },
                "result_title":"为老婆读她最喜欢的一本书……",
                "result_text": "你在晃动的灯盏旁，厚厚毛毯之中为妻子朗读着这本书。当情节变幻的时候，她会凑得更近，让冰凉的脚贴紧你的肌肤。最后，你们变得宁静而困倦，第二天清晨，你仿佛记得在妻子在半睡半醒的时候与你互相倾诉忠诚与爱意，但你已经无法分辨这些话语是发生在现实还是梦里。",
                "result": 
                {
                    "global_counter+7200009":1,  //完成剧情目标【讨她欢心】之一
                    "s2-已拥有":1,
                    "clean.s4": 1,       //消除妻子的不满
                    "s1+智慧": 1,       //妻子的智慧提升了   
                    "counter+7000013":1      //标识这个套路已用过             
                },
                "action":
                {
                }
            },
            {
                "condition":
                {
                    "s2.is":2000064,
                    "s2.密教徒":1 //奈布哈尼是密教徒  //标识这个套路已用过   
                },
                "result_title":"玫瑰浴",
                "result_text": "听你说了自己面对的难题之后，奈布哈尼拍着胸脯表示包在自己身上。他为梅姬准备了一桶沐浴用的热水，洒满新鲜的玫瑰。可是，奈布哈尼怎么看都不满意——这些花不够漂亮，不够香，也不够红……他思考了很久，最后拉来了一个街边的乞儿，用这孩子的鲜血注满了浴桶……\n不知为何，梅姬完全没有意识到那是血……更糟糕的是，从此之后，她好像就爱上了这个东西。",
                "result": 
                {
                    "global_counter+7200010":1,  //完成剧情目标【讨她欢心】之一
                    "clean.s4": 1,       //消除妻子的不满 
                    "counter+7000625":1,  //标识用了密教徒奈布哈尼消除妻子的不满
                    "counter+7000050":1      //标识这个套路已用过             
                },
                "action":
                {
                }
            },
            {
                "condition":
                {
                    "s2.is":2000064,
                    "counter.7000050<":1   //标识这个套路已用过   
                },
                "result_title":"让专业的人做专业的事情……",
                "result_text": "你是这个城市里最会讨女人欢心的人，你这样对奈布哈尼说：现在，救救我，否则我老婆就快给我的茶里下毒了。\n虽然这么说，但当他们两真的关上房间的门之后，你还是感到一阵酸楚：一半是为了这顶绿帽子，一半是后悔自己曾经干过的那些荒唐事情。\n 不久之后，房间里传来了笑声，这不是在干男女之事的那种声音。但他们两显然言谈正欢。\n 有那么一两次，奈布哈尼开门出来拿吃的，你可以看到他两的衣服都整整齐齐。\n 不管在房间里，他们说了什么，至少现在妻子没那么恨你了。",
                "result": 
                {
                    "global_counter+7200010":1,  //完成剧情目标【讨她欢心】之一
                    "clean.s4": 1,       //消除妻子的不满
                    "s1+魅力": 1,       //妻子的魅力提升了   
                    "counter+7000050":1      //标识这个套路已用过             
                },
                "action":
                {
                }
            },
            
            {
                "condition":
                {
                    "s2.is":2000081,
                    "counter.7000075<":1   //标识这个套路已用过   
                },
                "result_title":"一次难忘的调教",
                "result_text": "妻子并不欣赏贾丽拉，但当你提出建议之后，她认真的与这位新进的妾室闭门讨论了一整个下午。\n 当晚，她们用结实的绳子把你绑在了床上，蒙住了你的双眼……但在黑暗中，并没有你等待的鞭刑与辱骂，只有她们咯咯咯的欢笑声。\n 这两个女人把你身体的每一部分都当成了某种点心与玩具，她们逗弄、调笑、抓挠、舔舐、撕咬——你第一次知道自己身体上有这么多位置怕痒，或者仅仅是因为被牙齿夹一下就产生触电般的刺激感。\n 在这样的玩弄中，你节节败退，扭动，挣扎，狂笑，嘶吼，最后到喉咙里几乎发不出声音……\n 绳子解开之后，你几近虚脱，但两位女士都显然都对这道甜点非常满意。",
                "result": 
                {
                    "global_counter+7200011":1,  //完成剧情目标【讨她欢心】之一
                    "clean.s4": 1,       //消除妻子的不满
                    "s1+战斗": 1,       //妻子的战斗提升了   
                    "counter+7000075":1      //标识这个套路已用过             
                },
                "action":
                {
                }
            },
            {
                "condition":
                {
                    "s2.is":2000471  
                },
                "result_title":"你向妻子咏唱了一段爱情诗",
                "result_text": "伟大的爱情来自理解，来自宽容。你的诗歌宽慰了你的妻子。",
                "result": 
                {
                    "clean.s2": 1,
                    "clean.s4": 1,       //消除妻子的不满
                    "s1+魅力": 1       //妻子的魅力 提升了             
                },
                "action":
                {
                }
            },
            {
                "condition":
                {
                    "any":{
                        "counter.7000012>=":1,
                        "counter.7000013>=":1,
                        "counter.7000050>=":1,
                        "counter.7000075>=":1
                    }
                },
                "result_title":"",
                "result_text": "这个套路不再起作用了，妻子的态度并没有好转。",
                "result": 
                {          
                },
                "action":
                {
                }
            }

        ],                
        "settlement_extre": [
            {
                "condition": {
                    "!s1.激情":1 //如果妻子没有激情
                },
                "result_title":"",
                "result_text": "妻子重新燃起了对你的激情",
                "result": 
                {
                    "s1+激情":1
                },
                "action": {
                }
            },
            {
                "condition":
                {
                    "s2.is":2000184,//使用了双头龙
                    "s5":1 //放了纵欲苏丹卡
                },
                "result_title":"消除苏丹卡",
                "result_text": "使用双头龙，苏丹听之大笑，并允许你折断这张薄薄的卡片。",
                "result": 
                {
                    "clean.s5": 1       //消除纵欲苏丹卡
                },
                "action":
                {
                }
            }
        ],
        "cards_slot":
        {
            "s1":
                {
                    "condition": 
                    {
                        "type":"char",
                        "妻子":1                       
                    },
                    "open_adsorb":0,
                    "is_key":0,
                    "is_empty":0,
                    "is_enemy":1,
                    "text":"叫上自己的妻子" 
                },
            "s2":
                {
                    "condition": 
                    {
                        "any":{
                            "all":{
                                "type":"item",
                                "饰品":1,
                                "rare>=":3
                            },
                            "all":{
                                "is":2000184,  //双头龙
                                "!使用过的":1
                            },
                            "is":2000081, //妓女B
                            "is":2000193, //妻子喜欢的书
                            "is":2000471,  //永恒的爱                          
                            "is":2000064,  //花花公子！
                            "is":2000680, //苏丹的猜忌
                            "is":2000689,  //妻子的幸福感
                            "is":2001065, //妻子的肖像画
                        }
                    },
                    "open_adsorb":0,
                    "is_key":0,
                    "is_empty":1,
                    "is_enemy":0,
                    "text":"放上可以讨妻子欢心的东西吧\n梅姬的画像：消除不满\n幸福感：消除不满\n苏丹的猜忌：消除不满 消除猜忌 妻子禁用7天 主角受伤 妻子战斗+1\n装备生命的权杖：消除不满 妻子魅力+1。重复使用 消除不满\n双头龙：消除不满 妻子魅力+1 妻子升品 移除纵欲的痕迹\n饰品：\n雨之子·下卷：消除不满\n奈布哈尼（非NTR剧情）:常规情况，消除不满 妻子魅力+1。他是密教徒，消除不满\n贾丽拉：消除不满 妻子战力+1\n宽恕的情诗：消除不满 妻子魅力+1"
                },
            "s3":
                {
                    "condition": 
                    {
                        "主角":1,
                        "type":"char"                        
                    },
                    "open_adsorb":0,
                    "is_key":0,
                    "is_empty":0,
                    "is_enemy":0,
                    "text":"这种事一般不能假手于人，还得自己上"
                },
            "s4":
                {
                    "condition": 
                    {
                        "is":2000083
                    },
                    "open_adsorb":1,
                    "is_key":0,
                    "is_empty":1,
                    "is_enemy":0,
                    "text":"妻子的不满"
                },
                "s5":
                    {
                        "condition": 
                        {
                            "type":"sudan",
                            "纵欲":1,
                            "f:rare-s1.rare<=":0 //符合妻子稀有度的
                        },
                        "open_adsorb":0,
                        "is_key":0,
                        "is_empty":1,
                        "is_enemy":0,
                        "text":"也许能折断一张纵欲苏丹卡\n只能配合双头龙"
                    }
        }
    } 