 {
        "id": 5000728,
        "name": "宰相的召见",
        "text": "阿卜德派仆人来，召你到府上一叙。他的事未必十分要紧，但他不喜欢被人忽视。",       
        "tips": "",
        "mapping_id":8001165,
        "once_new":0,
        "round_number": 0, 
        "waiting_round":0, 
        "waiting_round_end_action":[
        ],
        "method_settlement": "",
        "auto_begin": 1,  //1回合后自动结算
        "auto_result":0,
        "location": "宫廷:[2,6]", 
        "icon": "rite_14",  
        "tag_tips": [
        ],
        "tag_tips_up":{
        },
        "tips_text":[
            "如果不去的话，恐怕日后宫廷中会遭到宰相的攻讦。",
            "去的话：推动剧情",
            "没去的话：权势-1 宰相反对+1"
        ],
        "open_conditions": [ 
        ],
        "random_text": {    
        },
        "random_text_up":{
        },
        "random_effect": {          
        },
        "settlement_prior": [
        ],                
        "settlement": [
            {
                "condition": {
                    "!s2":1 //没派人去见宰相
                },
                "result_title":"你没有前去拜访他",
                "result_text": "阿卜德讨厌被忽视的感觉，这让他觉得很没面子。他一定会在宫廷中抓住一切机会向苏丹进谗言的，你要当心了。",
                "result": 
                {
                    "s1=支持":0,
                    "s1+反对":1
                },
                "action": {
                    
                }
            },
            {
                "condition": {
                    "s2":1 //派人去见宰相
                },
                "result_title":"",
                "result_text": "阿卜德很满意你的殷勤。烧了半支蜡烛那么久的东拉西扯后，他终于谈起了正题——年轻的法图娜从自己已死的丈夫继承到了一笔不菲的遗产，但一个女人拥有这样大额的财富是一种罪恶，他要求你想办法——侮辱她，威胁她，怎样都好——逼迫她交出那笔钱。",
                "result": 
                {    
                },
                "action": {
                    "event_on":5300233, //启动散尽家财的幕后
                    "rite":5000730  //启动回报宰相
                }
            }
        ],                
        "settlement_extre": [
            
        ],
        "cards_slot":
        {
            "s1":
            {
                "condition":
                {
                    "is": 2000349  //宰相
                },
                "open_adsorb":1,
                "is_key":0,
                "is_empty":0,
                "is_enemy":0,
                "text":"宰相阿卜德正在传唤你"
            },
            "s2":
            {
                "condition":
                {
                    "type": "char"          
                },
                "open_adsorb":0,
                "is_key":0,
                "is_empty":0,
                "is_enemy":0,
                "text":"你必须亲自、或派遣追随者前去"
            }
        }
    } 