 {
        "id": 5000103,
        "name": "阿图娜尔的请求",
        "text": "最近，阿图娜尔越来越感觉，人们对她的美丽失去了新鲜感。她需要你的帮助。",       
        "tips": "",
        "mapping_id":8001213, 
        "once_new":1,
        "round_number": 1,
        "waiting_round":7,
        "waiting_round_end_action":[
        ],
        "method_settlement": "",
        "auto_begin": 0,
        "auto_result":0,
        "location": "自宅:[2,12]", 
        "icon": "rite_12", 
        "tag_tips": [
        ],
        "tag_tips_up":{
        },
        "tips_text":[
            "你提供的装备的魅力之和不能小于5点",
            "装备被销毁,阿图娜尔升银",
            "魅力+1 体质+1 社交+1",
            "每次升品质可以重新对其使用纵欲卡"
        ],
        "open_conditions": [
            {
                "condition": {
                    "counter.7100003>=":5,
                    "f:s2.魅力+s3.魅力>=":5
                },
                "tips": "你的权势不能小于5点。装备的魅力之和不能小于5。"
            }
        ],
        "random_text":{
        },
        "random_text_up":{
        },
        "settlement_prior": [
        ],                
        "settlement": [
            {
                "condition":
                {
                },
                "result_title":"",
                "result_text": "首饰和衣装只能衬托外在的美丽，而更轻巧的舞姿、更优雅的谈吐则是阿图娜尔通过这段时间的不懈努力得来的。",
                "result": 
                { 
                    "clean.s2":1,
                    "clean.s3":1,
                    "s1+魅力":1,
                    "s1+体魄":1,
                    "s1+社交":1,
                    "s1-纵欲的痕迹":1,
                    "s1.uprare":1,
                    "counter=7000079":0,
                    "counter+7000080":1 //记录舞姬的提升                      
                },
                "action":
                {
                    "event_on":5300325
                }
            }
        ],                
        "settlement_extre": [        
        ],
        "cards_slot":
        {
            "s1":
            {
                "condition":
                {   
                    "type":"char",
                    "is":2000129 //舞姬
                },
                "open_adsorb":0,
                "is_key":0,
                "is_empty":0,
                "is_enemy":0,
                "text":"美丽的舞姬"
            },
            "s2":
            {
                "condition":
                {   
                    "type":"item",
                    "装备":1,
                    "rare=":3
                },
                "open_adsorb":0,
                "is_key":0,
                "is_empty":0,
                "is_enemy":0,
                "text":"一件能够提升魅力的白银品级装备"
            },
            "s3":
            {
                "condition":
                {   
                    "type":"item",
                    "装备":1,
                    "rare=":2
                },
                "open_adsorb":0,
                "is_key":0,
                "is_empty":0,
                "is_enemy":0,
                "text":"一件能够提升魅力的青铜品级装备"
            },
            "s4":
            {
                "condition":
                {   
                    "type":"item",
                    "cost.金币":10
                },
                "open_adsorb":0,
                "is_key":0,
                "is_empty":0,
                "is_enemy":0,
                "text":"10枚金币"
            }
        }
    } 