 {
        "id": 5001010,
        "name": "黑街线人",
        "text": "你在黑街打听到了那个囚犯口中说的人，并向他说明了来意。他思索了片刻，总算搞明白了，“啊哈，是有这么回事。哲瓦德要的证据是吧？不过这不是免费的，而且概不赊欠。你得先替他付钱才行。”他报了个价格，“五金币，一个子儿都不能少。”",       
        "tips": "",
        "once_new":0,
        "round_number": 3,
        "waiting_round":0,
        "waiting_round_end_action":[
        ],
        "method_settlement": "",
        "auto_begin": 0,
        "auto_result":0,
        "location": "黑街:[2,5]",
        "icon": "rite_16",  
        "tag_tips": [
        ],
        "tag_tips_up":{
        },
        "tips_text":[
            "给钱就行，概不赊欠。",
            "获得廉洁的伪证"
        ],
        "open_conditions": [
        ],
        "random_text": {        
        },
        "random_text_up":{
        },
        "random_effect": {          
        },
        "settlement_prior": [
        ],                
        "settlement": [
        ],                
        "settlement_extre": [
            {
                "condition": {
                },
                "result_title":"虽然很无奈，但你还是帮忙先行垫付了这笔钱",
                "result_text": "再见面时，他塞给你一个裹好的卷轴。“带去给那个倒霉鬼吧。”他的手指上甚至还沾着古怪的油墨，“期待下次合作愉快。”\n你可不想再跟这些家伙有什么瓜葛了。",
                "result": 
                {
                    "card":[2000359,"已拥有+1"]
                },
                "action": {
                }
            }
        ],
        "cards_slot":
        {
            "s1":
            {
                "condition":
                {
                    "cost.金币":5,
                    "type":"item"        
                },
                "open_adsorb":0,
                "is_key":0,
                "is_empty":0,
                "is_enemy":0,
                "text":"5金币，一个子儿都不能少"
            }
        }
    }