 {
        "id": 5001503,
        "name": "浴场约会",
        "text": "一个渴望你肉体的爱人在召唤你。",       
        "tips": "",
        "mapping_id":8001500,
        "once_new":0,
        "round_number": 1,
        "waiting_round":1,
        "waiting_round_end_action":[
            {
                "condition": {
                },
                "result_title":"",
                "result_text": "",
                "result": 
                {  
                },
                "action": {
                    "event_on":5300010
                }
            }
        ],        
        "method_settlement": "",
        "auto_begin": 0, 
        "auto_result": 0,//需要手动启动
        "location": "上城区:[1,6]", 
        "icon": "rite_22", 
        "tag_tips": [
            "激情"
        ],
        "tag_tips_up":{
        },
        "tips_text":[
            "你可以根据自己的“喜好”使用纵欲或者杀戮，当然什么也不放也是可以的。"
        ],
        "open_conditions": [
        ],
        "random_text":{
        },
        "random_text_up":{
        },
        "settlement_prior": [
        ],                
        "settlement": [
            {
                "condition": {
                    "s3.纵欲":1,
                    "!s4":1
                },
                "result_title":"",
                "result_text": "你们大胆的行为引发了关于混浴浴场的呼声，苏丹觉得非常有趣。",
                "result": 
                {
                    "clean.s3": 1, 
                    "s1+激情":1,
                    "s1+支持":1,
                    "card" :2000192    
                },
                "action": {
                }
            },
            {
                "condition": {
                    "s3.纵欲":1,
                    "s4":1
                },
                "result_title":"",
                "result_text": "很可惜，你无法用同一个方式取悦苏丹两次。",
                "result": 
                {
                    "s1+激情":1,
                    "s1+支持":1  
                },
                "action": {
                }
            },
            {
                "condition": {
                    "s3.杀戮":1
                },
                "result_title":"",
                "result_text": "你在浴场中溺死了自己的爱人，苏丹非常喜欢这个故事，他要求在现场的水池中雕一座尸体的人像，做成溺毙的姿势，最后大臣们好说歹说终于让他勉强接受了雕像的下体可以不要喷水。",
                "result": 
                {
                    "counter+7000056":1,
                    "clean.s1":1,
                    "clean.s3":1,
                    "counter+7100002": 1  //恶名+1 //恶名 
                },
                "action": {
                }
            },
            {
                "condition": {
                    "!s3":1
                },
                "result_title":"",
                "result_text": "你们进行了一场美妙的约会，彼此增进了感情",
                "result": 
                {
                    "s1+激情":1
                },
                "action": {
                }
            }
        ],                
        "settlement_extre": [
        ],
        "cards_slot":
        {
            "s1":
                {
                    "condition": 
                    {
                        "type":"char",
                        "妻子":1,
                        "激情":1                   
                    },
                    "open_adsorb":0,
                    "is_key":0,
                    "is_empty":0,
                    "is_enemy":0,
                    "text":"渴望你肉体的妻子" 
                },
            "s2":
                {
                    "condition": 
                    {
                        "主角":1,
                        "type":"char"
                    },
                    "open_adsorb":0,
                    "is_key":0,
                    "is_empty":0,
                    "is_enemy":0,
                    "text":"当然是你"
                },
            "s3":
                {
                    "condition": 
                    {
                        "type":"sudan",
                        "f:rare-s1.rare<=":0,
                        "any":{
                            "纵欲":1,
                            "杀戮":1
                        } 
                    },
                    "open_adsorb":0,
                    "is_key":0,
                    "is_empty":1,
                    "is_enemy":0,
                    "text":"纵欲或者杀戮\n纵欲卡：支持+1 激情+1\n杀戮卡：恶名+1 妻子死亡"
                },
            "s4":
                {
                    "condition": 
                    {
                        "is":2000192 
                    },
                    "open_adsorb":1,
                    "is_key":0,
                    "is_empty":1,
                    "is_enemy":0,
                    "text":"纵欲的痕迹--浴场"
                }
        }
    } 