 {
        "id": 5001501,
        "name": "浴场里的消息",
        "text": "温热的水流抚慰着紧绷的神经，在这样疲乏和松懈的时刻，人们总是更容易泄露出更多秘密……你可以在这里打探各种小道消息，以及许多总是被贵族们以不屑的口吻谈起的动荡，通常与匪盗、冒险和魔鬼有关。",       
        "tips": "",
        "mapping_id":8001075,
        "once_new":1,
        "round_number": 1,
        "waiting_round":0,
        "waiting_round_end_action":[
        ],        
        "method_settlement": "",
        "auto_begin": 0, 
        "auto_result": 1,
        "location": "上城区:[1,6]", 
        "icon": "rite_8", 
        "tag_tips": [
            "魅力",
            "社交"
        ],
        "tag_tips_up":{
            "tips":["魅力","社交"],
            "type":"normal_result"
        },
        "tips_text":[
            "检定越成功，获得的情报越稀有。",
            "优秀的检定可以额外生成新的仪式。",
            "3点成功获得最好的奖励 随机银情报",
            "浴场、书店、家业、权游、淘书能加快随机事件触发"
        ],
        "open_conditions": [
            {
                "condition": {
                    "any":{
                        "all":{
                            "f:鳄鱼=":0,
                            "counter.7000444>=":1 
                        },
                        "counter.7000444<":1 
                    },
                },
                "tips": "不要再将鳄鱼带入浴场！"
            }
        ],
        "random_text":{
            "r1":"没有在浴场水池与烟雾之中被谈论过的人或者事物，就根本不存在。考验你的魅力和社交能力的时候了。"
        },
        "random_text_up":{
            "r1":{
                "text":"没有在浴场水池与烟雾之中被谈论过的人或者事物，就根本不存在。考验你的魅力和社交能力的时候了。",
                "type":"normal_result",
                "type_tips":"你的魅力和社交属性为你提供完整的骰子数量。",
                "low_target": 1,
                "low_target_tips": "你至少需要1点成功才能打探到消息。"
            }
        },
        "random_effect": {          
        },
        "settlement_prior": [
            {
                "condition": {  
                    "s1.鳄鱼":1,
                },
                "result_title":"小鳄鱼爱洗澡……",
                "result_text": "你将小鳄鱼带入了浴场，这只是为了好玩，毕竟小鳄鱼还没有大到可以吞下一个人的程度呢！小鳄鱼自己也很高兴的样子……\n你没估计到的是，一转头，就有人趁你不注意，把自己的……嗯，某些关键器官伸进了小鳄鱼的嘴里。他没有立即死去，但他的惨叫与鲜血导致的混乱中，至少有三个人被踩死了……",
                "result": 
                {
                    "counter+7000444":1 //标识已经做过1次
                },
                "action": {
                    "rite":5001501,
                    "rite":5001504 //消解苏丹卡                  
                }
            },
            {
                "condition": {  
                    "s1.主角":1,
                    "s3.is":2000680, //苏丹的猜疑  
                    "counter.7000361<":1 //避免重复触发
                },
                "result_title":"疯癫，疾病与禁忌",
                "result_text": "你把油脂与一些异域的发酵食物一起捣碎，和绷带一起缠绕在鼠蹊部与大腿内侧。在浴场里，它们恐怖的气味让每个人都带着惊恐目光，在你反复强调这只是一些小毛病之后，浴池里的所有人都逃走了，过几天你得了脏病的事情就传遍了宫廷，甚至有人信誓旦旦的说自己裆部的湿疹就是你传染的……\n苏丹对这场闹剧非常满意，一个胯下发臭发烂的人能称得上什么威胁呢？",
                "result": 
                {
                    "clean.s3":1,
                    "s1-魅力":3,
                    "counter+7000361":1 //避免重复触发
                },
                "action": {
                    "global_counter=7200226":1, //成就-没有人比我更懂你

                }
            }
        ],                
        "settlement": [
            {
                "condition": {
                    "r1:魅力+社交>=":[3,5]
                },
                "result_title":"",
                "result_text": "你也不知道为什么总能听到这样那样的事情，也许是因为人们不介意你走到他们身边。",
                "result": 
                {
                    "global_counter+7200133":1, //成就
                    "loot": 6000018     //掉落情报
                },
                "action": {
                    "rite":5001501
                }
            },
            {
                "condition": {
                    "r1:魅力+社交>=":[2,5]
                },
                "result_title":"",
                "result_text": "为了跟你聊天，汗蒸室里挤满了人，根本不需要再给铜盆上浇水了。",
                "result": 
                {
                    "global_counter+7200133":1, //成就
                    "loot": 6000017     //掉落情报
                },
                "action": {
                    "rite":5001501
                }
            },
            {
                "condition": {
                    "r1:魅力+社交>=":[1,5]
                },
                "result_title":"",
                "result_text": "你一直没能插上话，只能偶尔在汗蒸室给铜盆上浇水的机会获得一些零零碎碎的消息",
                "result": 
                {
                    "global_counter+7200133":1, //成就
                    "loot": 6000016     //掉落情报
                },
                "action": {
                    "rite":5001501
                }
            },
            {
                "condition": {
                    "r1:魅力+社交<":[1,5]
                },
                "result_title":"",
                "result_text": "你什么消息都没得到，只是单纯地洗了个澡",
                "result": 
                {
                    "global_counter+7200133":1 //成就
                },
                "action": {
                    "rite":5001501
                }
            }
        ],                
        "settlement_extre": [
            {
                "condition": {
                    "r1:魅力+社交>=":[1,5]
                },
                "result_title":"",
                "result_text": "在和大家的聊天中，你意外获知了一个需要关注的事情。",
                "result": 
                {
                    "counter+7000094":1, //计数
                    "loot":6000015    //掉落仪式
                },
                "action": {
                }
            },
            {
                "condition": {  
                    "s1.is":2000019 //是珠宝商人  
                },
                "result_title":"",
                "result_text": "浴场内闲聊为热娜提供了珠宝的设计灵感。",
                "result": 
                {
                    "s1+灵感":1 //额外积攒的灵感
                },
                "action": {
                }
            },
            {
                "condition": { 
                    "counter.7000117<":6
                },
                "result_title":"",
                "result_text": "人们目光刺在你裸露的皮肤上，你泡在温水里也能感觉到它们，仿佛渔夫投出的标枪与绳索。从水池中起身时，会有一种感觉，越来越多的事情被你牵引，拉动，仿佛鲸鱼在拉动追逐猎物的远航船。",
                "result": 
                {
                    "counter+7000117":5  //声望弹框计数器
                },
                "action": {
                }
            },
            {
                "condition": { 
                    "counter.7000117>=":6,
                    "counter.7000200<":34 //弹框总数总数
                },
                "result_title":"",
                "result_text": "一件值得注意的事情发生了。",
                "result": 
                {
                    "counter=7000117":0,
                    "counter+7000200":1
                },
                "action": {
                    "event_on": 5300601 //触发声望弹框
                }
            },
            {
                "condition": {
                    "s1.妻子":1, //s1是妻子
                    "counter.7000166>=":1,  //阿迪兰已经成为了追随者
                    "have.2000061.追随者":1,  //阿迪莱还活着是追随者
                    "counter.7000167<":1 //伤痕与友情未触发
                },
                "result_title":"",
                "result_text": "梅姬走进浴室时，看到阿迪莱正一个人坐在浴池里，她背后有着许多可怖的伤痕，这让其他贵妇都不敢与她搭话；但作为你的妻子，梅姬可不会害怕这种事，她坐过去热情地赞扬了阿迪莱作为战士的勇猛和她流畅漂亮的腰身，这赢得了对方极大的好感与尊重，她们约定，下次还要一起沐浴，并且用精油和细线帮对方打理身体。",
                "result": 
                {
                    "counter+7000167":1 //触发伤痕与友情
                },
                "action": {
                    "event_on":5320520 //开启阿迪莱声望事件幕后伤痕与友情
                }
            },
            {
                "condition": {
                    "s1.妻子":1, //s1是妻子
                    "counter.7100004>=":11, //侠名lv2
                    "counter.7000222<":1 //浴室的争吵未触发
                },
                "result_title":"浴室的争吵",
                "result_text": "妻子在浴室遇到了一点麻烦……。",
                "result": 
                {
                    "counter+7000222":1 //触发浴室的争吵
                },
                "action": {
                    "event_on":5321007 //开启浴室的争吵声望事件幕后伤痕与友情
                }
            }
        ],
        "cards_slot":
        {
            "s1":
                {
                    "condition": 
                    {
                        "type":"char",
                        "any":{
                            "贵族":1,
                            "all":{
                                "!贵族":1,
                                "s2.is":2000524
                            }       
                        }
                    },
                    "open_adsorb":0,
                    "is_key":0,
                    "is_empty":0,
                    "is_enemy":0,
                    "text":"你可以亲自，或派遣任意贵族追随者前往浴场\n梅姬：需阿迪莱是追随者，触发消除不满事件\n梅姬：需侠名>10，触发消除不满事件" 
                },
            "s2":
                {
                    "condition": 
                    {
                        "type":"item",
                        "any":{
                            "cost.金币":1,
                            "is":2000524
                        }
                    },
                    "open_adsorb":0,
                    "is_key":0,
                    "is_empty":0,
                    "is_enemy":0,
                    "text":"你必须置入1金币作为入场费，除非你拥有一张洗浴金卡"
                },
            "s3":
                {
                    "condition": 
                    {
                        "type":"item",
                        "any":{
                            "all":{
                                "cost.消耗品=":1,
                                "!金币":1 
                            },
                            "is":2000680
                        }
                    },
                    "open_adsorb":0,
                    "is_key":0,
                    "is_empty":1,
                    "is_enemy":0,
                    "text":"某些道具在闲聊和刺探时能派得上用场\n小鳄鱼：银杀戮仪式\n苏丹的猜忌:魅力-3 消除苏丹的猜忌"
                }
        }
    } 