 {
        "id": 5002510,
        "name": "下水道的鳄鱼",
        "text": "行脚商中相传，遥远的森林河流地带有名为鳄鱼的珍兽。而如今因为某个富翁的失误，导致一只鳄鱼幼崽溜入了下水道中。如今不知道这只鳄鱼是否还活着",       
        "tips": "",
        "mapping_id":8001131, 
        "once_new":0,
        "round_number": 1,
        "waiting_round":0,
        "waiting_round_end_action":[

        ],        
        "method_settlement": "",
        "auto_begin": 0, 
        "auto_result": 0,
        "location": "野外:[1,6]", 
        "icon": "rite_15", 
        "tag_tips": [
            "生存",
            "战斗"
        ],
        "tag_tips_up":{
            "tips":["生存","战斗"],
            "type":"normal_result"
        },
        "tips_text":[
            "运气好的话，说不定可以活捉到鳄鱼。"  ,
            "下水道十分狭窄，只能够容纳一人顺利进出。",
            "己方数值-（鳄鱼战斗4点）投骰后>=3点成功：获得小鳄鱼 生存+1",
            "己方数值-（鳄鱼战斗4点）投骰后>=1点成功：战斗+1 受伤"    
        ],
        "open_conditions": [
        ],
        "random_text":{
            "r1":"检定时间。"
        },
        "random_text_up":{
            "r1":{
                "text":"检定时间。",
                "type":"normal_result",
                "type_tips":"你的生存和战斗为你提供了完整的骰子数量。",
                "low_target": 1,
                "low_target_tips": "你获得3点成功时有机会抓获鳄鱼。"
            }
        },
        "settlement_prior": [
        ],                
        "settlement": [
            {
                "condition": {
                  "r1:生存+战斗-e(战斗)>=":[3,5]
                },
                "result_title":"",
                "result_text": "鳄鱼被皮带缠住了嘴，生生地从水渠中拽了出来，人们都惊讶于它纯白的身体。",
                "result": 
                {
                    "s1+生存":1,
                    "counter+7000036":1,       //鳄鱼不再刷新       
                    "card" :[2000304,"已拥有+1"] //抓获鳄鱼 
                },
                "action": {
                }
            },
            {
                "condition": {
                  "r1:生存+战斗-e(战斗)>=":[1,5]
                },
                "result_title":"",
                "result_text": "这是一场困兽之斗，还好最后是我们赢了。这个吃人的畜生以后再也没法害人了。",
                "result": 
                {
                    "s1+equip":2000098,  //受伤
                    "s1+战斗":1,
                    "counter+7000036":1        //鳄鱼不再刷新            
                },
                "action": {
                }
            },
            {
                "condition": {
                  "r1:体魄+战斗-e(战斗)<":[1,5]
                },
                "result_title":"探索失败",
                "result_text": "显然，踏入鳄鱼的领地不是一个聪明的决定 ，好在最后只留下了一排齿痕，而没有丢掉性命。",
                "result": 
                {
                    "s1+equip":2000098 //受伤
                },
                "action": {
                    "event_on":5300080 //这次失败了，等下次通过幕后机制刷新出来后再来挑战
                }
            }
        ],               
        "settlement_extre": [
            {
                "condition": {
                    "r1:生存+战斗-e(战斗)>=":[3,5],
                    "counter.7000547>=":1 //标识奴隶其实已经被小鳄鱼吃掉了

                },
                "result_title":"意外发现",
                "result_text": "鳄鱼的牙齿上卡着一块阉奴的头巾……看起来苏丹真的会把处死的奴隶扔进水渠里呢！",
                "result": 
                {
                    "counter=7000547":0, //避免重复触发这段文本
                },
                "action": {
                }
            }
        ],
        "cards_slot":
        {
            "s1":
            {
                "condition": 
                {
                    "type":"char"
                },
                "open_adsorb":0,
                "is_key":0,
                "is_empty":0,
                "is_enemy":0,
                "text":"你可以亲自，可以派遣拥有足够技艺的追随者前往"
            },
        "s2":
            {
                "condition": 
                {
                    "type":"item",
                    "cost.消耗品=":1,
                        "!金币":1
                },
                "open_adsorb":0,
                "is_key":0,
                "is_empty":1,
                "is_enemy":0,
                "text":"有些东西也许能派上用场"
            }
        }
    } 