 {
        "id": 5002508,
        "name": "狼王的踪迹",
        "text": "大草原中的狼群里出了一只狼王，相传拥有近似人类的智慧。每次有人想要狩猎狼王时，都会被察觉到，完全找不见踪影。而如果狩猎失败，更可能会被狼群反包围。",       
        "tips": "",
        "mapping_id":8001172, 
        "once_new":0,
        "round_number": 1,
        "waiting_round":0, //可以一直挂着
        "waiting_round_end_action":[
          
        ],        
        "method_settlement": "",
        "auto_begin": 0, 
        "auto_result": 0,
        "location": "野外:[1,6]", 
        "icon": "rite_15", 
        "tag_tips": [
            "智慧",
            "生存"
        ],
        "tag_tips_up":{
            "tips":["智慧","生存"],
            "type":"normal_result"
        },
        "tips_text":[
            "如果失败，会被狼群伏击的哦。",
            "1点成功：触发狼王后续，上阵角色生存+1",
            "失败：上阵角色生存+1，受伤"    
        ],
        "open_conditions": [
        ],
        "random_text":{
            "r1":"寻找狼穴"
        },
        "random_text_up":{
            "r1":{
                "text":"寻找狼穴",
                "type":"normal_result",
                "type_tips":"你的智慧和生存为你提供了完整的骰子数量。",
                "low_target": 1,
                "low_target_tips": "你至少需要1点成功才能找到目标。"
            }
        },
        "settlement_prior": [
        ],                
        "settlement": [
            {
                "condition": {
                  "r1:智慧+生存>=":[1,5]
                },
                "result_title":"",
                "result_text": "找到了狼穴的地址，下一步要进行围剿了。",
                "result": 
                {
                    "s1+生存":1,
                    "s2+生存":1,
                    "counter+7000034":1        //已找到狼穴
                },
                "action": {
                    "event_on":5300079  //开启狼穴恶战的幕后
                }
            },
            {
                "condition": {
                  "r1:智慧+生存<":[1,5]
                },
                "result_title":"",
                "result_text": "搜索的过程中被群狼伏击，差一点没回来。",
                "result": 
                {
                    "s1+生存":1,
                    "s2+生存":1,
                    "s1+equip":2000098, //受伤
                    "s2+equip":2000098 //受伤
                },
                "action": {
                    "event_on":5300078 //开启重开的幕后

                }
            }
        ],               
        "settlement_extre": [

        ],
        "cards_slot":
        {
            "s1":
            {
                "condition": 
                {
                    "type":"char"
                },
                "open_adsorb":0,
                "is_key":0,
                "is_empty":0,
                "is_enemy":0,
                "text":"你可以亲自，可以派遣足够聪明的追随者前往探索"
            },
        "s2":
            {
                "condition": 
                {
                    "type":"char"
                },
                "open_adsorb":0,
                "is_key":0,
                "is_empty":1,
                "is_enemy":0,
                "text":"多一个同伴，多一点胜算"
            },
        "s3":
            {
                "condition": 
                {
                    "type":"item",
                    "cost.消耗品=":1,
                        "!金币":1
                },
                "open_adsorb":0,
                "is_key":0,
                "is_empty":1,
                "is_enemy":0,
                "text":"有些东西也许能在狩猎中派上用场"
            }
        }
    } 