 {
        "id": 5002501,
        "name": "食人的野狗",
        "text": "一群野狗在下城区肆虐，多次袭击落单的路人，有的酒鬼甚至在醉梦中就被吃空肚腹，断送了性命。它们严重影响了城区的安全，治安队多次前往捕捉，但都一无所获。想要擒住这群初具生存智慧的野兽，或许需要一些非常的手段……",       
        "tips": "",
        "mapping_id":8001169, 
        "once_new":0,
        "round_number": 1,
        "waiting_round":3,
        "waiting_round_end_action":[
            {
                "condition": {
                },
                "result_title":"",
                "result_text": "",
                "result": 
                {
                },
                "action": {
                    "event_on":5300019 //这次失败了，等下次通过幕后机制刷新出来后再来挑战
                }
            }
        ],        
        "method_settlement": "",
        "auto_begin": 0, 
        "auto_result": 0,
        "location": "野外:[9,14]", 
        "icon": "rite_17", 
        "tag_tips": [
            "体魄",
            "战斗"
        ],
        "tag_tips_up":{
            "tips":["体魄","战斗"],
            "type":"fight_result"
        },
        "tips_text":[
            "你可以让自己人亲自动手，也可以使用一些商业手段",
            "普通线 己方数值-（狗体魄1+战斗2）>=2点成功：上阵角色战斗+1 善名+1",
            "普通线 己方数值-（狗体魄1+战斗2）>=1点成功：上阵角色战斗+1 受伤"
        ],
        "open_conditions": [
            {
                "condition": {
                    "any":{
                        "all":{
                            "s2.type":"char",
                            "any":{
                                "s5.征服":1,
                                "!s5":1
                            }
                        },
                        "all":{
                            "s2.金币":8,
                            "s5.奢靡":1
                        }
                    }        
                },
                "tips": "放诱饵则无法奢靡，放金币则必须奢靡"
            }
        ],
        "random_text":{
            "r1":"你的计策奏效了。野狗们被诱饵吸引，被你堵在了一条没有出口的巷子里，接下来，是真正考验武力的时刻……"
        },
        "random_text_up":{
            "r1":{
                "text":"你的计策奏效了。野狗们被诱饵吸引，被你堵在了一条没有出口的巷子里，接下来，是真正考验武力的时刻……",
                "type":"fight_result",
                "type_tips":"你的战斗和体魄为你提供的骰子数量受野狗对应属性的影响。",
                "low_target": 1,
                "low_target_tips": "你至少需要1点成功才能驱离它们。"
            }
        },
        "settlement_prior": [
        ],                
        "settlement": [
            {
                "condition": {
                    "any":{
                        "!s5":1,
                        "s5.征服":1
                    },
                  "r1:体魄+战斗-e(体魄+战斗)>=":[2,5]
                },
                "result_title":"",
                "result_text": "最后一条野狗呜咽着倒下。曾经它们以人的血肉为食，如今它们又会成为谁的盘中餐？\n你为下城区的居民干脆利落地解决了一桩麻烦，他们更加尊重你了。",
                "result": 
                {
                    "s3+战斗":1,
                    "s4+战斗":1,
                    "counter+7000014":1,
                    "counter+7100001": 1 //善名+1                  
                },
                "action": {
                }
            },
            {
                "condition": {
                    "any":{
                        "!s5":1,
                        "s5.征服":1
                    },
                  "r1:体魄+战斗-e(体魄+战斗)>=":[1,5]
                },
                "result_title":"",
                "result_text": "最后一条野狗嘶吼着倒下，锋利的獠牙划伤了你和你的同伴们的臂膀。你们伤痕累累，但你们成功地为下城区的居民们解决了这个麻烦。",
                "result": 
                {
                    "s3+equip":2000098,
                    "s4+equip":2000098,
                    "s3+体魄":1,
                    "s4+体魄":1,
                    "counter+7000014":1,
                    "counter+7100001":1 //善名+1                  
                },
                "action": {
                }
            },
            {
                "condition": {
                    "any":{
                        "!s5":1,
                        "s5.征服":1
                    },
                  "r1:体魄+战斗-e(体魄+战斗)<":[1,5]
                },
                "result_title":"作战失败了",
                "result_text": "野狗们的凶狠超出你的预估，你和你的同伴们被它们撕咬得伤痕累累，节节败退，不得不放弃这次诱捕，逃离此地。你只能祈祷下次这些畜生还会这么轻易地被引诱上钩。",
                "result": 
                {
                    "s3+equip":2000098,
                    "s4+equip":2000098                 
                },
                "action": {
                    "event_on":5300019 //这次失败了，等下次通过幕后机制刷新出来后再来挑战
                }
            }
        ],               
        "settlement_extre": [
            //--------------------奢靡线的影响---------------------------
            {
                "condition": {
                  "s5.奢靡":1
                },
                "result_title":"欲令其灭绝，先令其壮阳",
                "result_text": "你大肆宣布，吃狗鞭可以令男人金枪不倒，而你纵欲的任务太重了……需要以10银币一根的高价收购所有的狗鞭，还有它们的皮下脂肪，这个则能治疗秃顶。",
                "result": 
                {
                },
                "action": {
                }
            },
            {
                "condition": {
                  "s5.奢靡":1
                },
                "result_title":"",
                "result_text": "很快，你不得不停止了这个收购，因为城外的野狗已经绝迹了，而城里的家犬也没几个活着的……",
                "result": 
                {
                    "clean.s1":1  
                },
                "action": {
                }
            },
            {
                "condition": {
                  "s5.奢靡":1
                },
                "result_title":"真的壮阳么？",
                "result_text": "难得一见地，苏丹在朝堂上谨慎地观察着你，想要弄明白这是一个诡计，还是真的有效……",
                "result": 
                {
                    "clean.s5":1      
                },
                "action": {
                }
            },
            //--------------------征服线的额外影响---------------------------
            {
                "condition": {
                    "any":{
                        "!s5":1,
                        "s5.征服":1
                    },
                  "s2.type":"char"
                },
                "result_title":"",
                "result_text": "被你充当诱饵的[s2.name]拼尽全力才从野狗的围攻中逃了出来，侥幸捡回了一条性命。但他伤得太重了，如果不及时医治，很可能因伤势恶化而死去。",
                "result": 
                {
                    "s2+equip":2000098,
                    "s2+生存":1
                },
                "action": {
                }
            },
			{
                "condition": {
                  "s5.征服":1,  //放入了征服卡并成功后的苏丹反馈
                  "r1:体魄+战斗-e(体魄+战斗)>=":[1,5]
                },
                "result_title":"狩猎永远可以算作是一种征服，哪怕是狩猎野狗",
                "result_text": "你来到宫廷恳请抵消征服卡时，苏丹表现得十分遗憾。他责怪你没有留下活口，他还想看看它们是如何撕咬凡人的血肉，赢得这般凶名的呢。",
                "result": 
                { 
                    "clean.s5":1              
                },
                "action": {
                }
            }
        ],
        "cards_slot":
        {
            "s1":
            {
                "condition": 
                {
                    "is":2000279
                },
                "open_adsorb":1,
                "is_key":0,
                "is_empty":0,
                "is_enemy":1,
                "text":"作恶的狗群" 
            },    
            "s2":
                {
                    "condition": 
                    {
                        "any":{
                            "type":"char",
                            "all":{
                                "type":"item",       
                                "cost.金币":8                        
                            }
                        }
                    },
                    "open_adsorb":0,
                    "is_key":0,
                    "is_empty":0,
                    "is_enemy":0,
                    "text":"这里可以放诱惑狗的人，也可以放诱惑人的钱。",                   
                    "pops":[
                        {
                            "condition":{
                                "s2.type":"char",
                                "f:s2.体魄+s2.战斗+s3.体魄+s3.战斗+s4.体魄+s4.战斗+s5.体魄+s5.战斗+s6.体魄+s6.战斗-s1.体魄-s1.战斗<": 1
                            },
                            "action":{
                                "pop.5002501_s2_01.self":"以目前己方的<b><color=white>【体魄】</color></b>和<b><color=white>【战斗】</color></b>能力，就不要去找死了。"
                            }
                        },
                        {
                            "condition":{
                                "s2.type":"char",
                                "f:s2.体魄+s2.战斗+s3.体魄+s3.战斗+s4.体魄+s4.战斗+s5.体魄+s5.战斗+s6.体魄+s6.战斗-s1.体魄-s1.战斗>=": 1,
                                "!s6":1
                            },
                            "action":{
                                "pop.5002501_s2_02.self":"如果有<b><color=white>【情报】</color></b>支持的话，可以多一分胜算。"
                            }
                        },
                        {
                            "condition":{
                                "s5.奢靡":1,
                                "s2.金币<":8
                            },
                            "action":{
                                "pop.5002501_s2_03.self":"你需要准备8枚<b><color=white>【金币】</color></b>作为诱饵。"
                            }
                        },
                        {
                            "condition":{
                                "s5.征服":1,
                                "s2.金币":1
                            },
                            "action":{
                                "pop.5002501_s2_04.self":"想要消除征服，你需要亲自派<b><color=white>【人】</color></b>作为诱饵。"
                            }
                        }
                    ]  
                },
            "s3":
                {
                    "condition": 
                    {
                        "type":"char"
                    },
                    "open_adsorb":0,
                    "is_key":0,
                    "is_empty":1,
                    "is_enemy":0,
                    "text":"你可以亲自，可以派遣足够强壮的追随者前往讨伐",                   
                    "pops":[
                        {
                            "condition":{
                                "s2.type":"char",
                                "f:s2.体魄+s2.战斗+s3.体魄+s3.战斗+s4.体魄+s4.战斗+s5.体魄+s5.战斗+s6.体魄+s6.战斗-s1.体魄-s1.战斗<": 1
                            },
                            "action":{
                                "pop.5002501_s3_01.self":"以目前己方的<b><color=white>【体魄】</color></b>和<b><color=white>【战斗】</color></b>能力，就不要去找死了。"
                            }
                        },
                        {
                            "condition":{
                                "s2.type":"char",
                                "f:s2.体魄+s2.战斗+s3.体魄+s3.战斗+s4.体魄+s4.战斗+s5.体魄+s5.战斗+s6.体魄+s6.战斗-s1.体魄-s1.战斗>=": 1,
                                "!s6":1
                            },
                            "action":{
                                "pop.5002501_s3_02.self":"如果有<b><color=white>【情报】</color></b>支持的话，可以多一分胜算。"
                            }
                        }
                    ] 
                },
            "s4":
                {
                    "condition": 
                    {
                        "type":"char"
                    },
                    "open_adsorb":0,
                    "is_key":0,
                    "is_empty":1,
                    "is_enemy":0,
                    "text":"多一名同伴，多一点保障",                   
                    "pops":[
                        {
                            "condition":{
                                "s2.type":"char",
                                "f:s2.体魄+s2.战斗+s3.体魄+s3.战斗+s4.体魄+s4.战斗+s5.体魄+s5.战斗+s6.体魄+s6.战斗-s1.体魄-s1.战斗<": 1
                            },
                            "action":{
                                "pop.5002501_s4_01.self":"以目前己方的<b><color=white>【体魄】</color></b>和<b><color=white>【战斗】</color></b>能力，就不要去找死了。"
                            }
                        },
                        {
                            "condition":{
                                "s2.type":"char",
                                "f:s2.体魄+s2.战斗+s3.体魄+s3.战斗+s4.体魄+s4.战斗+s5.体魄+s5.战斗+s6.体魄+s6.战斗-s1.体魄-s1.战斗>=": 1,
                                "!s6":1
                            },
                            "action":{
                                "pop.5002501_s4_02.self":"如果有<b><color=white>【情报】</color></b>支持的话，可以多一分胜算。"
                            }
                        }
                    ] 
                },
            "s5":
                {
                    "condition": 
                    {
                        "type":"sudan",
                        "any":{
                            "征服":1,
                            "奢靡":1
                        },
                        "rare<=":2
                    },
                    "open_adsorb":0,
                    "is_key":0,
                    "is_empty":1,
                    "is_enemy":0,
                    "text":"你可以借此折断一张不高于青铜品级的征服卡或者奢靡卡\n【奢靡线：无检测直接胜利】\n【征服线：体魄+战斗-（狗体魄1+战斗2）>=1点成功：诱饵角色生存+1 受伤】",                   
                    "pops":[
                        {
                            "condition":{
                                "s5.奢靡":1,
                                "s2.金币<":8
                            },
                            "action":{
                                "pop.5002501_s5_01.self":"你需要准备8枚<b><color=white>【金币】</color></b>作为诱饵。"
                            }
                        },
                        {
                            "condition":{
                                "s5.征服":1,
                                "!s2.type":"char"
                            },
                            "action":{
                                "pop.5002501_s5_02.self":"想要消除征服，你需要亲自派<b><color=white>【人】</color></b>作为诱饵。"
                            }
                        }
                    ] 
                },
            "s6":
                {
                    "condition": 
                    {
                        "type":"item",
                        "cost.消耗品=":1,
                        "!金币":1

                    },
                    "open_adsorb":0,
                    "is_key":0,
                    "is_empty":1,
                    "is_enemy":0,
                    "text":"有些东西也许能在讨伐中派上用场"
                }
        }
    } 