 {
        "id": 5002005,
        "name": "欢愉之馆",
        "text": "城中的妓院，据说她的历史比城墙与皇宫更古老，但无论如何，这里是消耗苏丹卡的一个很好的地方，毕竟，无论她们多么美丽，受到称赞，爱慕，都只是花费金钱就可以为所欲为的玩物而已。",       
        "tips": "",
        "mapping_id":8001076,
        "once_new":1,
        "round_number": 1,
        "waiting_round":1,
        "waiting_round_end_action":[
        ],        
        "method_settlement": "",
        "auto_begin": 0, 
        "auto_result": 0,
        "location": "商业区:2", 
        "icon": "rite_13", 
        "tag_tips": [
            "体魄",
            "魅力"
        ],
        "tag_tips_up":{
            "tips":["魅力","体魄"],
            "type":"normal_result"
        },
        "tips_text":[
            "即使是妓女，杀死她们也会引发人们的不满",
            "小心，在妓女身上花费太多精力与金钱可能会让妻子伤心",
            "每次出现的妓女是随机的",
            "点燃激情之后，她们也许会向你敞开心扉",
            "双方体魄魅力加起来>=2点：激情+1"
        ],
        "open_conditions": [
            {
                "condition": {
                    "s2.金币>=":8      
                },
                "tips": "至少需要8枚金币"
            }
        ],
        "random_text":{
            "r1":"这只是一次生意，但也可能擦出激情的火花。"
        },
        "random_text_up":{
            "r1":{
                "text":"这只是一次生意，但也可能擦出激情的火花。",
                "type":"normal_result",
                "type_tips":"你的魅力和体魄为你提供了完整的骰子数量。",
                "low_target": 2,
                "low_target_tips": "你至少需要2点成功才能有机会和她擦出火花。"
            }
        },
        "settlement_prior": [
            {
                "condition": {
                  "s4.杀戮":1
                },
                "result_title":"",
                "result_text": "恐惧让她呼吸停止了几秒钟的时间，但很快这个美丽的人儿就恢复了镇静。她向你索取化妆，打扮，饮酒以及吸烟的最后机会，你也不打算拒绝。\n于是她拿出自己最好的首饰与丝衣还有镶嵌着宝石的武器，打扮得仿佛一位即将出征的公主，与你在窗台前看着下方的城市，举杯畅谈，分享水烟。你们谈到了远方天地的景色，以及神创造世界时的种种神秘旨意，直到日落时分，在争论一段经文的翻译取舍时，她的话语戛然而止，微笑着倒在你的肩膀上，停止了呼吸。",
                "result": 
                {
                    "counter=7000097":1, //设置
                    "global_counter+7200134":1, //成就
                    "clean.s4":1,
                    "clean.s1":1,
                    "counter+7100002": 1  //恶名+1
                },
                "action": {
                    "event_on":5300208 //开启奈布哈尼准备挑战你的前置幕后
                }
            }
        ],                
        "settlement": [
            {
                "condition": {
                  "s5.is":2000680,  //苏丹的猜忌
                  "counter.7000362<":1 //避免重复触发
                },
                "result_title":"对不起了我的兄弟",
                "result_text": "为了把这场戏做得足够真实，你提前喝了几杯酒，然后又在下身敷了一些麻药——以确保它绝对保持萎靡不振的状态，毕竟这可是要骗过苏丹呢！\n结果夏玛二话不说就俯下身子，开始爱怜你那无力的男根——并且在一轮深吻之后看破了你的计谋，那些药的味道可瞒不过我的舌头，她这么说着，开始帮你出谋划策……\n到了第二天，所有人都在议论，夏玛单方面赐予了你无数次欢愉，就为了安慰你因阳痿而受伤的心灵……你别说，嫉妒你的人还真不少！苏丹对这个笑话很满意，显然，即使是最残暴的君主，对一个阳痿的臣子也是会更加宽容的，就是屁股真的会有点痛。",
                "result": 
                {
                    "clean.s5":1,
                    "s3+equip":2000681, //身上挂个不举的传闻
                    "counter+7000362":1 //避免重复触发
                },
                "action": {
                    "global_counter=7200215":1, //成就-没有人比我更懂你-不举
                    "event_on": 5320089  //激活14天后苏丹送你虎鞭治疗你的弹框
                }
            },
            {
                "condition": {
                  "s4.纵欲":1,
                  "!s1.纵欲的痕迹":1
                },
                "result_title":"",
                "result_text": "她的话语仿佛有一种魔力，你从未与女人聊得如此投机——这不是恭维，迎合，而是启发。\n你想找到纸笔把刚刚的话语记录下来，但发现自己已经和她的肢体纠缠到了一起。她掌握着神奇的节奏，与你仿佛好搭档一般交替施展激情的律动，又用温柔的触碰与变幻的姿势来延长双方的欢愉。\n在这样美妙的气氛下，她脱掉了身上最后一件丝衣，向你展示她的秘密——原来她既是男性又是女性，所以才这样了解双方的快乐。于是在她的建议下，你们交换角色，再次轮流享受至高的欢愉，虽然事后你经常觉得荒谬至极，但夏玛就是有让一切自然发生的魅力。",
                "result": 
                {
                    "counter=7000097":1, //设置
                    "global_counter=7200137":1, //成就
                    "global_counter+7200134":1, //成就
                    "s1+纵欲的痕迹":1,
                    "clean.s4":1
                },
                "action": {
                    "counter+7000651":1, //成就-眠花宿柳-夏玛
                    "event_on":5300210 //开启紧紧只是有趣而已
                }
            },
            {
                "condition": {
                  "s4.纵欲":1,
                  "s1.纵欲的痕迹":1
                },
                "result_title":"",
                "result_text": "纵欲卡无法重复在同一人身上简单消耗，但夏玛说，如果时机合适，就让你体验苏丹都忍不住想要参加的特别聚会。",
                "result": 
                {
                    "counter=7000097":1, //设置
                    "global_counter+7200134":1, //成就
                    "card":  2000083
                },
                "action": {
                    "counter+7000651":1, //成就-眠花宿柳-夏玛
                }
            },
            {
                "condition": {
                  "s4.奢靡":1,
                  "s2.金币>=":16,
                  "counter.7000359<":1
                },
                "result_title":"",
                "result_text": "夏玛在你身上花费了一整天的时间：她帮你换了一种梳头的方式，然后用几个小饰品和站，坐，卧的技巧就让你看上去英俊了三倍。随后她又教了你让女人和男人快乐无比的技巧各三种，并与你彼此实践练习。\n当晚，你在她低声朗读诗歌的时候安然睡去，获得了几十天来的第一次无梦深眠。早上醒来后，她为你准备了早餐，还告诉了你一种搭配干果与蜂蜜的小技巧……\n现在，你从欢愉之馆中离开，怅然若失，你胸口抽搐，仿佛还在期待她的触摸；你口舌空虚，仿佛还在回味她的下体。",
                "result": 
                {
                    "counter=7000097":1, //设置
                    "global_counter+7200134":1, //成就
                    "clean.s4":1,
                    "card":  2000083,
                    "s3+魅力":1 ,
                    "counter+7000359":1
                },
                "action": {
                    "counter+7000651":1, //成就-眠花宿柳-夏玛
                    "event_on":5300210 //开启紧紧只是有趣而已
                }
            },
            {
                "condition": {
                  "s4.奢靡":1,
                  "s2.金币>=":16,
                  "counter.7000359>=":1
                },
                "result_title":"",
                "result_text": "奢靡卡无法重复在同一人身上消耗，但你依然愿意让夏玛在你身上花费一整天的时间……",
                "result": 
                {
                    "counter=7000097":1, //设置
                    "global_counter+7200134":1, //成就
                    "card":  2000083
                },
                "action": {
                    "counter+7000651":1, //成就-眠花宿柳-夏玛
                    "event_on":5300210 //开启紧紧只是有趣而已
                }
            },
            {
                "condition": { //待补充：没有放苏丹卡或放了征服卡的情况
                },
                "result_title":"",
                "result_text": "来这里，只是单纯的为了享乐",
                "result": 
                {
                    "counter=7000097":1, //设置
                    "global_counter+7200134":1, //成就
                    "card":  2000083
                },
                "action": {
                    "counter+7000651":1, //成就-眠花宿柳-夏玛
                }
            }
        ],               
        "settlement_extre": [
            {
                "condition": {
                    "!s5.is":2000680,
                    "r1:s3.体魄+s3.魅力+s4.体魄+s4.魅力+s5.体魄+s5.魅力>=":[2,5]
                },
                "result_title":"",
                "result_text": "突然，她抓紧了你，有一些迟疑，有一些欢快，有一些残酷。【可怜的人儿啊，我好像喜欢上你了。】",
                "result": 
                {
                    "s1+激情":1
                },
                "action": {
                }
            }
        ],
        "cards_slot": 
        {
            "s1":
                {
                    "condition": 
                    {
                        "is":2000082,
                        "妓女":1,
                        "!追随者":1                  
                    },
                    "open_adsorb":1,
                    "is_key":0,
                    "is_empty":0,
                    "is_enemy":1,
                    "text":"夏玛在很多场合几乎享受着贵族一样的待遇。她有很多出身高贵，出手阔绰的客人，而他们也尊敬她。" 
                },
            "s2":
                {
                    "condition": 
                    {
                        "type":"item",
                        "cost.金币":[8,16]
                    },
                    "open_adsorb":0,
                    "is_key":0,
                    "is_empty":0,
                    "is_enemy":0,
                    "text":"你必须给她8枚金币，才能做她的入幕之宾。如果你愿意给双倍，可以折断一张对应的奢靡卡",                   
                    "pops":[
                        {
                            "condition":{
                                "s2.金币>":8
                            },
                            "action":{
                                "pop.5002005_s2_01.s1":"钱给多了哦~不过……如果想在我这里使用奢靡卡，不拿出16枚金币可不行。"
                            }
                        }
                    ]
                },
            "s3":
               {
                    "condition": 
                    {
                        "主角":1,
                        "type":"char"
                    },
                    "open_adsorb":0,
                    "is_key":0,
                    "is_empty":0,
                    "is_enemy":0,
                    "text":"单嫖双赌，这种事情也没法拜托别人是吧。",
                    "pops":[
                        {
                            "condition":{
                            },
                            "action":{
                                "choose":{
                                    "pop.5002005_s3_01.s1":"别着急，我会给你想要的一切快乐",
                                    "pop.5002005_s3_02.s1":"今早摘来的蔷薇花，好看吗？",
                                    "pop.5002005_s3_03.s1":"有什么烦心事么，大人？",
                                    "pop.5002005_s3_04.s1":"唉……瓶中的蔷薇花，又近凋谢了。"                                   
                                }
                            }
                        }
                    ]
                },
            "s4":
                {
                    "condition": 
                    {
                        "type":"sudan",
                        "any":{
                            "纵欲":1,
                            "杀戮":1,
                            "奢靡":1                            
                        },
                        "f:rare-s1.rare<=":0
                    },
                    "open_adsorb":0,
                    "is_key":0,
                    "is_empty":1,
                    "is_enemy":0,
                    "text":"你可以借此折断一张不高于白银品级的苏丹卡，纵欲、杀戮、奢靡……又或者，只单纯地寻求欢乐\n对应品质杀戮卡：对应妓女死亡 恶名+1 开启挑战仪式\n对应品质奢靡卡：妻子的不满\n对应品质纵欲卡：妻子的不满",                   
                    "pops":[
                        {
                            "condition":{
                                "s4.纵欲":1,
                                "s1.纵欲的痕迹":1
                            },
                            "action":{
                                "pop.5002005_s4_01.self":"你已经用这种方式消除过纵欲卡了，苏丹可不会再认。"
                            }
                        },
                        {
                            "condition":{
                                "s4.奢靡":1,
                                "global_counter.7230004<":1,
                            },
                            "action":{
                                "global_counter+7230004":1,
                                "begin_guide":{
                                    "type": "FILL_COIN",
                                    "anim_type":"MouseRightClick",
                                    "pos": [-1024, -404],
                                    "is_show_ring": true,
                                    "ring_pos": [1182, -249.5],
                                    "ring_rect": [0.5, 0.5]
                                }
                            }
                        }
                    ] 
                },
            "s5":
                {
                    "condition": 
                    {
                        "type":"item",
                        "any":{
                            "all":{
                                "cost.消耗品=":1,
                                "!金币":1 
                            },
                            "is":2000680
                        }
                    },
                    "open_adsorb":0,
                    "is_key":0,
                    "is_empty":1,
                    "is_enemy":0,
                    "text":"有些道具能让你表现得更好……\n苏丹的猜忌：消除猜忌 不举的传闻"
                }
        }
    } 