 {
        "id": 5002516,
        "name": "喂养凶狮",
        "text": "一开始这只是你为了消除奢靡卡的突发奇想，但凡事有始有终，现在山狮盯上你了，它期待着你的供奉的血食。就坚持个十来天吧，你这么盘算着，换季之后风沙一大，商人们就不会走那条山路了，而你至少可以换个好名声。",       
        "tips": "",
        "mapping_id":8001046,
        "once_new":0,
        "round_number": 1,
        "waiting_round":0,
        "waiting_round_end_action":[
        ],        
        "method_settlement": "",
        "auto_begin": 1, 
        "auto_result": 0,
        "location": "野外:[1,6]", 
        "icon": "rite_6",   
        "tag_tips": [

        ],
        "tag_tips_up":{

        },
        "tips_text":[
            "每天都要进行喂养……请谨记" ,
            "喂养小于10次：继续喂养",
            "喂养大于10次：开启山狮最后索求仪式", 
            "不喂养超过4次：刷出凶狮肆虐"           
        ],
        "open_conditions": [
        ],
        "random_text":{
           
        },
        "random_text_up":{

        },
        "settlement_prior": [
          
        ],                
        "settlement": [
            {
                "condition": {
                    "s2.金币":1,
                    "counter.7000157<=":10
                },
                "result_title":"它日益茁壮……",
                "result_text": "牵牛的仆人每天都会报告一些异状，有时候他说狮子对他微笑、有时候他说狮子跟踪他到家门口……更过分的时候他会说狮子站起来了，在用两只脚走路，并且会用骨头去剔牙……你不得不更换仆人，还警告他们不要说东说西。",
                "result": 
                {
                   "counter+7000157":1
                },
                "action": {
                    "rite":5002516 //重新启动本仪式
                }
            },
            {
                "condition": {
                    "s2.金币":1,
                    "counter.7000157>":10
                },
                "result_title":"狮子的交易",
                "result_text": "晚上，一个丑陋，嘴巴喷出臭气的尖牙男人突然出现在了你的梦中……\n“我是一名巫师，之前，在梦游的时候，我被打伤了，不得不临时寄居在山狮的身体里。”\n他这么跟你说……“多亏你的供奉，我现在已经恢复了……但是，在山狮的身体里，吃到过最好吃的肉，还是人肉的滋味啊……忘不了，怎么也忘不了，你可以再给我安排一次人肉嘛？作为报答，我会在离开这具野兽身体之前，让它的思想忠诚于你，你将得到一只强大的宠物。”",
                "result": 
                {
                   
                },
                "action": {
                    "rite":5002517 //启动2517仪式
                }
            },
            {
                "condition": {
                    "!s2":1
                },
                "result_title":"",
                "result_text": "你忙于其他事务无暇顾及城外的狮子，很快，你就知道会发生什么了。",
                "result": 
                {
                    //"counter+7000021":1,        //山狮不再刷新        
                    "counter+7000022":10   //如果不做这个仪式也会增加山狮吃人计数器
                },
                "action": {
                    "event_on":5300034  //开启山狮肆虐的幕后，必定刷出
                }
            }
        ],               
        "settlement_extre": [
           
        ],
        "cards_slot":
        {
            "s1":
            {
                "condition": 
                {
                    "is":2000202
                },
                "open_adsorb":1,
                "is_key":0,
                "is_empty":0,
                "is_enemy":1,
                "text":"牙下冤魂无算的凶狮" //自动吸山狮上来
            },
            "s2":
            {
                "condition": 
                {
                    "type":"item",
                    "cost.金币":1 
                },
                "open_adsorb":0,
                "is_key":0,
                "is_empty":0,
                "is_enemy":0,
                "text":"用一金币去购买一头足够壮硕肥美的牛。"                  
               
            }
        }
    } 