 {
        "id": 5002036,
        "name": "淘书",
        "text": "书店老板要去城外的流民那边搜罗值得读的书籍，他认为你也应该派人跟他一起去，正是因为你买书太狠，才导致他无货可卖。",       
        "tips": "",
        "once_new":0,
        "round_number": 1,
        "waiting_round":3,
        "waiting_round_end_action":[
            {
                "condition": {
                },
                "result_title":"",
                "result_text": "",
                "result": 
                {
                },
                "action": {
                    "event_on":5300175 //重新激活自己
                }
            }
        ],        
        "method_settlement": "",
        "auto_begin": 0,
        "auto_result": 0,
        "location": "野外:[9,14]", 
        "icon": "rite_6", 
        "tag_tips": [
        ],
        "tag_tips_up":{
            "tips":["生存","智慧"],
            "type":"normal_result"
        },
        "tips_text":[
            "需要4点成功",
			"浴场、书店、家业、权游、淘书能加快随机事件触发"
        ],
        "open_conditions": [
        ],
        "random_text":{
        },
        "random_text_up":{
            "r1":{
                "text":"找书重要但也要小心小偷",
                "type":"normal_result",
                "type_tips":"你的生存和智慧为你提供了完整的骰子数量。",
                "low_target": 4,
                "low_target_tips": "你至少4点成功。"
            }
        },
        "settlement_prior": [
            {
                "condition": {
                    "!loot":6000005, //掉不出东西
                },
                "result_title":"搜刮一空",
                "result_text": "你买了太多书，短时间内附近的小贩和小偷都拿不出什么像样的书了……",
                "result": 
                {
                    "s3+回收":1,
                    "s4+回收":1,
                },
                "action": {
                }
            },
        ],                
        "settlement": [
        ],               
        "settlement_extre": [
            {
                "condition": {
                },
                "result_title":"书与命运坠落的地方",
                "result_text": "你们在流民的聚集地中徜徉，视线所及之处都是饥饿的孩子、瘦削的女人，以及双眼茫然的肮脏男人。在这种地方为什么会有书可买呢？\n“在自身命运急剧下坠的时候，有些人会先卖掉书，也有些人会把书留到最后，不舍得出手。”他边说边在人群中穿梭，眼睛紧紧盯着人们的手，“而在我们这位至高无上苏丹的统治之下，命运的起起伏伏十分常见，昨天还捧着诗集在花园里朗诵的人，说不定今天就在这里祈求一碗粥了。”\n你禁不住想到……如果你的命运也坠落下去，是否他也会从你肮脏的手中把他的书给买回去……？",
                "result": 
                {
                },
                "action": {
                    "event_on":5300179 //重新激活自己
                }
            },
            {
                "condition": {
                    "r1:智慧+生存>=":[4,5],
                    "any":{
                        "counter.7000330<":3,
                        "counter.7000330>":3
                    }
                },
                "result_title":"成功的打捞",
                "result_text": "你们找到了一些有价值的书……本来你还想和卖书人攀谈两句，但她掩着面就走了，仿佛做了什么见不得人的勾当一般，比街对面的流莺更加羞耻。",
                "result": 
                {
                    "loot":6000005,             
                    "counter+7000330": 1  //成功计数
                },
                "action": {
                    "global_counter+7200206":1, //成就-精神股东
                }
            },
            {
                "condition": {
                    "r1:智慧+生存>=":[4,5],
                    "counter.7000330=":3
                },
                "result_title":"成功的打捞",
                "result_text": "你们找到了一些有价值的书……本来你还想和卖书人攀谈两句，但她掩着面就走了，仿佛做了什么见不得人的勾当一般，比街对面的流莺更加羞耻。",
                "result": 
                {
                    "loot":6000005,             
                    "counter+7000330": 1  //成功计数
                },
                "action": {
                    "global_counter+7200206":1, //成就-精神股东
                    "event_on":5300176 //激活这不是偷
                }
            },
            {
                "condition": {
                    "r1:智慧+生存<":[4,5]
                },
                "result_title":"唉我钱呢？",
                "result_text": "正当你们准备付钱的时候，突然发现，不知何时，钱包已经被偷了……幸好出门的时候带的不多。",
                "result": 
                {
                },
                "action": {
                }
            },
            {
                "condition": {  
                    "r1:智慧+生存>=":[4,5],
                    "s2.is":2000019 //是珠宝商人  
                },
                "result_title":"",
                "result_text": "这次淘书的经历为热娜提供了珠宝的设计灵感。",
                "result": 
                {
                    "s2+灵感":1 //额外积攒的灵感
                },
                "action": {
                }
            },
            {
                "condition": { 
                    "counter.7000117<":6
                },
                "result_title":"",
                "result_text": "在过去，书曾经是一个逃避现实的好地方，毕竟那里充满了故事与虚构之物。而现在，你身在故事中心，在一切纸页上都只能看到暗喻，讽刺，提醒你现实的荒诞与不讲情理。",
                "result": 
                {
                    "counter+7000117":1  //声望弹框计数器
                },
                "action": {
                }
            },
            {
                "condition": { 
                    "counter.7000117>=":6,
                    "counter.7000200<":34, //弹框总数总数
                    "any":{
                        "counter.7000330<":3,  //避免和专属弹框事件重叠
                        "counter.7000330>":3
                    }
                },
                "result_title":"",
                "result_text": "一件值得注意的事情发生了。",
                "result": 
                {
                    "counter=7000117":0,
                    "counter+7000200":1
                },
                "action": {
                    "event_on": 5300601 //触发声望弹框
                }
            }
        ],
        "cards_slot":
        {
            "s1":
                {
                    "condition": 
                    {
                        "is":2000199,
                        "书店老板":1               
                    },
                    "open_adsorb":1,
                    "is_key":0,
                    "is_empty":0,
                    "is_enemy":0,
                    "text":"书店老板" 
                },
            "s2":
                {
                    "condition": 
                    {
                        "type":"char"                
                    },
                    "open_adsorb":0,
                    "is_key":0,
                    "is_empty":0,
                    "is_enemy":0,
                    "text":"派个追随者跟随",
                    "pops":[
                        {
                            "condition":{
                            },
                            "action":{
                                "choose":{
                                    "pop.5002036_s2_01.s1":"找！找！找！"
                                }
                            }
                        }
                    ]  
                },
            "s3":
                {
                    "condition": 
                    {
                        "type":"item",
                        "cost.金币":3                
                    },
                    "open_adsorb":0,
                    "is_key":0,
                    "is_empty":0,
                    "is_enemy":0,
                    "text":"淘书的钱得你来付" 
                },
            "s4":
                {
                    "condition": 
                    {
                        "type":"item",
                        "any":{
                            "all":{
                                "cost.消耗品=":1,
                                "!金币":1 
                            }
                        }
                    },
                    "open_adsorb":0,
                    "is_key":0,
                    "is_empty":1,
                    "is_enemy":0,
                    "text":"有些道具或许能在沟通中派上用场"
                }
        }
    } 