 {
        "id": 5002504,
        "name": "神赐骏马",
        "text": "有人赌咒发誓说自己曾在城东的荒野见到一匹纯黑色的神骏宝马，它身形轻俊修长，披着丝缎一般的毛发，奔跑时虽无羽翼却似在乘风而飞。不少猎手想找到它的踪迹、将它驯服，但都空手而归。",       
        "tips": "",
        "mapping_id":8001172, 
        "once_new":0,
        "round_number": 1,
        "waiting_round":3,
        "waiting_round_end_action":[
            {
                "condition": {
                  
                },
                "result_title":"",
                "result_text": "",
                "result": 
                {           
                },
                "action": {
                    "event_on":5300031  //这次失败了，等下次通过幕后机制刷新出来后再来挑战，数回合后刷新回来
                }
            }
        ],        
        "method_settlement": "",
        "auto_begin": 0, 
        "auto_result": 0,
        "location": "野外:[1,6]", 
        "icon": "rite_23", 
        "tag_tips": [
            "智慧",
            "生存"
        ],
        "tag_tips_up":{
            "tips":["智慧","生存"],
            "type":"normal_result"
        },
        "tips_text":[
            "即便失败，数回合后可以再次尝试。",
            "智慧生存检测>=2点成功：获得骏马，参与者生存+1"   
        ],
        "open_conditions": [
        ],
        "random_text":{
            "r1":"你依循着猎人的指点，埋伏了数日，终于一睹芳容。那匹纯黑的宝马踏着迷离的月光踏入绿洲浅浅的碎波，皮毛也似有光辉流淌。似是嗅见了你们的气息，抬首望向你趴伏的方向。你被它遥遥望着，几乎不敢呼吸。\n“听说有灵的神骏会挑选自己的主人。”你的引导者压低了声音这么说道，“很多人尝试过捕捉它，但是都失败了。”\n一种冥冥中的强烈感召，令你缓缓站起身来。你注视着那匹不似人间之物的骏马，试着向它张开了臂膀。"
        },
        "random_text_up":{
            "r1":{
                "text":"你依循着猎人的指点，埋伏了数日，终于一睹芳容。那匹纯黑的宝马踏着迷离的月光踏入绿洲浅浅的碎波，皮毛也似有光辉流淌。似是嗅见了你们的气息，抬首望向你趴伏的方向。你被它遥遥望着，几乎不敢呼吸。",
                "type":"normal_result",
                "type_tips":"你的智慧和生存为你提供了完整的骰子数量。",
                "low_target": 2,
                "low_target_tips": "你至少需要2点成功才能抓住骏马。"
            }
        },
        "settlement_prior": [
        ],                
        "settlement": [
            {
                "condition": {
                  "r1:智慧+生存>=":[2,5]
                },
                "result_title":"",
                "result_text": "骏马踢踏着蹄子，似乎有些迟疑。但很快，它打了个响鼻，向你走来。波光粼粼，在它身后铺开一条细碎的辉光之路。它来到你身边，轻轻垂首。你抚摸到它微热的面额，仿佛触及神的慷慨赐予。",
                "result": 
                {
                    "card":[2000201,"已拥有+1"], 
                    "s1+生存":1,
                    "s2+生存":1,
                    "counter+7000020":1              //之后不再刷新
                },
                "action": {
                }
            },
            {
                "condition": {
                  "r1:智慧+生存<":[2,5]
                },
                "result_title":"",
                "result_text": "骏马踢踏着蹄子，打了个响鼻，转身隐入黑暗。月光映照着白沙，天地间却似乎从没有过一道这样浓墨般的幽影，它就这样消失无踪了。也许它还会出现，也许，它只是在等待一个合适的时机，一个合适的主人。",
                "result": 
                {           
                },
                "action": {
                    "event_on":5300031  //这次失败了，等下次通过幕后机制刷新出来后再来挑战，数回合后刷新回来
                }
            }
        ],               
        "settlement_extre": [
        ],
        "cards_slot":
        {
            "s1":
                {
                    "condition": 
                    {
                        "type":"char"
                    },
                    "open_adsorb":0,
                    "is_key":0,
                    "is_empty":0,
                    "is_enemy":0,
                    "text":"你可以亲自前去，或者派遣经验丰富的猎手前往"
                },
            "s2":
                {
                    "condition": 
                    {
                        "type":"char"
                    },
                    "open_adsorb":0,
                    "is_key":0,
                    "is_empty":1,
                    "is_enemy":0,
                    "text":"多一个同伴，多一个帮手"
                },
            "s3":
                {
                    "condition": 
                    {
                        "type":"item",
                        "cost.消耗品=":1,
                        "!金币":1
                    },
                    "open_adsorb":0,
                    "is_key":0,
                    "is_empty":1,
                    "is_enemy":0,
                    "text":"有些东西也许能在驯服中派上用场"
                }
        }
    } 