 {
        "id": 5002506,
        "name": "商人的遗物",
        "text": "听说可怜的商人被狮子袭击，尸骨无存。他仅剩的遗物也散落荒野，无人认领……",       
        "tips": "",
        "mapping_id":8001173, 
        "once_new":0,
        "round_number": 1, //当轮结算
        "waiting_round":1, //只持续1抡
        "waiting_round_end_action":[
        ],        
        "method_settlement": "",
        "auto_begin": 0, 
        "auto_result": 0,
        "location": "野外:[1,6]", 
        "icon": "rite_3", 
        "tag_tips": [
            "智慧",
            "隐匿"
        ],
        "tag_tips_up":{
            "tips":["智慧","隐匿"],
            "type":"normal_result"
        },
        "tips_text":[
            "只要山狮还存在，被袭击的无辜者会一直出现吧？",
            "智慧+隐匿>=1点成功：随机1-4金币"
        ],
        "open_conditions": [
        ],
        "random_text":{
            "r1":"在茫茫荒野找到那些遗失的货物并不容易，想将之据为己有，也得避人耳目才行……"
        },
        "random_text_up":{
            "r1":{
                "text":"在茫茫荒野找到那些遗失的货物并不容易，想将之据为己有，也得避人耳目才行……",
                "type":"normal_result",
                "type_tips":"你的智慧和隐匿为你提供了完整的骰子数量。",
                "low_target": 1,
                "low_target_tips": "你至少需要1点成功才能找到目标。"
            }
        },
        "settlement_prior": [
        ],                
        "settlement": [
            {
                "condition": {
                  "r1:智慧+隐匿>=":[1,5]
                },
                "result_title":"",
                "result_text": "你循着挣扎和血水的痕迹找到事发的地点，趁着四野无人之际，神不知鬼不觉地取走了一些值钱的东西。",
                "result": 
                {
                    "loot":6000027 // 獲得一次loot，loot内金币1-4随机
                },
                "action": {
                }
            },
            {
                "condition": {
                  "r1:智慧+隐匿<":[1,5]
                },
                "result_title":"",
                "result_text": "残存的尸体边杂乱的痕迹让你摸不着头脑，倒是空气中隐约未散的腥味吸引着附近的秃鹫和鬣狗群，你险些被它们围攻，只能落荒而逃，空手而归。",
                "result": 
                {
                    //空手而归
                },
                "action": {

                }
            }
        ],               
        "settlement_extre": [
           
        ],
        "cards_slot":
        {
            "s1":
            {
                "condition": 
                {
                    "type":"char"
                },
                "open_adsorb":0,
                "is_key":0,
                "is_empty":0,
                "is_enemy":0,
                "text":"你可以亲自，可以派遣足够机灵的追随者前往窃取"
            },
        "s2":
            {
                "condition": 
                {
                    "type":"item",
                    "cost.消耗品=":1,
                        "!金币":1
                },
                "open_adsorb":0,
                "is_key":0,
                "is_empty":1,
                "is_enemy":0,
                "text":"有些东西也许能派上用场"
            }
        }
    } 