 {
        "id": 5002509,
        "name": "狼穴恶战",
        "text": "终究是人类的智慧更胜一筹，你成功寻到了狼群的巢穴，迫使狼王和你进行正面战斗。",       
        "tips": "",
        "mapping_id":8001172, 
        "once_new":0,
        "round_number": 1,
        "waiting_round":0,
        "waiting_round_end_action":[

        ],        
        "method_settlement": "",
        "auto_begin": 0, 
        "auto_result": 0,
        "location": "野外:[1,6]", 
        "icon": "rite_15", 
        "tag_tips": [
            "体魄",
            "战斗"
        ],
        "tag_tips_up":{
            "tips":["体魄","战斗"],
            "type":"normal_result"
        },
        "tips_text":[
            "该和狼王与狼群进行一场恶战了。",
            "己方数值-（狼战斗4点）投骰后>=3：上阵角色战斗+1",
            "己方数值-（狼战斗4点）投骰后>=1：上阵角色体魄+1，受伤"
        ],
        "open_conditions": [
        ],
        "random_text":{
            "r1":"检定时间。"
        },
        "random_text_up":{
            "r1":{
                "text":"检定时间。",
                "type":"normal_result",
                "type_tips":"你的体魄和战斗为你提供了完整的骰子数量。",
                "low_target": 1,
                "low_target_tips": "你最少获得1点成功就能获胜。"
            }
        },
        "settlement_prior": [
        ],                
        "settlement": [
            {
                "condition": {
                  "r1:体魄+战斗-e(战斗)>=":[3,5]
                },
                "result_title":"",
                "result_text": "完美击杀了狼王，狩猎了狼群。",
                "result": 
                {
                    "s1+战斗":1,
                    "s2+战斗":1,
                    "counter+7000035":1         //狼王已死
                },
                "action": {
                }
            },
            {
                "condition": {
                  "r1:体魄+战斗-e(战斗)>=":[1,5]
                },
                "result_title":"",
                "result_text": "和狼群与狼王进行了恶战，最终胜利。",
                "result": 
                {
                    "s1+equip":2000098,  //受伤
                    "s2+equip":2000098,
                    "s1+体魄":1,
                    "s2+体魄":1,
                    "counter+7000035":1        //狼王已死  
                },
                "action": {
                }
            },
            {
                "condition": {
                  "r1:体魄+战斗-e(战斗)<":[1,5]
                },
                "result_title":"",
                "result_text": "没有打赢，快跑",
                "result": 
                {
                    "s1+equip":2000098,
                    "s2+equip":2000098
                },
                "action": {
                    "event_on":5300079 //这次失败了，等下次通过幕后机制刷新出来后再来挑战
                }
            }
        ],               
        "settlement_extre": [
            {
                "condition": {
                  "r1:体魄+战斗-e(战斗)>=":[1,5],
                  "s4":1
                },
                "result_title":"",
                "result_text": "消除征服卡",
                "result": 
                {
                    "clean.s4":1 //消除征服卡             
                },
                "action": {
                }
            }
        ],
        "cards_slot":
        {
            "s1":
            {
                "condition": 
                {
                    "type":"char"
                },
                "open_adsorb":0,
                "is_key":0,
                "is_empty":0,
                "is_enemy":0,
                "text":"你可以亲自，可以派遣足够强壮的追随者前往讨伐"
            },
        "s2":
            {
                "condition": 
                {
                    "type":"char"
                },
                "open_adsorb":0,
                "is_key":0,
                "is_empty":1,
                "is_enemy":0,
                "text":"多一个同伴，多一点胜算"
            },
        "s3":
            {
                "condition": 
                {
                    "type":"item",
                    "cost.消耗品=":1,
                        "!金币":1
                },
                "open_adsorb":0,
                "is_key":0,
                "is_empty":1,
                "is_enemy":0,
                "text":"有些东西也许能在狩猎中派上用场"
            },
        "s4":
            {
                "condition": 
                {
                    "type":"sudan",
                    "征服":1,
                    "rare<=":2 //放品级不高于青铜
                },
                "open_adsorb":0,
                "is_key":0,
                "is_empty":1,
                "is_enemy":0,
                "text":"你可以借此折断一张不高于青铜级别的征服卡"
            }
        }
    } 