 {
        "id": 5002037,
        "name": "淘书",
        "text": "书店老板找到你，希望你能陪他去一趟上城区，他想去拜访几位贵族，试图从他们手里收一些值得读的书。之所以找你帮忙，一方面是因为他认为你真的喜欢读书，另一方面则因为他实在不擅长应付这些贵族。如果您本人不能来，至少也请派位懂得怎么跟贵族聊天的人来。",       
        "tips": "",
        "once_new":0,
        "round_number": 1,
        "waiting_round":3,
        "waiting_round_end_action":[
            {
                "condition": {
                },
                "result_title":"",
                "result_text": "",
                "result": 
                {
                },
                "action": {
                    "event_on":5300175 //重新激活自己
                }
            }
        ],        
        "method_settlement": "",
        "auto_begin": 0,
        "auto_result": 0,
        "location": "上城区:[7,12]", 
        "icon": "rite_6", 
        "tag_tips": [
        ],
        "tag_tips_up":{
            "tips":["魅力","社交"],
            "type":"normal_result"
        },
        "tips_text":[
            "需要4点成功",
			"浴场、书店、家业、权游、淘书能加快随机事件触发"
        ],
        "open_conditions": [
        ],
        "random_text":{
        },
        "random_text_up":{
            "r1":{
                "text":"你和这位贵族简单寒暄了一会儿，准备进入正题",
                "type":"normal_result",
                "type_tips":"你的魅力和社交为你提供了完整的骰子数量。",
                "low_target": 4,
                "low_target_tips": "你至少4点成功。"
            }
        },
        "settlement_prior": [
            {
                "condition": {
                    "!loot":6000005, //掉不出东西
                },
                "result_title":"大书虫",
                "result_text": "你买了太多书了，短时间内，不会有什么好书从贵族手里流落出来了……",
                "result": 
                {
                    "s3+回收":1,
                    "s4+回收":1,
                },
                "action": {
                }
            },
        ],                
        "settlement": [
        ],               
        "settlement_extre": [
            {
                "condition": {
                },
                "result_title":"大家都体面",
                "result_text": "和贵族买书最忌讳表现得是对方需要钱……毕竟，知识与文化是无价的，你只是在为这种无私的分享行为赠送一些回礼而已……",
                "result": 
                {
                },
                "action": {
                    "event_on":5300179 //重新激活自己
                }
            },
            {
                "condition": {
                    "r1:魅力+社交>=":[4,5],
                    "any":{
                        "counter.7000331<":3,
                        "counter.7000331>":3
                    }
                },
                "result_title":"礼尚往来",
                "result_text": "你们顺利地买到了书，几乎全新，从来没翻阅过。",
                "result": 
                {
                    "loot":6000005,             
                    "counter+7000331": 1  //成功计数
                },
                "action": {
                    "global_counter+7200206":1, //成就-精神股东
                }
            },
            {
                "condition": {
                    "r1:魅力+社交>=":[4,5],
                    "counter.7000331=":3
                },
                "result_title":"礼尚往来",
                "result_text": "你们顺利地买到了书，几乎全新，从来没翻阅过。",
                "result": 
                {
                    "loot":6000005,             
                    "counter+7000331": 1  //成功计数
                },
                "action": {
                    "global_counter+7200206":1, //成就-精神股东
                    "event_on":5300177 //激活这不是偷
                }
            },
            {
                "condition": {
                    "r1:魅力+社交<":[4,5]
                },
                "result_title":"有毛病吧？",
                "result_text": "尽管你已经努力交涉，但对方仍然被刺伤了自尊心，这次交易不欢而散。",
                "result": 
                {
                    "coin":3  //获得3金币
                },
                "action": {
                }
            },
            {
                "condition": {  
                    "r1:魅力+社交>=":[4,5],
                    "s2.is":2000019 //是珠宝商人  
                },
                "result_title":"",
                "result_text": "这次淘书的经历为热娜提供了珠宝的设计灵感。",
                "result": 
                {
                    "s2+灵感":1 //额外积攒的灵感
                },
                "action": {
                }
            },
            {
                "condition": { 
                    "counter.7000117<":6
                },
                "result_title":"",
                "result_text": "在过去，书曾经是一个逃避现实的好地方，毕竟那里充满了故事与虚构之物。而现在，你身在故事中心，在一切纸页上都只能看到暗喻，讽刺，提醒你现实的荒诞与不讲情理。",
                "result": 
                {
                    "counter+7000117":1  //声望弹框计数器
                },
                "action": {
                }
            },
            {
                "condition": { 
                    "counter.7000117>=":6,
                    "counter.7000200<":34, //弹框总数总数
                    "any":{
                        "counter.7000331<":3,  //避免和专属弹框事件重叠
                        "counter.7000331>":3
                    }
                },
                "result_title":"",
                "result_text": "一件值得注意的事情发生了。",
                "result": 
                {
                    "counter=7000117":0,
                    "counter+7000200":1
                },
                "action": {
                    "event_on": 5300601 //触发声望弹框
                }
            }
        ],
        "cards_slot":
        {
            "s1":
                {
                    "condition": 
                    {
                        "is":2000199,
                        "书店老板":1                
                    },
                    "open_adsorb":1,
                    "is_key":0,
                    "is_empty":0,
                    "is_enemy":0,
                    "text":"书店老板" 
                },
            "s2":
                {
                    "condition": 
                    {
                        "type":"char"                
                    },
                    "open_adsorb":0,
                    "is_key":0,
                    "is_empty":0,
                    "is_enemy":0,
                    "text":"派个追随者跟随",
                    "pops":[
                        {
                            "condition":{
                            },
                            "action":{
                                "choose":{
                                    "pop.5002037_s2_01.s1":"你去和他说。"
                                }
                            }
                        }
                    ]  
                },
            "s3":
                {
                    "condition": 
                    {
                        "type":"item",
                        "cost.金币":3                
                    },
                    "open_adsorb":0,
                    "is_key":0,
                    "is_empty":0,
                    "is_enemy":0,
                    "text":"淘书的钱得你来付" 
                },
            "s4":
                {
                    "condition": 
                    {
                        "type":"item",
                        "any":{
                            "all":{
                                "cost.消耗品=":1,
                                "!金币":1 
                            }
                        }
                    },
                    "open_adsorb":0,
                    "is_key":0,
                    "is_empty":1,
                    "is_enemy":0,
                    "text":"有些道具或许能在沟通中派上用场"
                }
        }
    } 