 {
        "id": 5002004,
        "name": "欢愉之馆",
        "text": "城中的妓院，据说她的历史比城墙与皇宫更古老，但无论如何，这里是消耗苏丹卡的一个很好的地方，毕竟，无论她们多么美丽，受到称赞，爱慕，都只是花费金钱就可以为所欲为的玩物而已。",       
        "tips": "",
        "mapping_id":8001076,
        "once_new":1,
        "round_number": 1,
        "waiting_round":1,
        "waiting_round_end_action":[
        ],        
        "method_settlement": "",
        "auto_begin": 0, 
        "auto_result": 0,
        "location": "商业区:2", 
        "icon": "rite_13", 
        "tag_tips": [
            "体魄",
            "魅力"
        ],
        "tag_tips_up":{
            "tips":["魅力","体魄"],
            "type":"normal_result"
        },
        "tips_text":[
            "即使是妓女，杀死她们也会引发人们的不满",
            "小心，在妓女身上花费太多精力与金钱可能会让妻子伤心",
            "每次出现的妓女是随机的",
            "点燃激情之后，她们也许会向你敞开心扉",
            "双方体魄魅力加起来>=2点：激情+1"
        ],
        "open_conditions": [
            {
                "condition": {
                    "s2.金币>=":4      
                },
                "tips": "至少需要花费4枚金币"
            }
        ],
        "random_text":{
            "r1":"这只是一次生意，但也可能擦出激情的火花。"
        },
        "random_text_up":{
            "r1":{
                "text":"这只是一次生意，但也可能擦出激情的火花。",
                "type":"normal_result",
                "type_tips":"你的魅力和体魄为你提供了完整的骰子数量。",
                "low_target": 2,
                "low_target_tips": "你至少需要2点成功才能有机会和她擦出火花。"
            }
        },
        "settlement_prior": [
            {
                "condition": {
                  "s4.杀戮":1
                },
                "result_title":"",
                "result_text": "她一开始以为你在开玩笑，直到你亮出刀刃……随后这个女人崩溃了，她开始祈求，挣扎，与你厮打在一起，直到最后，房间里只剩下一具丑陋，破碎，被鲜血，内脏与粪便污染的躯壳……后来很多人都说你随便找了一个低贱的女人来替代贾丽拉女士，而她已经成为了城市的传说之一。",
                "result": 
                {
                    "counter=7000096":1, //设置
                    "global_counter+7200134":1, //成就
                    "clean.s4":1,
                    "clean.s1":1,
                    "counter+7100002": 1  //恶名+1
                },
                "action": {
                    "global_counter=7200215":1, //成就-没有人比我更懂你-不举
                    "event_on":5300208 //开启奈布哈尼准备挑战你的前置幕后
                }
            }
        ],                
        "settlement": [
            {
                "condition": {
                  "s5.is":2000680,  //苏丹的猜忌
                  "counter.7000362<":1 //避免重复触发
                },
                "result_title":"对不起了我的兄弟",
                "result_text": "为了把这场戏做得足够真实，你提前喝了几杯酒，然后又在下身敷了一些麻药——以确保它绝对保持萎靡不振的状态，毕竟这可是要骗过苏丹呢！\n但贾丽拉似乎见多了这种场面，她耐心地开导你，男人到了一定的年纪就会这样，对肉体与物质上的吸引逐渐失去兴趣——只有精神上的彻底的臣服，彻底的自我物化才能让成功的中年男性进入新的乐土。\n这种情况下，你也不敢反驳，只能连连点头称是，一直到她大发慈悲的让你试试圣水的时候才落荒而逃……\n果不其然，第二天全首都的人都知道你因为纵欲过度，失去了男人的雄风，这时候再抽到一张纵欲卡可该怎么办啊！苏丹对这个笑话很满意，显然，即使是最残暴的君主，对一个阳痿的臣子也是会更加宽容的。",
                "result": 
                {
                    "clean.s5":1,
                    "s3+equip":2000681, //身上挂个不举的传闻
                    "counter+7000362":1 //避免重复触发
                },
                "action": {
                    "event_on": 5320089  //激活14天后苏丹送你虎鞭治疗你的弹框
                }
            },
            {
                "condition": {
                  "s4.纵欲":1,
                  "!s1.纵欲的痕迹":1
                },
                "result_title":"",
                "result_text": "整个过程她都有点心不在焉，高贵的贾丽拉女士居然只是一张青铜卡，不是白银，也不是黄金，这件事让她进退失据，没有让你得到人们传说中的那些欢愉。\n不过事后她成为了一个开朗的交谈者，你们聊了众人隐匿的癖好、风尘女子向上爬的故事、各种可以保养容颜的秘方……\n当然，在你婉拒成为她驻颜灵液的原料供应者之后，这和卡牌等级的事情一起刺伤了她的自尊，于是你们的休闲时光就这样结束了。",
                "result": 
                {
                    "counter=7000096":1, //设置
                    "global_counter+7200134":1, //成就
                    "s1+纵欲的痕迹":1,
                    "clean.s4":1
                },
                "action": {
                    "counter+7000650":1, //成就-眠花宿柳-贾丽拉
                    "event_on":5300210 //开启紧紧只是有趣而已
                }
            },
            {
                "condition": {
                  "s4.纵欲":1,
                  "s1.纵欲的痕迹":1
                },
                "result_title":"",
                "result_text": "纵欲卡无法重复在同一人身上简单消耗，但贾丽拉女士表示，如果你表现得更好一些，以后会有机会获得就连苏丹也会羡慕的赏赐。",
                "result": 
                {
                    "counter=7000096":1, //设置
                    "global_counter+7200134":1, //成就
                    "card":  2000083
                },
                "action": {
                    "counter+7000650":1, //成就-眠花宿柳-贾丽拉
                }
            },
            {
                "condition": {
                  "s4.奢靡":1,
                  "s2.金币>=":8,
                  "counter.7000358<":1
                },
                "result_title":"",
                "result_text": "花了大价钱之后，你有幸进入贾丽拉女士的密室——被镀银的镣铐和马皮面罩剥夺了自由与视觉。\n随后在漫长的黑暗中，她的气息，话语和触碰引导着你一点点上升，你从未在接近顶峰的地方停留那么久的时间，低吼，哀鸣，祈求，膨胀的欲望把你变成了世界上最卑微的东西……直到她允许你解脱。",
                "result": 
                {
                    "counter=7000096":1, //设置
                    "global_counter+7200134":1, //成就
                    "clean.s4":1,
                    "card":  2000083,
                    "counter+7000358":1
                },
                "action": {
                    "counter+7000650":1, //成就-眠花宿柳-贾丽拉
                    "event_on":5300210 //开启紧紧只是有趣而已
                }
            },
            {
                "condition": {
                  "s4.奢靡":1,
                  "s2.金币>=":8,
                  "counter.7000358>=":1
                },
                "result_title":"",
                "result_text": "奢靡卡无法重复在同一人身上消耗，但你依然花了大价钱，再次进入贾丽拉女士的密室……你就是需要那些镣铐和面罩才能放松下来。",
                "result": 
                {
                    "counter=7000096":1, //设置
                    "global_counter+7200134":1, //成就
                    "card":  2000083
                },
                "action": {
                    "counter+7000650":1, //成就-眠花宿柳-贾丽拉
                    "event_on":5300210 //开启紧紧只是有趣而已
                }
            },
            {
                "condition": { //待补充：没有放苏丹卡或放了征服卡的情况
                },
                "result_title":"",
                "result_text": "来这里，只是单纯的为了享乐",
                "result": 
                {
                    "counter=7000096":1, //设置
                    "global_counter+7200134":1, //成就
                    "card":  2000083
                },
                "action": {
                    "counter+7000650":1, //成就-眠花宿柳-贾丽拉
                }
            }
        ],               
        "settlement_extre": [
            {
                "condition": {
                    "!s5.is":2000680,
                    "r1:s3.体魄+s3.魅力+s4.体魄+s4.魅力+s5.体魄+s5.魅力>=":[2,5]
                },
                "result_title":"",
                "result_text": "贾丽拉女士是一个面具，是一个存在于想象中，被男人的欲望与女人的技巧编织而成的硬壳。在激情的动荡中，你仿佛看到了面具之下的容颜，但她则称之为另一个更好的面具。",
                "result": 
                {
                    "s1+激情":1
                },
                "action": {
                }
            }
        ],
        "cards_slot":
        {
            "s1":
                {
                    "condition": 
                    {
                        "is":2000081,
                        "妓女":1,
                        "!追随者":1                  
                    },
                    "open_adsorb":1,
                    "is_key":0,
                    "is_empty":0,
                    "is_enemy":1,
                    "text":"【贾丽拉女士】，人们这么称呼她。据说在她面前越卑微就越快乐，很多资深崇拜者刻意不触碰她的身体，以此寻求最极端的高潮。" 
                },
            "s2":
                {
                    "condition": 
                    {
                        "type":"item",
                        "cost.金币":[4,8]
                    },
                    "open_adsorb":0,
                    "is_key":0,
                    "is_empty":0,
                    "is_enemy":0,
                    "text":"你必须给她4枚金币，才能做她的入幕之宾。如果你愿意给双倍，可以折断一张对应的奢靡卡",                   
                    "pops":[
                        {
                            "condition":{
                                "s2.金币>":4
                            },
                            "action":{
                                "pop.5002004_s2_01.s1":"要在我这使用奢靡卡，不拿出8枚金币可不行哦~"
                            }
                        }
                    ] 
                },
            "s3":
                {
                    "condition": 
                    {
                        "主角":1,
                        "type":"char"
                    },
                    "open_adsorb":0,
                    "is_key":0,
                    "is_empty":0,
                    "is_enemy":0,
                    "text":"单嫖双赌，这种事情也没法拜托别人是吧。",
                    "pops":[
                        {
                            "condition":{
                            },
                            "action":{
                                "choose":{
                                    "pop.5002004_s3_01.s1":"瞧这双坚强的眼睛……真不知道我会多么爱你",
                                    "pop.5002004_s3_02.s1":"你知道吗？伤痕让你变得更性感了",
                                    "pop.5002004_s3_03.s1":"过来吧，别在那边犹犹豫豫了"                                 
                                }
                            }
                        }
                    ]
                },
            "s4":
                {
                    "condition": 
                    {
                        "type":"sudan",
                        "any":{
                            "纵欲":1,
                            "杀戮":1,
                            "奢靡":1                            
                        },
                        "f:rare-s1.rare<=":0
                    },
                    "open_adsorb":0,
                    "is_key":0,
                    "is_empty":1,
                    "is_enemy":0,
                    "text":"你可以借此折断一张不高于青铜品级的苏丹卡，纵欲、杀戮、奢靡……又或者，只单纯地寻求欢乐\n对应品质杀戮卡：对应妓女死亡 恶名+1 开启挑战仪式\n对应品质奢靡卡：妻子的不满\n对应品质纵欲卡：妻子的不满",                   
                    "pops":[
                        {
                            "condition":{
                                "s4.纵欲":1,
                                "s1.纵欲的痕迹":1
                            },
                            "action":{
                                "pop.5002004_s4_01.self":"你已经用这种方式消除过纵欲卡了，苏丹可不会再认。"
                            }
                        },
                        {
                            "condition":{
                                "s4.奢靡":1,
                                "global_counter.7230004<":1,
                            },
                            "action":{
                                "global_counter+7230004":1,
                                "begin_guide":{
                                    "type": "FILL_COIN",
                                    "anim_type":"MouseRightClick",
                                    "pos": [-1024, -404],
                                    "is_show_ring": true,
                                    "ring_pos": [1182, -249.5],
                                    "ring_rect": [0.5, 0.5]
                                }
                            }
                        }
                    ] 
                },
            "s5":
                {
                    "condition": 
                    {
                        "type":"item",
                        "any":{
                            "all":{
                                "cost.消耗品=":1,
                                "!金币":1 
                            },
                            "is":2000680
                        }
                    },
                    "open_adsorb":0,
                    "is_key":0,
                    "is_empty":1,
                    "is_enemy":0,
                    "text":"有些道具能让你表现得更好……\n苏丹的猜忌：消除猜忌 不举的传闻"
                }
        }
    } 