 {
        "id": 5002502,
        "name": "被流民侵占的宅邸",
        "text": "你在浴池听到一名贵族有意无意地抱怨说，他家在城外的宅邸被一群狡猾的流民占领了。氤氲的热雾里，大家都幸灾乐祸着没放在心上，因为所有人都知道，他只要狠下心来愿意花点钱找几个打手，事情都能解决。他没有那么做。也许，他知道你被苏丹卡选中，你是这座城市里最喜欢，或者说，最需要多管闲事的人。",       
        "tips": "",
        "mapping_id":8001170, 
        "once_new":0,
        "round_number": 1,
        "waiting_round":0,
        "waiting_round_end_action":[
        ],        
        "method_settlement": "",
        "auto_begin": 0, 
        "auto_result": 0,
        "location": "野外:[9,14]", 
        "icon": "rite_17", 
        "tag_tips": [
            "社交",
            "战斗"
        ],
        "tag_tips_up":{
            "tips":["社交","战斗"],
            "type":"fight_result"
        },
        "tips_text":[
            "击败恶徒后，他们大多都会被关进苏丹的监狱",
            "普通或征服线 乙方数值-（拉伊德社交2+拉伊德战斗3）>=2：恶名+1 上阵角色社交+1 金币+5 拉伊德入狱",
            "普通或征服线 失败：上阵角色受伤",
            "奢靡线 乙方社交检定>=3：善名+1 拉伊德入狱",
            "奢靡线 失败：权势-1"
        ],
        "open_conditions": [
            {
                "condition": {
                    "any":{
                        "all":{
                            "any":{
                                "s5.征服":1,
                                "!s5":1
                            },
                            "!s4.金币":1
                        },
                        "all":{
                            "s4.金币":8,
                            "s5.奢靡":1
                        }
                    }        
                },
                "tips": "放入金币则奢靡卡必须，放入征服则不能放入金币"
            }
        ],
        "random_text":{
            "r1":"你来到那幢宅邸的位置。占据此地的流民们面黄肌瘦、衣衫褴褛、武器粗陋，看起来不难对付。经过半天的观察，你还注意到那群流民并非全无秩序，他们隐隐以其中一人为首。也许除了暴力，你还可以尝试其他方法。",
            "r2":"你尝试说服他们出来"
        },
        "random_text_up":{
            "r1":{
                "text":"你来到那幢宅邸的位置。占据此地的流民们面黄肌瘦、衣衫褴褛、武器粗陋，看起来不难对付。经过半天的观察，你还注意到那群流民并非全无秩序，他们隐隐以其中一人为首。也许除了暴力，你还可以尝试其他方法。",
                "type":"fight_result",
                "type_tips":"你的社交和体魄为你提供的骰子数量受流民首领对应属性的影响。",
                "low_target": 2,
                "low_target_tips": "你至少需要2点成功才能赶走他们。"
            },
            "r2":{
                "text":"你尝试说服他们出来",
                "type":"normal_result",
                "type_tips":"你的社交为你提供完整的骰子数量。",
                "low_target": 3,
                "low_target_tips": "你至少需要3点成功。"
            }
        },
        "settlement_prior": [
        ],                
        "settlement": [
            {
                "condition": {
                    "any":{
                        "!s5":1,
                        "s5.征服":1
                    },
                  "r1:社交+战斗-e(社交+战斗)>=":[2,5]
                },
                "result_title":"成功地说服了暴民",
                "result_text": "你用三寸不烂之舌一面恐吓他们侵占贵族宅邸会面临的凄惨下场，一面许诺他们主动离开的种种好处。\n那帮没见过世面的饥民被你的话语打动，犹豫着窃窃私语。你在他们放松警惕的瞬间抢先一步擒住了那个领头的，流民们群龙无首，四散而逃。\n那名贵族得到消息非常高兴，不住地感谢你。你拦住直往宅子里走的他，他这才恍然大悟似的拍拍脑门，给了你一点钱作为报酬。",
                "result": 
                {
                    "global_counter+7200145":1, //成就
                    "s1+equip":2000345, //流民元帅，会变成囚犯
                    "counter+7100002": 1, //恶名+1
                    "s2+社交":1,
                    "s3+社交":1,
                    "coin":5               
                },
                "action": {
                }
            },
            {
                "condition": {
                    "any":{
                        "!s5":1,
                        "s5.征服":1
                    },
                  "r1:社交+战斗-e(社交+战斗)<":[2,5]
                },
                "result_title":"你失败了",
                "result_text": "你的花言巧语没能动摇那帮穷凶极恶的流民们的心。\n生活已经给了他们太多教训，叫他们只相信看得见摸得着的东西，比如吃到嘴边的粮食，比如握在手里的武器。\n你被他们乱棍打出了宅邸，伤痕累累地回城，盘算着下次要怎样给这帮刁民一个惨痛的教训。",
                "result": 
                {
                    "s2+equip":2000098,
                    "s3+equip":2000098                   
                },
                "action": {
                    "rite":5002502
                }
            }
        ],               
        "settlement_extre": [
            //--------------------奢靡卡的额外影响---------------------------  
            {
                "condition": {
                  "s5.奢靡":1
                },
                "result_title":"",
                "result_text": "你花了一大笔钱，在宅子外面摆了足够百人宴饮的场面，这可是真正的大餐，有巨大的烤骆驼，甜美的水果，一罐罐的琼浆美酒……",
                "result": 
                {           
                },
                "action": {
                }
            },
            {
                "condition": {
                  "s5.奢靡":1,
                  "r2:社交>=":[3,5]
                },
                "result_title":"没人能拒绝真正的大餐",
                "result_text": "宅子的流民蜂拥而出，而那名首领也无力阻止一切，人心涣散之后，你轻松地逮捕了她。而其他人见势不妙，吃饱喝足之后就做鸟兽散了。",
                "result": 
                {
                    "global_counter+7200145":1, //成就
                    "s1+equip":2000345, //流民元帅，会变成囚犯
                    "counter+7100001": 1 //善名+1         
                },
                "action": {
                }
            },
            {
                "condition": {
                  "s5.奢靡":1,
                  "r2:社交<":[3,5]
                },
                "result_title":"你说服失败了",
                "result_text": "所有的吃食被喂了野狗",
                "result": 
                {
                    "counter-7100003": 1 //权势+1         
                },
                "action": {
                }
            },
            {
                "condition": {
                  "s5.奢靡":1,
                  "r2:社交>=":[3,5]
                },
                "result_title":"",
                "result_text": "事后，苏丹嘲笑你花钱让一般贱民吃了白食，但这确实也算得上一种奢侈的行为。",
                "result": 
                {
                    "clean.s5":1                
                },
                "action": {
                }
            },
            {
                "condition": {
                  "s5.奢靡":1,
                  "r2:社交<":[3,5]
                },
                "result_title":"",
                "result_text": "事后，苏丹嘲笑了你的愚蠢主意，但铺开百人宴的奢侈排场还是让苏丹承认你消除了这张苏丹卡。",
                "result": 
                {
                    "clean.s5":1                
                },
                "action": {
                }
            },
            //--------------------征服线的额外影响---------------------------
            {
                "condition": {
                   "s5.征服":1,
                  "r1:社交+战斗-e(社交+战斗)>=":[2,5]  //放了苏丹卡并成功消除了
                },
                "result_title":"这勉强算得上一场征服",
                "result_text": "苏丹这个故事兴致缺缺，挥手让卫兵把那在堂前痛斥其暴虐无道的流民首领带下去。在众人见证下折断征服卡、正要告退之前，你听见苏丹打了个哈欠，对那名贵族说，“艾玛德，我听说你那座宅邸藏了不少美酒？”\n那贵族连忙承诺将美酒尽数献给苏丹。但苏丹微笑不语。那吝啬鬼跪伏在地上，冷汗涔涔，浑身颤抖，好一会儿才咬牙忍痛说自己刚刚说错了，是要将宅子都献给您才是……苏丹挥挥手，只接受了美酒，转而把那栋宅子赏给你——这才符合征服卡的意义嘛。",
                "result": 
                {
                    "card":2000662,
                    "clean.s5":1                
                },
                "action": {
                }
            }
        ],
        "cards_slot":
        {
            "s1":
            {
                "condition": 
                {
                    
                    "is":2000195
                },
                "open_adsorb":1,
                "is_key":0,
                "is_empty":0,
                "is_enemy":1,
                "text":"流民首领"
            },
            "s2":
                {
                    "condition": 
                    {
                        "type":"char"
                    },
                    "open_adsorb":0,
                    "is_key":0,
                    "is_empty":0,
                    "is_enemy":0,
                    "text":"你可以亲自，或者派遣足够精锐的追随者前往讨伐",                   
                    "pops":[
                        {
                            "condition":{
                                "any":{
                                    "!s5":1,
                                    "s5.征服":1
                                },
                                "f:s2.社交+s2.战斗+s3.社交+s3.战斗+s4.社交+s4.战斗+s5.社交+s5.战斗-s1.社交-s1.战斗<": 2
                            },
                            "action":{
                                "pop.5002502_s2_01.self":"以目前己方的<b><color=white>【社交】</color></b>和<b><color=white>【战斗】</color></b>能力，就不要自取其辱了。"
                            }
                        },
                        {
                            "condition":{
                                "any":{
                                    "!s5":1,
                                    "s5.征服":1
                                },
                                "f:s2.社交+s2.战斗+s3.社交+s3.战斗+s4.社交+s4.战斗+s5.社交+s5.战斗-s1.社交-s1.战斗>=": 2,
                                "!s4":1
                            },
                            "action":{
                                "pop.5002502_s2_02.self":"如果有<b><color=white>【情报】</color></b>支持的话，可以多一分胜算。"
                            }
                        }
                    ] 
                },
            "s3":
                {
                    "condition": 
                    {
                        "type":"char"
                    },
                    "open_adsorb":0,
                    "is_key":0,
                    "is_empty":1,
                    "is_enemy":0,
                    "text":"多一名同伴，多一点保障",                   
                    "pops":[
                        {
                            "condition":{
                                "any":{
                                    "!s5":1,
                                    "s5.征服":1
                                },
                                "f:s2.社交+s2.战斗+s3.社交+s3.战斗+s4.社交+s4.战斗+s5.社交+s5.战斗-s1.社交-s1.战斗<": 2
                            },
                            "action":{
                                "pop.5002502_s3_01.self":"以目前己方的<b><color=white>【社交】</color></b>和<b><color=white>【战斗】</color></b>能力，就不要自取其辱了。"
                            }
                        },
                        {
                            "condition":{
                                "any":{
                                    "!s5":1,
                                    "s5.征服":1
                                },
                                "f:s2.社交+s2.战斗+s3.社交+s3.战斗+s4.社交+s4.战斗+s5.社交+s5.战斗-s1.社交-s1.战斗>=": 2,
                                "!s4":1
                            },
                            "action":{
                                "pop.5002502_s3_02.self":"如果有<b><color=white>【情报】</color></b>支持的话，可以多一分胜算。"
                            }
                        }
                    ] 
                },
            "s4":
                {
                    "condition": 
                    {
                        "type":"item",
                        "any":{
                            "all":{
                                "cost.消耗品=":1,
                                "!金币":1 
                            },
                            "cost.金币":8
                        }
                    },
                    "open_adsorb":0,
                    "is_key":0,
                    "is_empty":1,
                    "is_enemy":0,
                    "text":"有些东西也许能在讨伐中派上用场，你打算用钱解决的话至少需要8枚金币",                   
                    "pops":[
                        {
                            "condition":{
                                "s5.奢靡":1,
                                "s4.金币<":8
                            },
                            "action":{
                                "pop.5002502_s4_01.self":"你需要准备8枚<b><color=white>【金币】</color></b>。"
                            }
                        },
                        {
                            "condition":{
                                "s5.征服":1,
                                "s4.金币":1
                            },
                            "action":{
                                "pop.5002502_s4_02.self":"想要消除征服，可用不到这些钱。"
                            }
                        }
                    ] 
                },
            "s5":
                {
                    "condition": 
                    {
                        "type":"sudan",
                        "any":{
                            "征服":1,
                            "奢靡":1
                        },
                        "rare<=":2
                    },
                    "open_adsorb":0,
                    "is_key":0,
                    "is_empty":1,
                    "is_enemy":0,
                    "text":"你可以借此折断一张不高于青铜品级的征服卡或者奢靡卡",                   
                    "pops":[
                        {
                            "condition":{
                                "s5.奢靡":1,
                                "s4.金币<":8
                            },
                            "action":{
                                "pop.5002502_s5_01.self":"你需要准备8枚<b><color=white>【金币】</color></b>。"
                            }
                        },
                        {
                            "condition":{
                                "s5.征服":1,
                                "s4.金币":1
                            },
                            "action":{
                                "pop.5002502_s5_02.self":"想要消除征服，可用不到这些钱。"
                            }
                        }
                    ] 
                }
        }
    } 