 {
        "id": 5002006,
        "name": "书店营业",
        "text": "【垂钓者】不是城内最大的书店，但绝对是最有品位、最古老的那个。只要你愿意，一定能从里面淘到点好书。",       
        "tips": "",
        "mapping_id":8001045,
        "once_new":1,
        "round_number": 1,
        "waiting_round":0,
        "waiting_round_end_action":[
        ],        
        "method_settlement": "",
        "auto_begin": 0, 
        "auto_result": 1,
        "location": "商业区:3", 
        "icon": "rite_8", 
        "tag_tips": [
            "智慧",
            "社交"
        ],
        "tag_tips_up":{
            "tips":["智慧","社交"],
            "type":"normal_result"
        },
        "tips_text":[
            "不花钱也可以逛书店，但买不到书",
			"花一金币，随机得到一本书",
            "大部分书籍都可以在【俺寻思】中阅读，为角色增加属性",
            "2点成功：获得随机石情报",
            "双方都是贵族:1点成功：支持度+1",
            "奈费勒：达成特定剧情后，书店碰到会给随机银情报",
            "浴场、书店、家业、权游、淘书能加快随机事件触发"
        ],
        "open_conditions": [
        ],
        "random_text":{
            "r1":"你打算用手中的书引起了对方的兴趣……"
        },
        "random_text_up":{
            "r1":{
                "text":"你手中的书引起了对方的兴趣……",
                "type":"normal_result",
                "type_tips":"你的智慧和社交属性为你提供了完整的骰子数量。",
                "low_target": 2,
                "low_target_tips": "你至少需要2点成功。如果你们都是贵族，需求将下降1点。"
            }
        },
        "settlement_prior": [
            {
                "condition": { 
                  "s4.is": 2000680 //苏丹的猜忌
                },
                "result_title":"最爱书的人当然最清楚什么书有问题",
                "result_text": "你召集了一批极端保守的僧侣和贵族，以及专门监察宫廷言论的宦官，带着士兵，席卷了全城每一家书店——当然也包含垂钓者……\n你娴熟的从不引人注目的角落里找到那些违禁的书籍，他们有些不尊重神明，有些则谈论了不该谈论的历史，有些则是你随便罗织的，反正也没人敢当面反驳。\n随后，你的随从们就如同豺狼一般扑了上去，把一家家书店清空……这是苏丹想要做的事情，而你现在愿意为了自己的君主承担这份疯狂的恶名。",
                "result": 
                {
                    "clean.s4":1  //消除苏丹的猜忌
                },
                "action": {
                    "global_counter=7200216":1, //成就-没有人比我更懂你-暴行
                    "event_off":5300029,   //关闭书店营业幕后
                    "rite": 5006592 //焚书事件
                }
            },
            {
                "condition": {
                  "counter.7000017>":19
                },
                "result_title":"",
                "result_text": "书店里的这些凡书已经满足不了你的求知欲了，等着吧，我给你去找找。",
                "result": 
                {
                    "loot":6000005,  //随机掉一本书，必新
                    "counter+7000017":1,
                    "global_counter=7200125":1 //成就
                },
                "action": {
                    "event_on":5300175, //激活随机淘书的相关仪式
                    "event_off":5300029,   //关闭书店营业幕后
                    "event_off":5300030   //关闭书店营业幕后
                }
            }
        ],                
        "settlement": [
            {
                "condition": {
                  "s3.is":2000525,
                  "counter.7000017<=":42
                },
                "result_title":"你出示了借书证",
                "result_text": "好借好还，再借不难。",
                "result": 
                {
                    "loot":6000005,  //随机掉一本书，必新
                    "counter+7000017":1
                },
                "action": {
                }
            },
            {
                "condition": {
                  "金币":1,
                  "counter.7000017<=":42
                },
                "result_title":"",
                "result_text": "买书比读书容易多了。",
                "result": 
                {
                    "loot":6000005,  //随机掉一本书，必新
                    "counter+7000017":1
                },
                "action": {
                }
            },
            {
                "condition": {
                  "金币<":1
                },
                "result_title":"",
                "result_text": "优秀的书店从来不会赶走只看不买的朋友。",
                "result": 
                {

                },
                "action": {
                }
            }
        ],               
        "settlement_extre": [
            {
                "condition": {
                    "any":{
                        "!s1.贵族":1,
                        "!s2.贵族":1
                        },
                    "r1:智慧+社交<":[2,5]
                },
                "result_title":"",
                "result_text": "但拙劣的沟通能力让你没能和对方更深入地交流",
                "result": 
                {
                },
                "action": {
                }
            },
            {
                "condition": {
                    "s1.贵族":1,
                    "s2.贵族":1,
                    "!s2.is":2000312,
                    "r1:智慧+社交>=":[1,5]
                },
                "result_title":"",
                "result_text": "品位与智慧，道德与能力都没什么关系，但大多数人都依靠品位选择朋友。",
                "result": 
                {
                    "s2+支持":1
                },
                "action": {
                }
            },
            {
                "condition": {
                    "s1.贵族":1,
                    "s2.贵族":1,
                    "!s2.is":2000312,
                    "r1:智慧+社交<":[1,5]
                },
                "result_title":"",
                "result_text": "但拙劣的沟通能力让你没能和对方更深入地交流",
                "result": 
                {
                },
                "action": {
                }
            },
            {
                "condition": {
                    "!s2.is":2000312,
                    "r1:智慧+社交>=":[2,5]
                },
                "result_title":"",
                "result_text": "对方说了一些书中的话题，但你从里面获得了现实世界的信息。",
                "result": 
                {
                    "loot":6000004
                },
                "action": {
                }
            },
            {
                "condition": {  
                    "s1.is":2000019 //是珠宝商人  
                },
                "result_title":"",
                "result_text": "书店中有关珠宝设计的书籍为热娜提供了珠宝的设计灵感。",
                "result": 
                {
                    "s1+灵感":1 //额外积攒的灵感
                },
                "action": {
                }
            },
            {
                "condition": { 
                    "counter.7000280>=":1, //已和奈费勒达成盟约
                    "s2.is":2000312 //是奈费勒
                },
                "result_title":"",
                "result_text": "目光交汇的片刻，擦肩而过的瞬间，奈费勒和你不动声色地交换了一些有价值的信息和情报……",
                "result": 
                {
                    "loot":6000018 //浴场里的消息
                },
                "action": {
                }
            },
            {
                "condition": { 
                    "counter.7000117<":6
                },
                "result_title":"",
                "result_text": "在过去，书店曾经是一个逃避现实的好地方，毕竟那里充满了故事与虚构之物。而现在，你身在故事中心，在一切纸页上都只能看到暗喻，讽刺，提醒你现实的荒诞与不讲情理。",
                "result": 
                {
                    "counter+7000117":1  //声望弹框计数器
                },
                "action": {
                }
            },
            {
                "condition": { 
                    "counter.7000117>=":6,
                    "counter.7000200<":34 //弹框总数总数
                },
                "result_title":"",
                "result_text": "一件值得注意的事情发生了。",
                "result": 
                {
                    "counter=7000117":0,
                    "counter+7000200":1
                },
                "action": {
                    "event_on": 5300601 //触发声望弹框
                }
            }
        ],
        "cards_slot":
        {
            "s1":
                {
                    "condition": 
                    {
                        "type":"char"                 
                    },
                    "open_adsorb":0,
                    "is_key":0,
                    "is_empty":0,
                    "is_enemy":0,
                    "text":"你可以亲自、或派遣任意追随者前往书店",
                    "pops":[
                        {
                            "condition":{
                                "is": 2000461 //猫
                            },
                            "action":{
                                "choose":{
                                    "pop.5002006_s1_23.self":"喵？"
                                }
                            }
                        },
                        {
                            "condition":{
                                "is": 2000123 //天才少女
                            },
                            "action":{
                                "choose":{
                                    "pop.5002006_s1_01.self":"上次的书还没读完……",
                                    "pop.5002006_s1_02.self":"他们再也不会把我赶走了，是吗？",
                                    "pop.5002006_s1_03.self":"太好了！谢谢您让我去看书",
                                    "pop.5002006_s1_04.self":"知识的海洋如此无垠……"
                                }
                            }
                        },
                        {
                            "condition":{
                                "is": 2000064 //花花公子
                            },
                            "action":{
                                "choose":{
                                    "pop.5002006_s1_05.self":"书里的确记载了很多知识，但更多知识，则在书本之外",
                                    "pop.5002006_s1_06.self":"不知会不会书店偶遇哪位美人……"
                                }
                            }
                        },
                        {
                            "condition":{
                                "妻子": 1
                            },
                            "action":{
                                "choose":{
                                    "pop.5002006_s1_07.self":"花钱买书，不算是浪费",
                                    "pop.5002006_s1_08.self":"那本游记的手抄本还没到货吗",
                                    "pop.5002006_s1_09.self":"经义虽然精妙，但偶然还是想读点别的……"
                                }
                            }
                        },
                        {
                            "condition":{
                                "is": 2000460 //诗人
                            },
                            "action":{
                                "choose":{
                                    "pop.5002006_s1_10.self":"正好，让我看看别人是如何吹嘘他们的主人的？",
                                    "pop.5002006_s1_11.self":"我会向大家传扬您的美名！",
                                    "pop.5002006_s1_12.self":"历史就活在诗人们口中"
                                }
                            }
                        },
                        {
                            "condition":{
                                "is": 2000022 //邪术师
                            },
                            "action":{
                                "choose":{
                                    "pop.5002006_s1_13.self":"我也是这里的常客",
                                    "pop.5002006_s1_14.self":"虚伪的神明总是害怕人们掌握真理",
                                    "pop.5002006_s1_15.self":"我正想去那找一份古老的配方……"
                                }
                            }
                        },
                        {
                            "condition":{
                                "any":{
                                    "is": 2000369, //仆人
                                    "is": 2000370,
                                    "is": 2000371                                  
                                }
                            },
                            "action":{
                                "choose":{
                                    "pop.5002006_s1_20.self":"为您效劳，大人",
                                    "pop.5002006_s1_21.self":"墨水的气味……",
                                    "pop.5002006_s1_22.self":"从没想过我能踏足这样的地方"
                                }
                            }
                        },
                        {
                            "condition":{
                                "!is": 2000461, //猫
                                "!is": 2000369,
                                "!is": 2000370,
                                "!is": 2000371,
                                "!is": 2000022, //邪术师
                                "!is": 2000460, //诗人
                                "!is": 2000064, //花花公子
                                "!is": 2000123, //天才少女
                                "!妻子":1
                            },
                            "action":{
                                "choose":{
                                    "pop.5002006_s1_16.self":"不知有没有新书入库",
                                    "pop.5002006_s1_17.self":"书香怡人……",
                                    "pop.5002006_s1_18.self":"今天去买点什么书呢？",
                                    "pop.5002006_s1_19.self":"多漂亮的书法，这精美的花叶点缀……"
                                }
                            }
                        }
                    ] 
                },
            "s2":
                {
                    "condition": 
                    {
                        
                        "type":"char",     //待修改：之后可能需要添加一个爱书人标签
                        "!主角":1,
                        "!追随者":1,
                        "爱书人":1      
                    },
                    "open_adsorb":1,
                    "is_key":0,
                    "is_empty":1,
                    "is_enemy":1,
                    "text":"真正喜欢书的人总会在这里相会……虽然可能并不会互相打招呼。" 
                },
            "s3":
                {
                    "condition": 
                    {
                        "type":"item",
                        "any":{
                            "cost.金币":1,
                            "is":2000525
                        }
                    },
                    "open_adsorb":0,
                    "is_key":0,
                    "is_empty":1,
                    "is_enemy":0,
                    "text":"你可以置入1金币买书，或置入借书证借阅。当然，你也可以什么都不带，只是看看。",
                    "pops":[
                        {
                            "condition":{
                            },
                            "action":{
                                "choose":{
                                    "pop.5002006_s3_02.s5":"今日亦有新书入库",
                                    "pop.5002006_s3_03.s5":"想引鱼儿上钩，有时无需饵料",
                                    "pop.5002006_s3_04.s5":"挑选书籍，最见一个人的品味"
                                }
                            }
                        }
                    ] 
                },
            "s4":
                {
                    "condition": 
                    {
                        "type":"item",
                        "any":{
                            "all":{
                                "cost.消耗品=":1,
                                "!金币":1 
                            },
                            "is":2000680
                        }
                    },
                    "open_adsorb":0,
                    "is_key":0,
                    "is_empty":1,
                    "is_enemy":0,
                    "text":"有些道具或许能在沟通中派上用场\n苏丹的猜忌：消除猜忌，开启焚书事件"
                },
            "s5":
                {
                    "condition": 
                    {
                        "type":"char",
                        "is":2000199,
                        "书店老板":1
                    },
                    "open_adsorb":1,
                    "is_key":0,
                    "is_empty":0,
                    "is_enemy":1,
                    "text":"书店老板"
                }
        }
    } 