 {
        "id": 5002512,
        "name": "赌马",
        "text": "派出自己的骑手和马参赛，下注，如果胜利，可能会得到奖励。失败了就血本无归",       
        "tips": "",
        "mapping_id":8001205,
        "once_new":0,
        "round_number": 1,
        "waiting_round":1,
        "waiting_round_end_action":[
            {
                "condition": {
                    
                },
                "result_title":"",
                "result_text": "你错过了这次比赛，不过不要紧，五天之后开始下一次比赛",
                "result": 
                {
                    
                },
                "action": {
                    "event_on":5300092 //启动赌马幕后
                }
            }
        ],        
        "method_settlement": "",
        "auto_begin": 0, 
        "auto_result": 0,
        "location": "野外:[1,6]", 
        "icon": "main_new/rite_1", 
        "tag_tips": [
            "体魄",
            "生存"
        ],
        "tag_tips_up":{
            "tips":["体魄","生存"],
            "type":"normal_result"
        },
        "tips_text":[
            "依靠坐骑的体魄和骑手的生存进行检定。" ,
            "胜利了赢得双倍赌注，失败则血本无归。",
            "需要1点成功"
        ],
        "open_conditions": [
        ],
        "random_text":{
            "r1":"赌马检定"
        },
        "random_text_up":{
            "r1":{
                "text":"赌马检定",
                "type":"normal_result",
                "type_tips":"你的生存和坐骑的体魄为你提供了完整的骰子数量。",
                "low_target": 1,
                "low_target_tips": "你至少需要1点成功才能获得胜利。"
            }
        },
        "settlement_prior": [
        ],                
        "settlement": [
            {
                "condition": {
                  "r1:s1.生存+s2.体魄+s3.生存+s3.体魄>=":[1,5]
                },
                "result_title":"",
                "result_text": "恭喜你获得了胜利，获得了双倍赌注。",
                "result": 
                {
                    "copy.s4":1,
                    "copy.s4":1,
                    "counter+7000052":1
                },
                "action": {
                    "event_on":5300092 //启动赌马幕后
                }
            },
            {
                "condition": {
                    "r1:s1.生存+s2.体魄+s3.生存+s3.体魄<":[1,5]
                },
                "result_title":"",
                "result_text": "虽然你失败了，丢失了全部赌注，但你下次可以赢回来。",
                "result": 
                {
                    
                },
                "action": {
                    "event_on":5300092 //启动赌马幕后
                }
            }
        ],               
        "settlement_extre": [
           
        ],
        "cards_slot":
        {
            "s1":
            {
                "condition": 
                {
                    "type":"char"
                },
                "open_adsorb":0,
                "is_key":0,
                "is_empty":0,
                "is_enemy":0,
                "text":"派遣生存属性较高的角色前往参赛"
            },
        "s2":
            {
                "condition": 
                {
                    "type": "item",
                    "坐骑":1
                },
                "open_adsorb":0,
                "is_key":0,
                "is_empty":0,
                "is_enemy":0,
                "text":"出赛的坐骑"
            },
        "s3":
            {
                "condition": 
                {
                    "type":"item",
                    "cost.消耗品=":1,
                        "!金币":1
                },
                "open_adsorb":0,
                "is_key":0,
                "is_empty":1,
                "is_enemy":0,
                "text":"有些东西也许能在比赛中派上用场"
            },
            "s4":
                {
                    "condition": 
                    {
                        "type":"item",
                        "cost.金币":[1,2]
                    },
                    "open_adsorb":0,
                    "is_key":0,
                    "is_empty":0,
                    "is_enemy":0,
                    "text":"你所下的赌注，最多2金币"
                },
                "s5":
                    {
                        "condition": 
                        {
                           "is":2000338
                        },
                        "open_adsorb":1,
                        "is_key":0,
                        "is_empty":0,
                        "is_enemy":1,
                        "text":"你的对手"
                    }
        }
    } 