 {
        "id": 5002035,
        "name": "欢愉之馆",
        "text": "城中的妓院，据说她的历史比城墙与皇宫更古老，但无论如何，这里是消耗苏丹卡的一个很好的地方，毕竟，无论她们多么美丽，受到称赞，爱慕，都只是花费金钱就可以为所欲为的玩物而已。",       
        "tips": "",
        "mapping_id":8001076,
        "once_new":1,
        "round_number": 1,
        "waiting_round":1,
        "waiting_round_end_action":[
        ],        
        "method_settlement": "",
        "auto_begin": 0, 
        "auto_result": 0,
        "location": "商业区:2", 
        "icon": "rite_13", 
        "tag_tips": [
            "体魄",
            "魅力"
        ],
        "tag_tips_up":{
            "tips":["魅力","体魄"],
            "type":"normal_result"
        },
        "tips_text":[
            "即使是妓女，杀死她们也会引发人们的不满",
            "小心，在妓女身上花费太多精力与金钱可能会让妻子伤心",
            "每次出现的妓女是随机的",
            "点燃激情之后，她们也许会向你敞开心扉",
            "双方体魄魅力加起来>=2点：激情+1"
        ],
        "open_conditions": [
            {
                "condition": {
                    "s2.金币>=":4      
                },
                "tips": "至少需要花费4枚金币"
            }
        ],
        "random_text":{
            "r1":"这只是一次生意，但也可能擦出激情的火花。"
        },
        "random_text_up":{
            "r1":{
                "text":"这只是一次生意，但也可能擦出激情的火花。",
                "type":"normal_result",
                "type_tips":"你的魅力和体魄为你提供了完整的骰子数量。",
                "low_target": 1,
                "low_target_tips": "你至少需要1点成功才能有机会和她擦出火花。"
            }
        },
        "settlement_prior": [
            {
                "condition": {
                  "s4.杀戮":1
                },
                "result_title":"不要！不要！",
                "result_text": "一见到你拿出的匕首，年轻的女孩就惊慌地退开了。她奋力地把所有手边的东西都砸向你，尖叫着、哭泣着、发了疯一样地反抗着。瞧瞧最后这披头散发的狼狈样子，多么丑陋啊。这样的她，如何得到她梦寐以求的奢华生活呢？\n你冷冷地折断苏丹卡。愿她在天堂能够知晓，祈求来的怜悯就是如此易碎的。看，她满座的恩客，没有一个人胆敢站出来阻拦你。至于事后他们会如何可惜美人的逝去，如何攻击你的残忍，对一条已逝的生命而言，又有什么价值呢？",
                "result": 
                {
                    "clean.s4":1,
                    "clean.s1":1,
                    "counter+7100002": 1,  //恶名+1
                    "global_counter+7200134":1 //嫖妓成就
                },
                "action": {
                    //"event_on":5300208 //杀索拉薇儿不会触发奈布哈尼复仇
                }
            }
        ],                
        "settlement": [
            {
                "condition": {
                  "s5.is":2000680,  //苏丹的猜忌
                  "counter.7000362<":1 //避免重复触发
                },
                "result_title":"对不起了我的兄弟",
                "result_text": "为了把这场戏做得足够真实，你提前喝了几杯酒，然后又在下身敷了一些麻药——以确保它绝对保持萎靡不振的状态，毕竟这可是要骗过苏丹呢！\n索拉薇儿使出浑身解数试图取悦你也没能成功，她绝不相信是自己失去了吸引力——让她承认这一点，还不如让她去死呢！于是，她不服输、也不听劝地在你身上折腾了整整一夜，用尽了各种手段和花招，最后的最后，她终于累了……\n恼羞成怒的女孩哭着摔门而去。于是，一夕之间，所有来欢愉之馆的恩客都知道了你阳痿的事……这时候如果再抽到一张纵欲卡可怎么办啊！苏丹对这个笑话很满意，显然，即使是最残暴的君主，对一个阳痿的臣子也是会更加宽容的……",
                "result": 
                {
                    "clean.s5":1,
                    "s3+equip":2000681, //身上挂个不举的传闻
                    "counter+7000362":1 //避免重复触发
                },
                "action": {
                    "global_counter=7200215":1, //成就-没有人比我更懂你-不举
                    "event_on": 5320089  //激活14天后苏丹送你虎鞭治疗你的弹框
                }
            },
            {
                "condition": {
                  "s4.纵欲":1,
                  "!s1.纵欲的痕迹":1
                },
                "result_title":"",
                "result_text": "当你将手伸进她衣襟里的时候，索拉薇儿紫罗兰般的眼睛里盈着泪水，娇躯轻颤着，不住地小声说“不要”，带着一股易碎的纯情和天真，像是朋友家不可玷污的女儿，像是一朵未曾为任何人绽放的花蕾。\n但你知道，你不需要怜惜她，更不需要真的“停下”。你只需在她身上肆无忌惮地释放心中的野兽，没有心理负担地享受征服的快感。最后，她躺在你身边，拈起你怀里那枚薄薄的卡片，甜甜地笑着：“噢，我认识这上面画着的东西。我妈妈说，这是爱情。”",
                "result": 
                {
                    "counter=7000095":1, //设置
                    "global_counter+7200134":1, //成就
                    "s1+纵欲的痕迹":1,
                    "clean.s4":1
                },
                "action": {
                    "counter+7000653":1, //成就-眠花宿柳-索拉薇儿
                }
            },
            {
                "condition": {
                  "s4.纵欲":1,
                  "s1.纵欲的痕迹":1
                },
                "result_title":"",
                "result_text": "尽管索拉薇儿热情地招待你，但纵欲卡无法在同一个人身上简单地消耗。",
                "result": 
                {
                    "global_counter+7200134":1, //成就
                    "card":  2000083
                },
                "action": {
                    "counter+7000653":1, //成就-眠花宿柳-索拉薇儿
                }
            },
            {
                "condition": {
                  "s4.奢靡":1,
                  "s2.金币>=":8,
                  "counter.7000360<":1
                },
                "result_title":"",
                "result_text": "看着你拿出的比平时多得多的赏钱，索拉薇儿脸上绽放出紫罗兰一般柔软而温顺的笑颜。她拉着你的手打开了一只秘密的、镂着金丝的精巧木盒，里面装满了金子和宝石做成的装饰。她柔软的身躯紧贴着你，娇嗔地对你耳语：现在，你可以亲手把它们妆点在她身上——任何地方。",
                "result": 
                {
                    "global_counter+7200134":1, //成就
                    "clean.s4":1,
                    "card":  2000083,
                    "counter+7000360":1
                },
                "action": {
                    "counter+7000653":1, //成就-眠花宿柳-索拉薇儿
                }
            },
            {
                "condition": {
                  "s4.奢靡":1,
                  "s2.金币>=":8,
                  "counter.7000360>=":1
                },
                "result_title":"",
                "result_text": "奢靡卡无法重复在同一人身上消耗……但你就是想要看她的笑容……那需要用金子浇灌才能绽放的紫罗兰……",
                "result": 
                {
                    "global_counter+7200134":1, //成就
                    "card":  2000083
                },
                "action": {
                    "counter+7000653":1, //成就-眠花宿柳-索拉薇儿
                }
            },
            {
                "condition": { //待补充：没有放苏丹卡或放了征服卡的情况
                },
                "result_title":"",
                "result_text": "来这里，只是单纯地为了享乐",
                "result": 
                {
                    "global_counter+7200134":1, //成就
                    "card":  2000083
                },
                "action": {
                    "counter+7000653":1, //成就-眠花宿柳-索拉薇儿
                }
            }
        ],               
        "settlement_extre": [
            {
                "condition": {
                  "!s5.is":2000680,
                  "r1:s3.体魄+s3.魅力+s4.体魄+s4.魅力+s5.体魄+s5.魅力>=":[2,5]
                },
                "result_title":"",
                "result_text": "这是每个男人都会有的幻觉吗？你看到她的眼睛里有火焰在燃烧，那是情爱还是疯狂？她在渴求着你，如果不是单纯的自我感觉良好的话，也许她会在工作以外的地方约你私会。",
                "result": 
                {
                    "s1+激情":1
                },
                "action": {
                }
            }
        ],
        "cards_slot":
        {
            "s1":
                {
                    "condition": 
                    {
                        
                        "is":2000772,
                        "妓女":1,
                        "!追随者":1                
                    },
                    "open_adsorb":1,
                    "is_key":0,
                    "is_empty":0,
                    "is_enemy":1,
                    "text":"欢愉之馆的新人，索拉薇儿" 
                },
            "s2":
                {
                    "condition": 
                    {
                        "type":"item",
                        "cost.金币":[4,8]
                    },
                    "open_adsorb":0,
                    "is_key":0,
                    "is_empty":0,
                    "is_enemy":0,
                    "text":"你必须给她4枚金币，才能做她的入幕之宾。如果你愿意给双倍，可以折断一张对应的奢靡卡",                   
                    "pops":[
                        {
                            "condition":{
                                "s2.金币>":4
                            },
                            "action":{
                                "pop.5002035_s2_01.s1":"要在我这使用奢靡卡，不拿出8枚金币可不行哦~"
                            }
                        }
                    ] 
                },
            "s3":
                {
                    "condition": 
                    {
                        "主角":1,
                        "type":"char"
                    },
                    "open_adsorb":0,
                    "is_key":0,
                    "is_empty":0,
                    "is_enemy":0,
                    "text":"单嫖双赌，这种事情也没法拜托别人是吧。",
                    "pops":[
                        {
                            "condition":{
                            },
                            "action":{
                                "choose":{
                                    "pop.5002035_s3_01.s1":"客人，我好想您……",
                                    "pop.5002035_s3_02.s1":"不必怜惜一个命如草芥的女人，只要您能尽兴",
                                    "pop.5002035_s3_03.s1":"要玩点刺激的吗？",
                                    "pop.5002035_s3_04.s1":"大人，我为您斟酒"                                   
                                }
                            }
                        }
                    ]
                },
            "s4":
                {
                    "condition": 
                    {
                        "type":"sudan",
                        "any":{
                            "纵欲":1,
                            "杀戮":1,
                            "奢靡":1                            
                        },
                        "f:rare-s1.rare<=":0
                    },
                    "open_adsorb":0,
                    "is_key":0,
                    "is_empty":1,
                    "is_enemy":0,
                    "text":"你可以借此折断一张不高于索拉薇儿品级的苏丹卡，纵欲、杀戮、奢靡……又或者，只单纯地寻求欢乐\n对应品质杀戮卡：对应妓女死亡 恶名+1 开启挑战仪式\n对应品质奢靡卡：妻子的不满\n对应品质纵欲卡：不会有妻子的不满",                   
                    "pops":[
                        {
                            "condition":{
                                "s4.纵欲":1,
                                "s1.纵欲的痕迹":1
                            },
                            "action":{
                                "pop.5002035_s4_01.self":"你已经用这种方式消除过纵欲卡了，苏丹可不会再认。"
                            }
                        }
                    ] 
                },
            "s5":
                {
                    "condition": 
                    {
                        "type":"item",
                        "any":{
                            "all":{
                                "cost.消耗品=":1,
                                "!金币":1 
                            },
                            "is":2000680
                        }
                    },
                    "open_adsorb":0,
                    "is_key":0,
                    "is_empty":1,
                    "is_enemy":0,
                    "text":"有些道具能让你表现得更好……\n苏丹的猜忌：消除猜忌 不举的传闻"
                }
        }
    } 