 {
        "id": 5002511,
        "name": "毒蛇山谷",
        "text": "有人告诉你，城外有一处风沙漫布的山谷，出没着不少毒蛇，黑市正在高价收购它们的毒腺。但取得它们并不容易……首先，你得从蛇牙的围攻中活下来。",       
        "tips": "",
        "mapping_id":8001174, 
        "once_new":0,
        "round_number": 2,
        "waiting_round":0,
        "waiting_round_end_action":[

        ],        
        "method_settlement": "",
        "auto_begin": 0, 
        "auto_result": 0,
        "location": "野外:[1,6]", 
        "icon": "rite_15", 
        "tag_tips": [
            "体魄",
            "生存",
            "智慧"
        ],
        "tag_tips_up":{
            "tips":["体魄","生存","智慧"],
            "type":"normal_result"
        },
        "tips_text":[
            "你需要有足够的生存知识和强健的体魄，才能猎得毒蛇。" ,
            "足够的智慧和知识，说不定能为你带来意外之喜。",
            "体魄+生存>=1点成功：上阵角色生存+1 毒蛇毒液 金币+5",
            "智慧+生存>=2点成功：疗伤草药"
        ],
        "open_conditions": [
        ],
        "random_text":{
            "r1":"抓毒蛇的检定",
            "r2":"找草药的检定"

        },
        "random_text_up":{
            "r1":{
                "text":"荒凉的谷地，你听见嘶嘶的蛇信声正向你靠近……",
                "type":"normal_result",
                "type_tips":"你的体魄和生存为你提供了完整的骰子数量。",
                "low_target": 1,
                "low_target_tips": "你至少需要1点成功才能捕猎毒蛇。"
            },
            "r2":{
                "text":"离开山谷的时候，你注意到一丛低矮的乔木……",
                "type":"normal_result",
                "type_tips":"你的智慧和生存为你提供了完整的骰子数量。",
                "low_target": 2,
                "low_target_tips": "你至少需要2点成功才能找到疗伤的草药。"
            }
        },
        "settlement_prior": [
        ],                
        "settlement": [
            {
                "condition": {
                  "r1:体魄+生存>=":[1,5]
                },
                "result_title":"",
                "result_text": "你熟悉这些毒蛇的习性，也有足够的经验和技巧。你以迅雷不及掩耳之势狠狠压住蛇头、钳住它的颈部，然后将之迅速塞进准备好的麻袋里。活着的毒蛇能卖上更好的价钱，你仿佛听见金币落袋的声音。",
                "result": 
                {
                    "s1+生存":1,
                    "s2+生存":1,
                    "card":[2000305,"已拥有+1"], //毒蛇毒液 
                    "金币": 5,      //蛇卖钱
                    "counter+7000037":1         //一次性抓太多蛇了，之后找不到这么多蛇了     
                },
                "action": {
                }
            },
            {
                "condition": {
                  "r1:体魄+生存<":[1,5]
                },
                "result_title":"",
                "result_text": "天呐，蛇，那么多蛇，它们密密麻麻地涌来，犹如潮水。你浑身汗毛倒竖，那一刻，除了本能的怯意，你几乎什么都感觉不到了。你疯狂地逃离了山谷，自然，也一无所获。",
                "result": 
                {

                },
                "action": {
                    "event_on":5300081  //这次失败了，等下次通过幕后机制刷新出来后再来挑战
                }
            }
        ],               
        "settlement_extre": [
            {
                "condition": {
                  "r2:智慧+生存>=":[2,5]
                },
                "result_title":"",
                "result_text": "你被它羽毛似的细叶和皱巴巴的黄色小花所吸引，马上，你想起了曾在草药图鉴中见过的一种疗伤草药，据说，它的汁液甚至可解竹叶青的蛇毒。你小心翼翼地采了一些带回去，以备他日之用，也算是意外之喜。",
                "result": 
                {
                    "card":[2000306,"已拥有+1" ]//疗伤草药    
                },
                "action": {
                }
            },
            {
                "condition": {
                  "r2:智慧+生存<":[2,5]
                },
                "result_title":"",
                "result_text": "乔木细瘦的枝干上开着皱巴巴的小黄花，没什么寻常的地方。如果开得再鲜艳一点、盛大一点，也许你可以摘下它带给梅姬，她会喜欢的。可惜……你轻轻摇摇头，趁着夜幕降临之前快步往家里赶去。",
                "result": 
                {
                   
                },
                "action": {
                }
            }
        ],
        "cards_slot":
        {
            "s1":
            {
                "condition": 
                {
                    "type":"char"
                },
                "open_adsorb":0,
                "is_key":0,
                "is_empty":0,
                "is_enemy":0,
                "text":"你可以亲自，可以派遣足够经验丰富的追随者前往探索"
            },
        "s2":
            {
                "condition": 
                {
                    "type":"char"
                },
                "open_adsorb":0,
                "is_key":0,
                "is_empty":1,
                "is_enemy":0,
                "text":"多一个同伴，多一点胜算"
            },
        "s4":
            {
                "condition": 
                {
                    "type":"item",
                    "cost.消耗品=":1,
                        "!金币":1
                },
                "open_adsorb":0,
                "is_key":0,
                "is_empty":1,
                "is_enemy":0,
                "text":"有些东西也许能在搜寻中派上用场"
            }
        }
    } 