 {
        "id": 5002503,
        "name": "远近闻名的哈马尔兄弟",
        "text": "据说盘踞此地的哈马尔和杰莫尔两兄弟是以狡猾残忍著称的剪径强盗，据说他们一个要命不要钱，一个要钱不要命，倘若有人不幸碰到他们二人结伴，那便是没钱又没命。治安队警告往来商队，出行应雇佣足够的护卫，能避开就尽量避开这片沙丘。",       
        "tips": "",
        "mapping_id":8001171, 
        "once_new":0,
        "round_number": 1,
        "waiting_round":3,
        "waiting_round_end_action":[
            {
                "condition": {

                },
                "result_title":"",
                "result_text": "", 
                "result": 
                {
          
                },
                "action": {
                    "event_on":5300020  //这次错过了，等下次通过幕后机制刷新出来后再来挑战
                }
            }
        ],        
        "method_settlement": "",
        "auto_begin": 0, 
        "auto_result": 0,
        "location": "野外:[9,14]", 
        "icon": "rite_17", 
        "tag_tips": [
            "体魄",
            "战斗"
        ],
        "tag_tips_up":{
            "tips":["体魄","战斗"],
            "type":"fight_result"
        },
        "tips_text":[
            "击败恶徒后，他们大多都会被关进苏丹的监狱",
            "己方数值-（敌方战斗9+敌方体魄8）>=2点成功：善名+1 上阵角色战斗+1 兄弟俩入狱",
            "失败：上阵角色死亡"
        ],
        "open_conditions": [
        ],
        "random_text":{
            "r1":"哈马尔兄弟的踪迹已经暴露，不过想将他们捉拿归案并不容易……"
        },
        "random_text_up":{
            "r1":{
                "text":"哈马尔兄弟的踪迹已经暴露，不过想将他们捉拿归案并不容易……",
                "type":"fight_result",
                "type_tips":"你的战斗和体魄为你提供的骰子数量受兄弟俩对应属性的影响。",
                "low_target": 2,
                "low_target_tips": "你至少需要2点成功才能抓住他们。"
            }
        },
        "settlement_prior": [
        ],                
        "settlement": [
            {
                "condition": {
                  "r1:体魄+战斗-e(体魄+战斗)>=":[2,5]
                },
                "result_title":"",
                "result_text": "他们各有各的强项，弱点也很明显。你让一个同伴伪装成牵着骆驼独自上路的吝啬商人，引诱了贪财的杰莫尔，而失去他聪明的弟弟，莽撞的哈马尔也变得不足为惧。你将两人设计分开、各个击破，将两人牢牢捆好押送回城的时候，太阳甚至都没下山。",
                "result": 
                {
                    "counter+7100001": 1, //善名+1
                    "global_counter+7200145":2, //成就
                    "s1+equip":2000345,  //变为囚徒
                    "s2+equip":2000345,
                    "s3+战斗":1,
                    "s4+战斗":1,
                    "counter+7000015":1              
                },
                "action": {
                }
            },
            {
                "condition": {
                  "r1:体魄+战斗-e(体魄+战斗)<":[2,5]
                },
                "result_title":"",
                "result_text": "你太过轻视自己的敌人，又或者，神的眷顾今日没有倾注于你身上。夕阳阖上它淌血的眼眸时，死于哈马尔兄弟刀下的人又多了几个。", 
                "result": 
                {
                    "clean.s3":1,
                    "clean.s4":1             
                },
                "action": {
                    "event_on":5300020  //这次失败了，等下次通过幕后机制刷新出来后再来挑战
                }
            }
        ],               
        "settlement_extre": [
            {
                "condition": {
                  "r1:体魄+战斗-e(体魄+战斗)>=":[2,5],
                  "s6":1 
                },
                "result_title":"",
                "result_text": "苏丹允许你折断这张征服卡。之后几天，你听说常有卫兵进出城门，似乎在找寻盗贼的宝藏。", //苏丹的反应
                "result": 
                { 
                    "clean.s6":1             
                },
                "action": {
                }
            }
        ],
        "cards_slot":
        {
            "s1":
            {
                "condition": 
                {
                    
                    "is":2000196
                },
                "open_adsorb":1,
                "is_key":0,
                "is_empty":0,
                "is_enemy":1,
                "text":"狡猾的杰莫尔"
            },
            "s2":
            {
                "condition": 
                {
                    
                    "is":2000197
                },
                "open_adsorb":1,
                "is_key":0,
                "is_empty":0,
                "is_enemy":1,
                "text":"凶狠的哈马尔"
            },
            "s3":
                {
                    "condition": 
                    {
                        "type":"char"
                    },
                    "open_adsorb":0,
                    "is_key":0,
                    "is_empty":0,
                    "is_enemy":0,
                    "text":"你可以亲自，或者派遣足够强壮的追随者前往讨伐",                   
                    "pops":[
                        {
                            "condition":{
                                "f:s6.体魄+s6.战斗+s3.体魄+s3.战斗+s4.体魄+s4.战斗+s5.体魄+s5.战斗-s1.体魄-s1.战斗-s2.体魄-s2.战斗<": 2
                            },
                            "action":{
                                "pop.5002503_s3_01.self":"以目前己方的<b><color=white>【体魄】</color></b>和<b><color=white>【战斗】</color></b>能力，就不要去找死了。"
                            }
                        },
                        {
                            "condition":{
                                "f:s6.体魄+s6.战斗+s3.体魄+s3.战斗+s4.体魄+s4.战斗+s5.体魄+s5.战斗-s1.体魄-s1.战斗-s2.体魄-s2.战斗>=": 2,
                                "!s5":1
                            },
                            "action":{
                                "pop.5002503_s3_02.self":"如果有<b><color=white>【情报】</color></b>支持的话，可以多一分胜算。"
                            }
                        }
                    ] 
                },
            "s4":
                {
                    "condition": 
                    {
                        "type":"char"
                    },
                    "open_adsorb":0,
                    "is_key":0,
                    "is_empty":1,
                    "is_enemy":0,
                    "text":"多一名同伴，多一点保障",                   
                    "pops":[
                        {
                            "condition":{
                                "f:s6.体魄+s6.战斗+s3.体魄+s3.战斗+s4.体魄+s4.战斗+s5.体魄+s5.战斗-s1.体魄-s1.战斗-s2.体魄-s2.战斗<": 2
                            },
                            "action":{
                                "pop.5002503_s4_01.self":"以目前己方的<b><color=white>【体魄】</color></b>和<b><color=white>【战斗】</color></b>能力，就不要去找死了。"
                            }
                        },
                        {
                            "condition":{
                                "f:s6.体魄+s6.战斗+s3.体魄+s3.战斗+s4.体魄+s4.战斗+s5.体魄+s5.战斗-s1.体魄-s1.战斗-s2.体魄-s2.战斗>=": 2,
                                "!s5":1
                            },
                            "action":{
                                "pop.5002503_s4_02.self":"如果有<b><color=white>【情报】</color></b>支持的话，可以多一分胜算。"
                            }
                        }
                    ] 
                },
            "s5":
                {
                    "condition": 
                    {
                        "type":"item",
                        "cost.消耗品=":1,
                        "!金币":1
                    },
                    "open_adsorb":0,
                    "is_key":0,
                    "is_empty":1,
                    "is_enemy":0,
                    "text":"有些东西也许能在讨伐中派上用场",                   
                    "pops":[
                        {
                            "condition":{
                                "f:s6.体魄+s6.战斗+s3.体魄+s3.战斗+s4.体魄+s4.战斗+s5.体魄+s5.战斗-s1.体魄-s1.战斗-s2.体魄-s2.战斗<": 2
                            },
                            "action":{
                                "pop.5002503_s5_01.self":"以目前己方的<b><color=white>【体魄】</color></b>和<b><color=white>【战斗】</color></b>能力，就不要去找死了。"
                            }
                        }
                    ] 
                },
            "s6":
                {
                    "condition": 
                    {
                        "type":"sudan",
                        "征服":1,
                        "rare<=":3
                    },
                    "open_adsorb":0,
                    "is_key":0,
                    "is_empty":1,
                    "is_enemy":0,
                    "text":"你可以借此折断一张不高于白银级别的征服卡"
                }
        }
    } 