 {
        "id": 5002507,
        "name": "凶狮肆虐",
        "text": "因为始终无人敢前往猎杀狮子，它变得愈发肆无忌惮。凶狮食人的消息时时传来，但这一次，你发现受害者似乎是你认识的朋友……",       
        "tips": "",
        "mapping_id":8001173, 
        "once_new":0,
        "round_number": 1,
        "waiting_round":0,
        "waiting_round_end_action":[
        ],        
        "method_settlement": "",
        "auto_begin": 1,
        "auto_result": 0,
        "location": "野外:[1,6]", 
        "icon": "rite_21", 
        "tag_tips": [
           
        ],
        "tag_tips_up":{
        },
        "tips_text":[
            "这是一桩不幸的事故，你无法阻止",
            "杀死山狮可以终止这样的事情发生",
            "随机死一个非主角的追随者"
        ],
        "open_conditions": [
        ],
        "random_text":{
            
        },
        "random_text_up":{
        },
        "settlement_prior": [
        ],                
        "settlement": [
            
        ],               
        "settlement_extre": [
            {
                "condition": {
                    "s1":1 // s1非空，吸到人了
                },
                "result_title":"",
                "result_text": "尸体支离破碎、面目全非，但你从破碎的衣料和饰品勉强分辨出受害者是[s1.name]，他也确实失踪好几天了。那只该死的畜生……你还要继续忍耐吗？还是决心为[s1.name]报仇？",
                "result": 
                {
                    "clean.s1":1,        
                    "counter=7000022":0           //山狮计数器归零，下次吃人重新计数
                },
                "action": {
                }
            },
            {
                "condition": {
                    "!s1":1 // s1空，没吸到人
                    
                },
                "result_title":"",
                "result_text": "尸体支离破碎、面无全非，不过好在和你的朋友身形上有微妙的差别。这次只是虚惊一场，但，下次呢？狮子很快就会再度变得饥饿，你能袖手旁观到什么时候？",
                "result": 
                {
                    "counter=7000022":0           //山狮计数器归零，下次吃人重新计数  
                },
                "action": {
                }
            }
        ],
        "cards_slot":
        {
            "s1":
            {
                "condition": 
                {
                    
                    "type":"char",//不能吸到主角
                    "!主角":1,
                    "追随者":1
                },
                "open_adsorb":1, //自动吸一个盟友
                "is_key":0,
                "is_empty":1, //可以为空
                "is_enemy":0,
                "text":"你有一名追随者似乎遇害了"
            }
        }
    } 