 {
        "id": 5002003,
        "name": "欢愉之馆",
        "text": "城中的妓院，据说她的历史比城墙与皇宫更古老，但无论如何，这里是消耗苏丹卡的一个很好的地方，毕竟，无论她们多么美丽，受到称赞，爱慕，都只是花费金钱就可以为所欲为的玩物而已。",       
        "tips": "",
        "mapping_id":8001076,
        "once_new":1,
        "round_number": 1,
        "waiting_round":1,
        "waiting_round_end_action":[
        ],        
        "method_settlement": "",
        "auto_begin": 0, 
        "auto_result": 0,
        "location": "商业区:2", 
        "icon": "rite_13", 
        "tag_tips": [
            "体魄",
            "魅力"
        ],
        "tag_tips_up":{
            "tips":["魅力","体魄"],
            "type":"normal_result"
        },
        "tips_text":[
            "即使是妓女，杀死她们也会引发人们的不满",
            "小心，在妓女身上花费太多精力与金钱可能会让妻子伤心",
            "每次出现的妓女是随机的",
            "点燃激情之后，她们也许会向你敞开心扉",
            "双方体魄魅力加起来>=2点：激情+1"
        ],
        "open_conditions": [
            {
                "condition": {
                    "s2.金币>=":2      
                },
                "tips": "至少需要花费2枚金币"
            }
        ],
        "random_text":{
            "r1":"这只是一次生意，但也可能擦出激情的火花。"
        },
        "random_text_up":{
            "r1":{
                "text":"这只是一次生意，但也可能擦出激情的火花。",
                "type":"normal_result",
                "type_tips":"你的魅力和体魄为你提供了完整的骰子数量。",
                "low_target": 2,
                "low_target_tips": "你至少需要2点成功才能有机会和她擦出火花。"
            }
        },
        "settlement_prior": [
            {
                "condition": {
                  "s4.杀戮":1
                },
                "result_title":"",
                "result_text": "你给她看了那张画着刀刃的卡片。她并未展现出太多恐惧，只是轻轻将你的双手放在了自己的脖颈上，然后拥你入怀……\n欢愉与死亡仿佛蜜里调油，将她的身体化作了梦之深谷，你深陷其中，直到精疲力尽，身体变得冰冷也无法自拔。\n事后，苏丹的使者称赞她体态安详，庄严美丽，仿佛有圣灵栖息，于是苏丹破例赐下一串价值不菲的珍珠项链，与这个出身卑贱的女人一同埋入土中，好遮掩她颈部的淤痕。",
                "result": 
                {
                    "clean.s4":1,
                    "clean.s1":1,
                    "counter+7100002": 1,  //恶名+1
                    "counter=7000095":1, //设置
                    "global_counter=7200135":1, //成就-珍珠泪
                    "global_counter+7200134":1, //成就
                },
                "action": {
                    "event_on":5300208 //开启奈布哈尼准备挑战你的前置幕后
                }
            }
        ],                
        "settlement": [
            {
                "condition": {
                  "s5.is":2000680,  //苏丹的猜忌
                  "counter.7000362<":1 //避免重复触发
                },
                "result_title":"对不起了我的兄弟",
                "result_text": "为了把这场戏做得足够真实，你提前喝了几杯酒，然后又在下身敷了一些麻药——以确保它绝对保持萎靡不振的状态，毕竟这可是要骗过苏丹呢！\n结果，朱娜特别伤心，以为是自己已经无法激起你的兴趣，忍不住哭泣了起来。你只好赶紧又叫了几个欢愉之女进来一起尝试……证明问题出在自己身上。\n不过这么一折腾，你阳痿这件事算是家喻户晓了，这时候如果再抽到一张纵欲卡可怎么办啊！苏丹对这个笑话很满意，显然，即使是最残暴的君主，对一个阳痿的臣子也是会更加宽容的……",
                "result": 
                {
                    "clean.s5":1,
                    "s3+equip":2000681, //身上挂个不举的传闻
                    "counter+7000362":1 //避免重复触发
                },
                "action": {
                    "global_counter=7200215":1, //成就-没有人比我更懂你-不举
                    "event_on": 5320089  //激活14天后苏丹送你虎鞭治疗你的弹框
                }
            },
            {
                "condition": {
                  "s4.纵欲":1,
                  "!s1.纵欲的痕迹":1
                },
                "result_title":"",
                "result_text": "她知道你是为了完成苏丹卡片的任务而来。但这又有什么关系呢？男人为了做这事，已经找过宇宙中无穷无尽，各种各样的理由，而她始终温柔湿润，听着他们的故事，给予赞美。",
                "result": 
                {
                    "counter=7000095":1, //设置
                    "global_counter+7200134":1, //成就
                    "s1+纵欲的痕迹":1,
                    "clean.s4":1
                },
                "action": {
                    "counter+7000649":1, //成就-眠花宿柳-朱娜
                    "event_on":5300210 //开启紧紧只是有趣而已
                }
            },
            {
                "condition": {
                  "s4.纵欲":1,
                  "s1.纵欲的痕迹":1
                },
                "result_title":"",
                "result_text": "纵欲卡无法重复在同一人身上简单消耗，但朱娜告诉你，如果你喜欢一些特别的刺激的话，她会在合适的时候带给你一次苏丹也无法不认可的欢愉。",
                "result": 
                {
                    "counter=7000095":1, //设置
                    "global_counter+7200134":1, //成就
                    "card":  2000083
                },
                "action": {
                                        "counter+7000649":1, //成就-眠花宿柳-朱娜
                }
            },
            {
                "condition": {
                  "s4.奢靡":1,
                  "s2.金币>=":4,
                  "counter.7000357<":1 //还没奢靡过
                },
                "result_title":"",
                "result_text": "你告诉朱娜，今天她可以获得双倍的赏钱。于是她求你把金币换成光滑的丝绸，包裹着自己，包裹着你……后来，这种玩法甚至在宫廷中也流行了一段时间。",
                "result": 
                {
                    "counter=7000095":1, //设置
                    "global_counter+7200134":1, //成就
                    "clean.s4":1,
                    "card":  2000083,
                    "counter+7000357":1
                },
                "action": {
                                        "counter+7000649":1, //成就-眠花宿柳-朱娜
                    "event_on":5300210 //开启紧紧只是有趣而已
                }
            },
            {
                "condition": {
                  "s4.奢靡":1,
                  "s2.金币>=":4,
                  "counter.7000357>=":1 //奢靡过
                },
                "result_title":"",
                "result_text": "奢靡卡无法重复在同一人身上消耗，但你告诉她，今天她依然可以获得双倍的赏钱……",
                "result": 
                {
                    "counter=7000095":1, //设置
                    "global_counter+7200134":1, //成就
                    "card":  2000083
                },
                "action": {
                                        "counter+7000649":1, //成就-眠花宿柳-朱娜
                    "event_on":5300210 //开启紧紧只是有趣而已
                }
            },
            {
                "condition": { //待补充：没有放苏丹卡或放了征服卡的情况
                },
                "result_title":"",
                "result_text": "来这里，只是单纯的为了享乐",
                "result": 
                {
                    "counter=7000095":1, //设置
                    "global_counter+7200134":1, //成就
                    "card":  2000083
                },
                "action": {
                                        "counter+7000649":1, //成就-眠花宿柳-朱娜
                }
            }
        ],               
        "settlement_extre": [
            {
                "condition": {
                  "!s5.is":2000680,
                  "r1:s3.体魄+s3.魅力+s4.体魄+s4.魅力+s5.体魄+s5.魅力>=":[2,5]
                },
                "result_title":"",
                "result_text": "这是每个男人都会有的幻觉吗？你看到她的眼睛里有火焰在燃烧，那是情爱还是疯狂？她在渴求着你，如果不是单纯的自我感觉良好的话，也许她会在工作以外的地方约你私会。",
                "result": 
                {
                    "s1+激情":1
                },
                "action": {
                }
            }
        ],
        "cards_slot":
        {
            "s1":
                {
                    "condition": 
                    {
                        
                        "is":2000080,
                        "妓女":1,
                        "!追随者":1                
                    },
                    "open_adsorb":1,
                    "is_key":0,
                    "is_empty":0,
                    "is_enemy":1,
                    "text":"很多人在结婚之前，都会找朱娜来练习，以获得面对妻子时的信心。" 
                },
            "s2":
                {
                    "condition": 
                    {
                        "type":"item",
                        "cost.金币":[2,4]
                    },
                    "open_adsorb":0,
                    "is_key":0,
                    "is_empty":0,
                    "is_enemy":0,
                    "text":"你必须给她2枚金币，才能做她的入幕之宾。如果你愿意给双倍，可以折断一张对应的奢靡卡",                   
                    "pops":[
                        {
                            "condition":{
                                "s2.金币>":2
                            },
                            "action":{
                                "pop.5002003_s2_01.s1":"要在我这使用奢靡卡，不拿出4枚金币可不行哦~"
                            }
                        }
                    ] 
                },
            "s3":
                {
                    "condition": 
                    {
                        "主角":1,
                        "type":"char"
                    },
                    "open_adsorb":0,
                    "is_key":0,
                    "is_empty":0,
                    "is_enemy":0,
                    "text":"单嫖双赌，这种事情也没法拜托别人是吧。",
                    "pops":[
                        {
                            "condition":{
                            },
                            "action":{
                                "choose":{
                                    "pop.5002003_s3_01.s1":"客人，我好想您……",
                                    "pop.5002003_s3_02.s1":"不必怜惜一个命如草芥的女人，只要您能尽兴",
                                    "pop.5002003_s3_03.s1":"要玩点刺激的吗？",
                                    "pop.5002003_s3_04.s1":"大人，我为您斟酒"                                   
                                }
                            }
                        }
                    ]
                },
            "s4":
                {
                    "condition": 
                    {
                        "type":"sudan",
                        "any":{
                            "纵欲":1,
                            "杀戮":1,
                            "奢靡":1                            
                        },
                        "f:rare-s1.rare<=":0
                    },
                    "open_adsorb":0,
                    "is_key":0,
                    "is_empty":1,
                    "is_enemy":0,
                    "text":"你可以借此折断一张不高于岩石品级的苏丹卡，纵欲、杀戮、奢靡……又或者，只单纯地寻求欢乐\n对应品质杀戮卡：对应妓女死亡 恶名+1 开启挑战仪式\n对应品质奢靡卡：妻子的不满\n对应品质纵欲卡：妻子的不满",                   
                    "pops":[
                        {
                            "condition":{
                                "s4.纵欲":1,
                                "s1.纵欲的痕迹":1
                            },
                            "action":{
                                "pop.5002003_s4_01.self":"你已经用这种方式消除过纵欲卡了，苏丹可不会再认。"
                            }
                        },
                        {
                            "condition":{
                                "s4.奢靡":1,
                                "global_counter.7230004<":1,
                            },
                            "action":{
                                "global_counter+7230004":1,
                                "begin_guide":{
                                    "type": "FILL_COIN",
                                    "anim_type":"MouseRightClick",
                                    "pos": [-1024, -404],
                                    "is_show_ring": true,
                                    "ring_pos": [1182, -249.5],
                                    "ring_rect": [0.5, 0.5]
                                }

                            }
                        }
                    ] 
                },
            "s5":
                {
                    "condition": 
                    {
                        "type":"item",
                        "any":{
                            "all":{
                                "cost.消耗品=":1,
                                "!金币":1 
                            },
                            "is":2000680
                        }
                    },
                    "open_adsorb":0,
                    "is_key":0,
                    "is_empty":1,
                    "is_enemy":0,
                    "text":"有些道具能让你表现得更好……\n苏丹的猜忌：消除猜忌 不举的传闻"
                }
        }
    } 