 {
        "id": 5003025,
        "name": "酒馆拳斗",
        "text": "虽然场地肮脏又低俗，但很多贵族都会来看表演。如果足够疯狂或者愚蠢，亲自参与也不是不可以。",       
        "tips": "",
        "once_new":0,
        "round_number": 1,
        "waiting_round":1,
        "waiting_round_end_action":[
            {
                "condition": {
                },
                "result_title":"",
                "result_text": "",
                "result": 
                {
                    "counter=7000115":0 //限制同一时间被激活的次数
                },
                "action": {
                }
            }
        ],        
        "method_settlement": "",
        "auto_begin": 0,
        "auto_result": 1,
        "location": "商业区:[10,19]", 
        "icon": "rite_17", 
        "tag_tips": [
            "战斗"      
        ],
        "tag_tips_up":{
            "tips":["战斗"],
            "type":"normal_result"
        },
        "tips_text":[
            "成功数越多，收获越大。",
            "失败可能会受伤。",
            ">=5点成功：金币+3",
            ">=3点成功：金币+2",
            ">=1点成功：金币+1",
            "0点成功：受伤"
        ],
        "open_conditions": [
        ],
        "random_text":{
            "r1":"比赛开始了……"
        },
        "random_text_up":{
            "r1":{
                "text":"比赛开始了",
                "type":"normal_result",
                "type_tips":"你的战斗为你提供完整的骰子数量。",
                "low_target": 1,
                "low_target_tips": "你至少需要1点成功才能有收益，成功数越多，收益越大。"
            }
           
        },
        "settlement_prior": [
           
        ],                
        "settlement": [
            {
                "condition": {
                    "r1:战斗>=":[5,5]
                },
                "result_title":"",
                "result_text": "一场会在酒杯与吊灯之间传说许久的胜利。",
                "result": 
                {
                    "counter=7000115":0, //限制同一时间被激活的次数
                    "金币": 3
                },
                "action": {
                }
            },
            {
                "condition": {
                    "r1:战斗>=":[3,5]
                },
                "result_title":"",
                "result_text": "精彩的战斗，所有观众都觉得值回了票价，而且你没有被击倒。",
                "result": 
                {
                    "counter=7000115":0, //限制同一时间被激活的次数
                    "金币": 2
                },
                "action": {
                }
            },
            {
                "condition": {
                    "r1:战斗>=":[1,5]
                },
                "result_title":"",
                "result_text": "作为失败的小丑，[s1.name]成功地娱乐了大家。",
                "result": 
                {
                    "counter=7000115":0, //限制同一时间被激活的次数
                    "金币": 1
                },
                "action": {
                }
            },
            {
                "condition": {
                    "r1:战斗<":[1,5]
                },
                "result_title":"",
                "result_text": "流血也是娱乐观众的一种方式……但并没有报酬。",
                "result": 
                {
                    "counter=7000115":0, //限制同一时间被激活的次数
                    "s1+equip": 2000098 //受伤
                },
                "action": {         
                }
            }
        ],               
        "settlement_extre": [
            
        ],
        "cards_slot":
        {
            "s1":
                {
                    "condition": 
                    {
                        "type":"char"
                    },
                    "open_adsorb":0,
                    "is_key":0,
                    "is_empty":0, // 不能为空
                    "is_enemy":0, 
                    "text":"需要一位身经百战的人"
                },
            "s2":
                {
                    "condition": 
                    {
                        "type":"item",
                        "cost.消耗品=":1,
                        "!金币":1
                    },
                    "open_adsorb":0,
                    "is_key":0,
                    "is_empty":1,
                    "is_enemy":0,
                    "text":"有些东西能让你强大。"
                }
        }
    } 