 {
        "id": 5003021,
        "name": "皇家图书馆",
        "text": "皇家图书馆里储存着大量档案与记录，在没人意识到它们的价值前，你可以尽力发掘。",       
        "tips": "",
        "once_new":0,
        "round_number": 1,
        "waiting_round":1,
        "waiting_round_end_action":[
            {
                "condition": {
                },
                "result_title":"",
                "result_text": "",
                "result": 
                {
                    "counter=7000116":0 //限制同一时间被激活的次数
                },
                "action": {
                }
            }
        ],        
        "method_settlement": "",
        "auto_begin": 0,
        "auto_result": 1,
        "location": "自宅:[2,12]", 
        "icon": "rite_7", 
        "tag_tips": [
            "智慧"      
        ],
        "tag_tips_up":{
            "tips":["智慧"],
            "type":"normal_result"
        },
        "tips_text":[
            "成功数越多，收获越大。",
            "失败并不会带来负面效果",
            ">=5点成功：随机银情报",
            ">=3点成功：随机铜情报",
            ">=1点成功：随机石情报"
        ],
        "open_conditions": [
        ],
        "random_text":{
            "r1":"推动梯子，搬运卷轴……"
        },
        "random_text_up":{
            "r1":{
                "text":"推动梯子，搬运卷轴……",
                "type":"normal_result",
                "type_tips":"你的智慧为你提供完整的骰子数量。",
                "low_target": 1,
                "low_target_tips": "你至少需要1点成功，成功数越多，收益越大。"
            }
           
        },
        "settlement_prior": [
           
        ],                
        "settlement": [
            {
                "condition": {
                    "r1:智慧>=":[5,5]
                },
                "result_title":"",
                "result_text": "一些积年的隐秘被发掘了出来。",
                "result": 
                {
                    "counter=7000116":0, //限制同一时间被激活的次数
                    "loot":6000045 //随机银情报
                },
                "action": {
                }
            },
            {
                "condition": {
                    "r1:智慧>=":[3,5]
                },
                "result_title":"",
                "result_text": "找了一些有价值的信息。",
                "result": 
                {
                    "counter=7000116":0, //限制同一时间被激活的次数
                    "loot":6000044 //随机铜情报
                },
                "action": {
                }
            },
            {
                "condition": {
                    "r1:智慧>=":[1,5]
                },
                "result_title":"",
                "result_text": "找到了一些有价值的信息",
                "result": 
                {
                    "counter=7000116":0, //限制同一时间被激活的次数
                    "loot":6000043 //随机石情报
                },
                "action": {
                }
            },
            {
                "condition": {
                    "r1:智慧<":[1,5]
                },
                "result_title":"",
                "result_text": "除了灰尘与蠹虫，你什么都没找到。",
                "result": 
                {
                    "counter=7000116":0 //限制同一时间被激活的次数
                },
                "action": {         
                }
            }
        ],               
        "settlement_extre": [
            
        ],
        "cards_slot":
        {
            "s1":
                {
                    "condition": 
                    {
                        "type":"char"
                    },
                    "open_adsorb":0,
                    "is_key":0,
                    "is_empty":0, // 不能为空
                    "is_enemy":0, 
                    "text":"需要一位聪明的人"
                },
            "s2":
                {
                    "condition": 
                    {
                        "type":"item",
                        "cost.消耗品=":1,
                        "!金币":1
                    },
                    "open_adsorb":0,
                    "is_key":0,
                    "is_empty":1,
                    "is_enemy":0,
                    "text":"有些东西能让你温故知新"
                }
        }
    } 