 {
        "id": 5003023,
        "name": "在宴会上演出",
        "text": "无论是贵族还是平民，只要能歌善舞，在宴会中演出，得到大家的赞美与奖赏，都是一件体面而光荣的事情。",       
        "tips": "",
        "once_new":0,
        "round_number": 1,
        "waiting_round":1,
        "waiting_round_end_action":[
            {
                "condition": {
                },
                "result_title":"",
                "result_text": "",
                "result": 
                {
                    "counter=7000116":0 //限制同一时间被激活的次数
                },
                "action": {
                }
            }
        ],        
        "method_settlement": "",
        "auto_begin": 0,
        "auto_result": 1,
        "location": "上城区:[1,6]", 
        "icon": "rite_12", 
        "tag_tips": [
            "魅力"      
        ],
        "tag_tips_up":{
            "tips":["魅力"],
            "type":"normal_result"
        },
        "tips_text":[
            "成功数越多，收获越大。",
            "失败并不会带来负面效果",
            ">=5点成功：随机无魔力银情报和1金币",
            ">=3点成功：随机无魔力铜情报和1金币",
            ">=1点成功：随机无魔力石情报和1金币"
        ],
        "open_conditions": [
        ],
        "random_text":{
            "r1":"看我旋转……"
        },
        "random_text_up":{
            "r1":{
                "text":"喜闻乐见的检定时间",
                "type":"normal_result",
                "type_tips":"你的魅力为你提供完整的骰子数量。",
                "low_target": 1,
                "low_target_tips": "你至少需要1点成功，成功数越多，收益越大。"
            }
           
        },
        "settlement_prior": [
           
        ],                
        "settlement": [
            {
                "condition": {
                    "r1:魅力>=":[5,5]
                },
                "result_title":"",
                "result_text": "你收集了一些有价值的信息。",
                "result": 
                {
                    "counter=7000116":0, //限制同一时间被激活的次数
                    "loot":6000048,//随机无魔力银情报
                    "金币":1

                },
                "action": {
                }
            },
            {
                "condition": {
                    "r1:魅力>=":[3,5]
                },
                "result_title":"",
                "result_text": "你收集了一些有价值的信息。",
                "result": 
                {
                    "counter=7000116":0, //限制同一时间被激活的次数
                    "loot":6000047,//随机无魔力铜情报
                    "金币":1
                },
                "action": {
                }
            },
            {
                "condition": {
                    "r1:魅力>=":[1,5]
                },
                "result_title":"",
                "result_text": "你收集了一些有价值的信息。",
                "result": 
                {
                    "counter=7000116":0, //限制同一时间被激活的次数
                    "loot":6000046,//随机无魔力石情报
                    "金币":1
                },
                "action": {
                }
            },
            {
                "condition": {
                    "r1:魅力<":[1,5]
                },
                "result_title":"",
                "result_text": "很遗憾，你没能用自己的才艺博得赞赏。",
                "result": 
                {
                    "counter=7000116":0  //限制同一时间被激活的次数
                },
                "action": {         
                }
            }
        ],               
        "settlement_extre": [
            
        ],
        "cards_slot":
        {
            "s1":
                {
                    "condition": 
                    {
                        "type":"char"
                    },
                    "open_adsorb":0,
                    "is_key":0,
                    "is_empty":0, // 不能为空
                    "is_enemy":0, 
                    "text":"需要一位能歌善舞的人。"
                },
            "s2":
                {
                    "condition": 
                    {
                        "type":"item",
                        "cost.消耗品=":1,
                        "!金币":1
                    },
                    "open_adsorb":0,
                    "is_key":0,
                    "is_empty":1,
                    "is_enemy":0,
                    "text":"有些东西能让你取悦人们。"
                }
        }
    } 