 {
        "id": 5003020,
        "name": "宫廷事务",
        "text": "为苏丹奔走，裁断纷争，治理国家……原本是贵族的基础职责，现在也不过是一种牟利的手段罢了。",       
        "tips": "",
        "once_new":0,
        "round_number": 1,
        "waiting_round":1,
        "waiting_round_end_action":[
            {
                "condition": {
                },
                "result_title":"",
                "result_text": "",
                "result": 
                {
                    "counter=7000115":0 //限制同一时间被激活的次数
                },
                "action": {
                }
            }
        ],        
        "method_settlement": "",
        "auto_begin": 0,
        "auto_result": 1,
        "location": "宫廷:[2,6]", 
        "icon": "rite_8", 
        "tag_tips": [
            "社交"      
        ],
        "tag_tips_up":{
            "tips":["社交"],
            "type":"normal_result"
        },
        "tips_text":[
            "成功数越多，收获越大。",
            "失败并不会带来负面效果",
            "到期后会重新刷新。",
            ">=5点成功：随机获得1-4金币和额外1金币",
            ">=3点成功：随机获得1-4金币",
            ">=1点成功：获得1金币"
        ],
        "open_conditions": [
        ],
        "random_text":{
            "r1":"诘难，赞美，编织语言的陷阱……"
        },
        "random_text_up":{
            "r1":{
                "text":"诘难，赞美，编织语言的陷阱……",
                "type":"normal_result",
                "type_tips":"你的社交为你提供完整的骰子数量。",
                "low_target": 1,
                "low_target_tips": "你至少需要1点成功，成功数越多，收益越大。"
            }
           
        },
        "settlement_prior": [
           
        ],                
        "settlement": [
            {
                "condition": {
                    "r1:社交>=":[5,5]
                },
                "result_title":"",
                "result_text": "处理完一天的事务后，你的马车上不知何时已经被人放好了一袋金子。",
                "result": 
                {
                    "counter=7000115":0, //限制同一时间被激活的次数
                    "loot":6000027, //1-4金币
                    "金币":1 //额外1金币
                },
                "action": {
                }
            },
            {
                "condition": {
                    "r1:社交>=":[3,5]
                },
                "result_title":"",
                "result_text": "回家后，妻子告诉你，有人送来一条咸鱼，里面塞了一些小礼物",
                "result": 
                {
                    "counter=7000115":0, //限制同一时间被激活的次数
                    "loot":6000027 //1-4金币
                },
                "action": {
                }
            },
            {
                "condition": {
                    "r1:社交>=":[1,5]
                },
                "result_title":"",
                "result_text": "一些礼貌性质的打点，你已经完全忘记是什么人啥时候塞进自己手里的了。",
                "result": 
                {
                    "counter=7000115":0, //限制同一时间被激活的次数
                    "金币":1 //额外1金币
                },
                "action": {
                }
            },
            {
                "condition": {
                    "r1:社交<":[1,5]
                },
                "result_title":"",
                "result_text": "今天不是个好日子，甚至没找到什么揩油的机会。",
                "result": 
                {
                    "counter=7000115":0 //限制同一时间被激活的次数
                },
                "action": {         
                }
            }
        ],               
        "settlement_extre": [
            
        ],
        "cards_slot":
        {
            "s1":
                {
                    "condition": 
                    {
                        "type":"char",
                        "贵族":1
                    },
                    "open_adsorb":0,
                    "is_key":0,
                    "is_empty":0, // 不能为空
                    "is_enemy":0, 
                    "text":"需要贵族身份"
                },
            "s2":
                {
                    "condition": 
                    {
                        "type":"item",
                        "cost.消耗品=":1,
                        "!金币":1
                    },
                    "open_adsorb":0,
                    "is_key":0,
                    "is_empty":1,
                    "is_enemy":0,
                    "text":"有些东西能让你如鱼得水"
                }
        }
    } 