 {
        "id": 5003001,
        "name": "不谐之音",
        "text": "你发现最近梅姬晨间不再等你一起用餐了，抛出的话题也只得到她冰冷的沉默或是惜字如金的敷衍。你发现虽然同住一个屋檐，你们碰面的机会却越来越少，仿佛你们不再是同骑一匹骆驼的命运的同伴。她和平时一样柔顺，平静，可你总觉得有一股暗流，在她每一次刻意略过你的眼睛里涌动……这会是错觉吗？",       
        "tips": "",
        "mapping_id":8001077,   
        "once_new":0,
        "round_number": 1,
        "waiting_round":0,
        "waiting_round_end_action":[
        ],        
        "method_settlement": "",
        "auto_begin": 1,
        "auto_result":0, 
        "location": "自宅:[2,12]", 
        "icon": "rite_20", 
        "tag_tips": [
            "魅力",
            "社交",
            "不满"         
        ],
        "tag_tips_up":{
            "tips":["魅力","社交","不满"],
            "type":"fight_result"
        },
        "tips_text":[
            "你可以在此避免妻子的不满爆发，但只要不满存在，这样的事件就会重复发生",
            "妻子的不满数量越多，后续事件就越严重",
			"妻子的不满会带来检定的减值，请注意",
            "你的数值-妻子的不满>1点成功：无事发生",
            "密教徒奈布哈尼抖过机灵：浴血玫瑰仪式",
            "检定失败，不满=1：妻子不满后续事件",
            "检定失败，不满=2：妻子严重不满后续事件",
            "检定失败，不满>=3：妻子超级严重不满后续事件"
            
        ],
        "open_conditions": [
        ],
        "random_text":{
            "r1":"你特意早早起来，在晨霭未散之际拉住了正一声不吭地准备出门的妻子，“你最近怎么了？”"
        },
        "random_text_up":{
            "r1":{
                "text":"你特意早早起来，在晨霭未散之际拉住了正一声不吭地准备出门的妻子，“你最近怎么了？”",
                "type":"fight_result",
                "type_tips":"你的魅力和社交提供的骰子数受到不满数量的影响。",
                "low_target": 1,
                "low_target_tips": "你至少1点成功才能逃过这一劫。"
            }
        },
        "settlement_prior": [
            {
                "condition": {
                  "s2.令人开心的妆扮":1
                },
                "result_title":"",
                "result_text": "你并不需要做太多，你平常的暖心举动让妻子暂时压下了心中的不满。",
                "result": 
                {
                    "s2-equip":2000447 //移除令人开心的妆扮
                },
                "action": {
                    //"event_on":5300023  //重新酝酿不满
                }
            },
            {
                "condition": {
                  "r1:魅力+社交-不满>=":[1,5],
                  "s3":1
                },
                "result_title":"",
                "result_text": "梅姬望着你，平静地说：“我没有不高兴。”\n你当然知道她很不高兴，而且这不高兴还是因你而起的。这究竟是怎么回事，你心里一清二楚。但现在可不是说这个时候。\n你给她讲了一连串笑话，扮了好几个鬼脸，又许下天花乱坠的诺言，她才终于忍不住笑了一声。那笑容只出现了一瞬便收敛了。她重复了一遍，“行了，我没有不高兴。”\n没有男人会把这句话当真。你清楚危机依然存在，不满依旧盘踞在那颗深深失望的心中，但好在，这把刀不会今天就落在你的脖子上。",
                "result": 
                {
                },
                "action": {
                    //"event_on":5300023  //重新酝酿不满
                }
            }
        ],                
        "settlement": [
            {
                "condition": {
                    "不满>=":1,
                    "counter.7000625>=":1  // 用密教徒奈布哈尼消除过妻子的不满
                },
                "result_title":"",
                "result_text": "梅姬不耐烦地打断了你的连篇废话。她看起来有些疲惫，脸色也有些苍白，像是病了。\n她揉着额角，轻轻叹了口气。“算了。”她说，“去帮我准备那种‘带香味的水’吧，我想要沐浴了。”\n你愣了好久，才意识到，她说的是奈布哈尼之前为她准备过的那种……",
                "result": 
                {      
                },
                "action": {
                    //"event_on":5300023  //重新酝酿不满
                    "rite":5004905
                }
            },
            {
                "condition": {
                    "不满=":1
                },
                "result_title":"",
                "result_text": "你说了好长一串废话，梅姬耐心地听着，和你们最相爱的时候一样。那种不谐的预感难道真的只是错觉吗？你突然卡壳了。见你不再讲话，她才终于开口，否认了、推翻了你刚才以为的一切：“是吗。您多虑了。我没有不高兴。”她向你客气地低眉行了一礼，接着便离开了。\n好似你们只是不小心在街角相遇的陌生人。",
                "result": 
                {      
                },
                "action": {
                    //"event_on":5300023  //重新酝酿不满
                    "loot":6000023
                }
            },
            {
                "condition": {
                    "不满=":2
                },
                "result_title":"",
                "result_text": "你说了好长一串喋喋不休的废话，而梅姬的表情从始至终都没有丝毫变化。她以一种无动于衷的冷漠应对你毫无诚意的表演：“我没有不高兴。说完了吗？我要出门了。”",
                "result": 
                {      
                },
                "action": {
                    //"event_on":5300023  //重新酝酿不满
                    "loot":6000024
                }
            },
            {
                "condition": {
                    "不满>=":3
                },
                "result_title":"",
                "result_text": "你说了好长一串喋喋不休的废话，梅姬几乎不耐烦听完。她皱着眉头打断了你：“都说了我没有不高兴。我要出门了。有什么话下次再说吧。”",
                "result": 
                {      
                },
                "action": {
                    //"event_on":5300023  //重新酝酿不满
                    "event_on":[5300021,5300022]  //如果主角不在手牌，妻子会私奔 ;如果主角在手牌，你会在睡梦中被妻子杀死
                }
            }
        ],               
        "settlement_extre": [
        ],
        "cards_slot":
        {
            "s1":
                {
                    "condition": 
                    {
                        "cost.不满":[1,3],
                        "is":2000083
                    },
                    "open_adsorb":1,
                    "is_key":0,
                    "is_empty":0,
                    "is_enemy":0,
                    "text":"想想你都做过些什么。"
                },
            "s2":
                {
                    "condition": 
                    {
                        "妻子":1,
                        "type":"char"
                    },
                    "open_adsorb":1,
                    "is_key":0,
                    "is_empty":0,
                    "is_enemy":0,
                    "text":"妻子"
                },
            "s3":
                {
                    "condition": 
                    {
                        "主角":1,
                        "type":"char"
                    },
                    "open_adsorb":0,
                    "is_key":0,
                    "is_empty":1,
                    "is_enemy":0,
                    "text":"也许在事故发生之前，一切还有挽回的机会。"
                },
            "s4":
                {
                    "condition": 
                    {
                        "type":"item",
                        "cost.消耗品=":1,
                        "!金币":1
                    },
                    "open_adsorb":0,
                    "is_key":0,
                    "is_empty":1,
                    "is_enemy":0,
                    "text":"也许有些东西能帮得上忙。"
                }
        }
    } 