 {
        "id": 5003026,
        "name": "狩猎游戏",
        "text": "一次成功的狩猎不仅能够获得猎物，还能获得声望与人脉。",       
        "tips": "",
        "once_new":0,
        "round_number": 1,
        "waiting_round":1,
        "waiting_round_end_action":[
            {
                "condition": {
                },
                "result_title":"",
                "result_text": "",
                "result": 
                {
                    "counter=7000115":0 //限制同一时间被激活的次数
                },
                "action": {
                }
            }
        ],        
        "method_settlement": "",
        "auto_begin": 0,
        "auto_result": 1,
        "location": "野外:[1,6]", 
        "icon": "rite_21", 
        "tag_tips": [
            "生存"      
        ],
        "tag_tips_up":{
            "tips":["生存"],
            "type":"normal_result"
        },
        "tips_text":[
            "成功数越多，收获越大。",
            "失败并不会带来负面效果",
            ">=5点成功：权势+1 金币+5",
            ">=3点成功：金币+3",
            ">=1点成功：金币+1"
        ],
        "open_conditions": [
        ],
        "random_text":{
            "r1":"拉开弓弦，屏住呼吸……"
        },
        "random_text_up":{
            "r1":{
                "text":"拉开弓弦，屏住呼吸……",
                "type":"normal_result",
                "type_tips":"你的生存为你提供完整的骰子数量。",
                "low_target": 1,
                "low_target_tips": "你至少需要1点成功，成功数越多，收益越大。"
            }
           
        },
        "settlement_prior": [
           
        ],                
        "settlement": [
            {
                "condition": {
                    "r1:生存>=":[5,5]
                },
                "result_title":"",
                "result_text": "一只足以制成标本装饰厅堂的猎物。",
                "result": 
                {
                    "counter=7000115":0, //限制同一时间被激活的次数
                    "counter+7100003": 1, //权势+1
                    "金币": 5
                },
                "action": {
                }
            },
            {
                "condition": {
                    "r1:生存>=":[3,5]
                },
                "result_title":"",
                "result_text": "猎获足以制作一顿大餐。",
                "result": 
                {
                    "counter=7000115":0, //限制同一时间被激活的次数
                    "金币": 3
                },
                "action": {
                }
            },
            {
                "condition": {
                    "r1:生存>=":[1,5]
                },
                "result_title":"",
                "result_text": "很难说这些小动物都什么用，但总之不算空手而归。",
                "result": 
                {
                    "counter=7000115":0, //限制同一时间被激活的次数
                    "金币": 1
                },
                "action": {
                }
            },
            {
                "condition": {
                    "r1:生存<":[1,5]
                },
                "result_title":"",
                "result_text": "一无所获，但至少纵马奔腾令人愉悦。",
                "result": 
                {
                    "counter=7000115":0  //限制同一时间被激活的次数
                },
                "action": {         
                }
            }
        ],               
        "settlement_extre": [
            
        ],
        "cards_slot":
        {
            "s1":
                {
                    "condition": 
                    {
                        "type":"char"
                    },
                    "open_adsorb":0,
                    "is_key":0,
                    "is_empty":0, // 不能为空
                    "is_enemy":0, 
                    "text":"生存技能有利于狩猎"
                },
            "s2":
                {
                    "condition": 
                    {
                        "type":"item",
                        "cost.消耗品=":1,
                        "!金币":1
                    },
                    "open_adsorb":0,
                    "is_key":0,
                    "is_empty":1,
                    "is_enemy":0,
                    "text":"有些东西能让你搜寻猎物。"
                }
        }
    } 