 {
        "id": 5003024,
        "name": "黑吃黑",
        "text": "你听闻了一起帮派犯罪活动，如果抓住机会，就能够乱中取利。",       
        "tips": "",
        "once_new":0,
        "round_number": 1,
        "waiting_round":1,
        "waiting_round_end_action":[
            {
                "condition": {
                },
                "result_title":"",
                "result_text": "",
                "result": 
                {
                    "counter=7000115":0 //限制同一时间被激活的次数
                },
                "action": {
                }
            }
        ],        
        "method_settlement": "",
        "auto_begin": 0,
        "auto_result": 1,
        "location": "黑街:[2,5]", 
        "icon": "rite_3", 
        "tag_tips": [
            "隐匿"      
        ],
        "tag_tips_up":{
            "tips":["隐匿"],
            "type":"normal_result"
        },
        "tips_text":[
            "成功数越多，收获越大。",
            "失败可能会受伤。",
            ">=5点成功：权势+1 金币+3",
            ">=3点成功：金币+2",
            ">=1点成功：金币+1",
            "0点成功：受伤"
        ],
        "open_conditions": [
        ],
        "random_text":{
            "r1":"有组织的犯罪行为往往是权力的一种补充。而你尝试寻找其中的关联。"
        },
        "random_text_up":{
            "r1":{
                "text":"喜闻乐见的检定时间",
                "type":"normal_result",
                "type_tips":"你的隐匿为你提供完整的骰子数量。",
                "low_target": 1,
                "low_target_tips": "你至少需要1点成功，成功数越多，收益越大。"
            }
           
        },
        "settlement_prior": [
           
        ],                
        "settlement": [
            {
                "condition": {
                    "r1:隐匿>=":[5,5]
                },
                "result_title":"",
                "result_text": "你收集了一些有价值的财物。",
                "result": 
                {
                    "counter=7000115":0, //限制同一时间被激活的次数
                    "counter+7100003": 1, //权势+1
                    "金币":3
                    
                },
                "action": {
                }
            },
            {
                "condition": {
                    "r1:隐匿>=":[3,5]
                },
                "result_title":"",
                "result_text": "你收集了一些金币。",
                "result": 
                {
                    "counter=7000115":0, //限制同一时间被激活的次数
                    "金币":2
                    
                },
                "action": {
                }
            },
            {
                "condition": {
                    "r1:隐匿>=":[1,5]
                },
                "result_title":"",
                "result_text": "你收集了一些金币。",
                "result": 
                {
                    "counter=7000115":0, //限制同一时间被激活的次数
                    "金币":1
                },
                "action": {
                }
            },
            {
                "condition": {
                    "r1:隐匿<":[1,5]
                },
                "result_title":"",
                "result_text": "手不干净的时候，被抓住痛揍了一顿。",
                "result": 
                {
                    "counter=7000115":0, //限制同一时间被激活的次数
                    "s1+equip": 2000098 //受伤
                },
                "action": {         
                }
            }
        ],               
        "settlement_extre": [
            
        ],
        "cards_slot":
        {
            "s1":
                {
                    "condition": 
                    {
                        "type":"char"
                    },
                    "open_adsorb":0,
                    "is_key":0,
                    "is_empty":0, // 不能为空
                    "is_enemy":0, 
                    "text":"需要一位善于跟踪，窃听与飞檐走壁的朋友"
                },
            "s2":
                {
                    "condition": 
                    {
                        "type":"item",
                        "cost.消耗品=":1,
                        "!金币":1
                    },
                    "open_adsorb":0,
                    "is_key":0,
                    "is_empty":1,
                    "is_enemy":0,
                    "text":"有些东西能让你得心应手。"
                }
        }
    } 