 {
        "id": 5003022,
        "name": "出卖苦力",
        "text": "市场上时不时就会有这样的工作，即使并不高贵，但如果你需要更多硬币来玩苏丹的游戏的话……",       
        "tips": "",
        "once_new":0,
        "round_number": 1,
        "waiting_round":1,
        "waiting_round_end_action":[
            {
                "condition": {
                },
                "result_title":"",
                "result_text": "",
                "result": 
                {
                    "counter=7000115":0 //限制同一时间被激活的次数
                },
                "action": {
                }
            }
        ],        
        "method_settlement": "",
        "auto_begin": 0,
        "auto_result": 1,
        "location": "商业区:[10,19]", 
        "icon": "rite_19", 
        "tag_tips": [
            "体魄"      
        ],
        "tag_tips_up":{
            "tips":["体魄"],
            "type":"normal_result"
        },
        "tips_text":[
            "成功数越多，收获越大。",
            "失败并不会带来负面效果",
            ">=5点成功：获得4金币",
            ">=3点成功：获得3金币",
            ">=1点成功：获得2金币",
            "0点成功：获得1金币"
        ],
        "open_conditions": [
        ],
        "random_text":{
            "r1":"汗水滴落……"
        },
        "random_text_up":{
            "r1":{
                "text":"喜闻乐见的检定时间",
                "type":"normal_result",
                "type_tips":"你的体魄为你提供完整的骰子数量。",
                "low_target": 1,
                "low_target_tips": "成功数越多，收益越大。"
            }
           
        },
        "settlement_prior": [
           
        ],                
        "settlement": [
            {
                "condition": {
                    "r1:体魄>=":[5,5]
                },
                "result_title":"",
                "result_text": "你赚取了一些辛苦钱。",
                "result": 
                {
                    "counter=7000115":0, //限制同一时间被激活的次数
                    "金币": 4
                },
                "action": {
                }
            },
            {
                "condition": {
                    "r1:体魄>=":[3,5]
                },
                "result_title":"",
                "result_text": "你赚取了一些辛苦钱。",
                "result": 
                {
                    "counter=7000115":0, //限制同一时间被激活的次数
                    "金币": 3
                },
                "action": {
                }
            },
            {
                "condition": {
                    "r1:体魄>=":[1,5]
                },
                "result_title":"",
                "result_text": "你赚取了一些辛苦钱。",
                "result": 
                {
                    "counter=7000115":0, //限制同一时间被激活的次数
                    "金币": 2
                },
                "action": {
                }
            },
            {
                "condition": {
                    "r1:体魄<":[1,5]
                },
                "result_title":"",
                "result_text": "你赚取了一些辛苦钱。",
                "result": 
                {
                    "counter=7000115":0, //限制同一时间被激活的次数
                    "金币": 1
                },
                "action": {         
                }
            }
        ],               
        "settlement_extre": [
            
        ],
        "cards_slot":
        {
            "s1":
                {
                    "condition": 
                    {
                        "type":"char"
                    },
                    "open_adsorb":0,
                    "is_key":0,
                    "is_empty":0, // 不能为空
                    "is_enemy":0, 
                    "text":"需要一位强壮的人"
                },
            "s2":
                {
                    "condition": 
                    {
                        "type":"item",
                        "cost.消耗品=":1,
                        "!金币":1
                    },
                    "open_adsorb":0,
                    "is_key":0,
                    "is_empty":1,
                    "is_enemy":0,
                    "text":"任何你觉得有帮助的东西"
                }
        }
    } 