 {
        "id": 5006566,
        "name": "舍馆",
        "text": "这些人吃了你的饭，就会为你卖命……至少在饭消化掉之前。",       
        "tips": "",
        "mapping_id":8001190,
        "once_new":-1,
        "round_number": 0,
        "waiting_round":0,
        "waiting_round_end_action":[
        ],        
        "method_settlement": "",
        "auto_begin": 0, 
        "auto_result": 0,//需要手动启动
        "location": "商业区:[10,19]", 
        "icon": "rite_8", 
        "tag_tips": [
        ],
        "tag_tips_up":{
        },        
        "tips_text":[
            "派遣自己的追随者去招募",
            "食客们是一次性的，在事件后就会离开",
            "每7日舍馆会换一批人",
            "侠名大于等于15时，可以消耗15金币升级舍馆。",
            "派遣法尔达克会触发额外剧情"
        ],
        "open_conditions": [
            {
                "condition": {
                    "counter.7000445<":1 //场上没有停业计数器
                },
                "tips": "舍馆正在停业中！"
            }
        ],
        "random_text":{
        },
        "random_text_up":{
        },
        "settlement_prior": [
            {
                "condition": {
                    "s11":1
                },
                "result_title":"你扩建了舍馆",
                "result_text": "现在有更多张嘴来吃饭，也有了更多的嘴为你说话，帮你咬人。",
                "result": 
                {
                },
                "action": {
                    "counter+7000462":1,  //修建4级舍馆计数器
                    "event_off":5320079, //关闭每7天的刷新
                    "event_on": 5320080 //开启黄金舍馆
                }
            }
        ],                
        "settlement": [
        ],               
        "settlement_extre": [
//-----------------------------------招募s1----------------------------------
            {
                "condition": {
                    "s6":1
                },
                "result_title":"",
                "result_text": "招募成功",
                "result": 
                {
                    "s1-无主":1,
                    "s6+s1":1
                },
                "action": {
                }
            },      
//-----------------------------------招募s2----------------------------------      
            {
                "condition": {
                    "s7":1
                },
                "result_title":"",
                "result_text": "招募成功",
                "result": 
                {
                    "s2-无主":1,
                    "s7+s2":1
                },
                "action": {
                }
            },
//-----------------------------------招募s3----------------------------------      
            {
                "condition": {
                    "s8":1
                },
                "result_title":"",
                "result_text": "招募成功",
                "result": 
                {
                    "s3-无主":1,
                    "s8+s3":1
                },
                "action": {
                }
            },
//-----------------------------------招募s4----------------------------------      
            {
                "condition": {
                    "s9":1
                },
                "result_title":"",
                "result_text": "招募成功",
                "result": 
                {
                    "s4-无主":1,
                    "s9+s4":1
                },
                "action": {
                }
            },
//-----------------------------------招募s5----------------------------------      
            {
                "condition": {
                    "s10":1
                },
                "result_title":"",
                "result_text": "招募成功",
                "result": 
                {
                    "s5-无主":1,
                    "s10+s5":1
                },
                "action": {
                }
            },
//--------------------------------------------------------------------
            {
                "condition": {
                    "any":{
                        "s6.is":2000350,
                        "s7.is":2000350,
                        "s8.is":2000350, //派遣了质子
                        "s9.is":2000350,
                        "s10.is":2000350,  
                    }
                },
                "result_title":"",
                "result_text": "下次再来看看",
                "result": 
                {
                },
                "action": {
                    "counter+7000377":1, //触发质子的额外剧情
                    "rite":5006566
                }
            },
//--------------------------------------------------------------------
            {
                "condition": {
                    "!s6.is":2000350,
                    "!s7.is":2000350,
                    "!s8.is":2000350,
                    "!s9.is":2000350,
                    "!s10.is":2000350 
                },
                "result_title":"",
                "result_text": "下次再来看看",
                "result": 
                {
                },
                "action": {
                    "rite":5006566
                }
            }
        ],
        "cards_slot":
        {
            "s1":
                {
                    "condition": 
                    {
                        "type":"char",
                        "食客":1,
                        "!追随者":1,
                        "暂留的食客1":1              
                    },
                    "open_adsorb":1,
                    "is_key":0,
                    "is_empty":1,
                    "is_enemy":1,
                    "text":"食客" 
                },
            "s2":
                {
                    "condition": 
                    {
                        "type":"char",
                        "食客":1,
                        "!追随者":1,
                        "暂留的食客2":1              
                    },
                    "open_adsorb":1,
                    "is_key":0,
                    "is_empty":1,
                    "is_enemy":1,
                    "text":"食客" 
                },
            "s3":
                {
                    "condition": 
                    {
                        "type":"char",
                        "食客":1,
                        "!追随者":1,
                        "暂留的食客3":1              
                    },
                    "open_adsorb":1,
                    "is_key":0,
                    "is_empty":1,
                    "is_enemy":1,
                    "text":"食客" 
                },
            "s4":
                {
                    "condition": 
                    {
                        "type":"char",
                        "食客":1,
                        "!追随者":1,
                        "暂留的食客4":1              
                    },
                    "open_adsorb":1,
                    "is_key":0,
                    "is_empty":1,
                    "is_enemy":1,
                    "text":"食客" 
                },
            "s5":
                {
                    "condition": 
                    {
                        "type":"char",
                        "食客":1,
                        "!追随者":1,
                        "暂留的食客5":1              
                    },
                    "open_adsorb":1,
                    "is_key":0,
                    "is_empty":1,
                    "is_enemy":1,
                    "text":"食客" 
                },
            "s6":
                {
                    "condition": 
                    {
                        "type":"char",
                        "s1":1,
                        "!有跟班":1 //已经有跟班的不能重复
                    },
                    "open_adsorb":0,
                    "is_key":0,
                    "is_empty":1,
                    "is_enemy":0,
                    "text":"派人招募第1位食客"
                },
            "s7":
                {
                    "condition": 
                    {
                        "type":"char",
                        "s2":1,
                        "!有跟班":1 //已经有跟班的不能重复
                    },
                    "open_adsorb":0,
                    "is_key":0,
                    "is_empty":1,
                    "is_enemy":0,
                    "text":"派人招募第2位食客"
                },
            "s8":
                {
                    "condition": 
                    {
                        "type":"char",
                        "s3":1,
                        "!有跟班":1 //已经有跟班的不能重复
                    },
                    "open_adsorb":0,
                    "is_key":0,
                    "is_empty":1,
                    "is_enemy":0,
                    "text":"派人招募第3位食客"
                },
            "s9":
                {
                    "condition": 
                    {
                        "type":"char",
                        "s4":1,
                        "!有跟班":1 //已经有跟班的不能重复
                    },
                    "open_adsorb":0,
                    "is_key":0,
                    "is_empty":1,
                    "is_enemy":0,
                    "text":"派人招募第4位食客"
                },
            "s10":
                {
                    "condition": 
                    {
                        "type":"char",
                        "s5":1,
                        "!有跟班":1 //已经有跟班的不能重复
                    },
                    "open_adsorb":0,
                    "is_key":0,
                    "is_empty":1,
                    "is_enemy":0,
                    "text":"派人招募第5位食客"
                },
            "s11":
                {
                    "condition": 
                    {
                        "type":"item",
                        "cost.金币":15,
                        "counter.7100004>=":20 //侠名大于等于20
                    },
                    "open_adsorb":0,
                    "is_key":0,
                    "is_empty":1,
                    "is_enemy":0,
                    "text":"侠名大于等于20时，可以消耗20金币升级舍馆。"
                }
        }
    } 