 {
        "id": 5006557,
        "name": "神秘的援助",
        "text": "疲惫的一日又即将结束，当你穿过苏丹宫殿围墙的阴影，准备回到家中的时候，一位白袍妇人挡住了你的去路。雪白的麻布遮住了她的面容，而她削瘦的双手与飘散的银发则更加苍白，在黑暗中甚至刺痛了你的双眼。\n“你需要帮助吗？”她略带赞许地问到：“这是你应得的。”——无论她是装神弄鬼，想要隐藏身份的凡人，还是某种神圣力量的使者，你又何妨提出一个需求？",       
        "tips": "",
        "once_new":0,
        "round_number": 1,
        "waiting_round":3,
        "waiting_round_end_action":[
            {
                "condition": {
                },
                "result_title":"",
                "result_text": "",
                "result": 
                {    
                },
                "action": { 
                    "event_on": 5320073 //激活重复刷
                }
            }
        ],        
        "method_settlement": "",
        "auto_begin": 0,
        "auto_result": 0,
        "location": "自宅:[2,12]", 
        "icon": "rite_9", 
        "tag_tips": [
        ],
        "tag_tips_up":{
        },
        "tips_text":[
            "根据你放入的卡牌，会有对应的反馈"
        ],
        "open_conditions": [
        ],
        "random_text":{
        },
        "random_text_up":{  
        },
        "settlement_prior": [
        ],                
        "settlement": [
            {
                "condition": {
                    "is":2000083 //妻子不满
                },
                "result_title":"你希望梅姬能原谅自己",
                "result_text": "当天晚餐的时候，梅姬讲了几个贵妇人跟她分享的传言，都是关于你的好事：人们说你善良而有能，坚毅，温柔，甚至还比较英俊。\n你自己都被逗笑了，自然而然地拉住了她的手——一股温暖的电流从肌肤一直渗透到你的心脏，而梅姬的眼神告诉你，她也有同样幸福的体验。",
                "result": 
                {    
                    "clean.s1":1
                },
                "action": { 
                    "event_on": 5320073 //激活重复刷
                }
            },
            {
                "condition": {
                    "is":2000558 //罪证
                },
                "result_title":"你想要摆脱捉贼人的纠缠",
                "result_text": "当晚，听说捉贼人的堡垒失火了，他们手忙脚乱，遗失了很多卷宗……也许其中就有你的那一份。",
                "result": 
                {    
                    "clean.s1":1
                },
                "action": { 
                    "event_on": 5320073 //激活重复刷
                }
            },
            {
                "condition": {
                    "s1.type":"item",
                    "s1.装备":1  //放的是装备
                },
                "result_title":"你想要一件有价值的物品",
                "result_text": "第二天，你获得一件一模一样的复制品，用洁白的麻布裹着，与初生的太阳一起出现在你卧室的窗台上。\n它们甚至划痕都完全一样……",
                "result": 
                {    
                    "copy.s1":1
                },
                "action": { 
                    "event_on": 5320073 //激活重复刷
                }
            },
            {
                "condition": {
                    "s1.type":"item",
                    "s1.金币>=":1  //放的是金币
                },
                "result_title":"你需要钱",
                "result_text": "老妇人当场从长袍里拿出了一袋金币，轻轻地放到你手上，还顺便摸了摸你的面颊……\n当你想要追问一些细节的时候，她已经消失在宫殿之间的阴影中，只有手里的纯白麻布钱袋能证明刚刚的一切所见非虚。",
                "result": 
                {    
                    "s1+回收":1,
                    "coin":10
                },
                "action": {
                    "event_on": 5320073 //激活重复刷
                }
            },
            {
                "condition": {
                    "s1.type":"item",
                    "s1.情报>=":1,
                    "s1.魅力>=":1,
                    "s1.社交>=":1  //放的是秘密
                },
                "result_title":"你问，她是谁？",
                "result_text": "她让你把耳朵凑近过来，向你低语了一个你从未想过的秘密……当你回过神来的时候，她已经不见了，唯独那个秘密还留在你心中。",
                "result": 
                {    
                    "s1+回收":1,
                    "card":2000413 //黄金品级的秘密情报
                },
                "action": { 
                    "event_on": 5320073 //激活重复刷
                }
            },
            {
                "condition": {
                    "s1.type":"item",
                    "s1.情报>=":1,
                    "s1.战斗>=":1,
                    "s1.智慧>=":1  //放的是洞察
                },
                "result_title":"你假装看破了她的身份",
                "result_text": "你一把抓住这妇人的手腕：“我知道你的主人是谁。”随即你被她反手擒住了臂膀，摔了个狗吃屎。等你爬起来的时候，泥地上写了几件你之前忽略，但实际上至关重要的细节。",
                "result": 
                {    
                    "s1+回收":1,
                    "card":2000414 //黄金品级的洞察情报
                },
                "action": { 
                    "event_on": 5320073 //激活重复刷
                }
            },
            {
                "condition": {
                    "s1.type":"item",
                    "s1.情报>=":1,
                    "s1.隐匿>=":1,
                    "s1.生存>=":1  //放的是机遇
                },
                "result_title":"你缺的当然是运气",
                "result_text": "老妇人像安慰小狗一样安慰了你，并且保证你接下来会抓住好运气的——你被摸了脑袋，还没回过神来，对方就消失了。",
                "result": 
                {    
                    "s1+回收":1,
                    "card":2000415 //黄金品级的机遇情报
                },
                "action": { 
                    "event_on": 5320073 //激活重复刷
                }
            },
            {
                "condition": {
                    "s1.type":"item",
                    "s1.情报>=":1,
                    "s1.社交>=":1,
                    "s1.智慧>=":1  //放的是内幕
                },
                "result_title":"总有奸臣想害你",
                "result_text": "你跟老妇人这么抱怨了，第二天你就在公文里找到了一张纸条，上面写着一些见不得人的勾当……",
                "result": 
                {    
                    "s1+回收":1,
                    "card":2000416 //黄金品级的内幕情报
                },
                "action": { 
                    "event_on": 5320073 //激活重复刷
                }
            },
            {
                "condition": {
                    "s1.type":"item",
                    "s1.情报>=":1,
                    "s1.魔力>=":1,
                    "s1.生存>=":1  //放的是预兆
                },
                "result_title":"给我一些启示吧！",
                "result_text": "你缺乏的不是钱，或者其他资源，而是希望！这么对着老太婆大喊大叫了一通之后，你晚上真的梦见了一个场景……在一个远离苏丹的地方，你坐在树下休息，而远处的爱人在呼唤你……",
                "result": 
                {    
                    "s1+回收":1,
                    "card":2000417 //黄金品级的预兆情报
                },
                "action": { 
                    "event_on": 5320073 //激活重复刷
                }
            },
            {
                "condition": {
                    "s1.type":"item",
                    "s1.情报>=":1,
                    "s1.战斗>=":1,
                    "s1.隐匿>=":1  //放的是战术
                },
                "result_title":"你希望能一直胜利",
                "result_text": "“没人能永远胜利，苏丹也不能。”老妇人笑了笑：“不过还是有一些诀窍。”\n当天晚上，你在梦里反复被投入绝望的战争之中，体验够了胜利与死亡……",
                "result": 
                {    
                    "s1+回收":1,
                    "card":2000418 //黄金品级的战术情报
                },
                "action": { 
                    "event_on": 5320073 //激活重复刷
                }
            },
            {
                "condition": {
                    "s1.type":"item",
                    "s1.情报>=":1,
                    "s1.魅力>=":1,
                    "s1.魔力>=":1  //放的是秘氛
                },
                "result_title":"现在你需要超自然的帮助",
                "result_text": "接下来的一整天，家里怪事不断。\n先是装橄榄油的缸自己满溢了出来，怎么倒都倒不完，直到装满了家里每一只坛子。\n然后是花园里突然出现了没见过的长尾鸟雀，唱着动听的歌曲。\n最后，灶膛与烟囱突然焕然一新，仿佛有人彻底打扫了一遍似的……人人都说你的宅邸受到了庇佑。",
                "result": 
                {    
                    "s1+回收":1,
                    "card":2000422 //黄金品级的秘氛
                },
                "action": { 
                    "event_on": 5320073 //激活重复刷
                }
            },
            {
                "condition": {
                    "s1.type":"char",
                    "s1.黑暗知识":1
                },
                "result_title":"你需要接近神的力量",
                "result_text": "这是一个很危险，很可怕的要求，但有这个要求并不一定代表邪恶。老妇人思考了很久……然后她的身躯仿佛流沙一般崩塌了……虫子，老鼠，飞蛾……全都从烟尘中冲出来，扑向了你的脸……\n等你回过神来，一些都消失了，只剩下体内涌动的魔力。",
                "result": 
                {    
                    "s1+魔力":2
                },
                "action": { 
                    "event_on": 5320073 //激活重复刷
                }
            },
            {
                "condition": {
                    "s1.type":"char",
                    "s1.主角":1
                },
                "result_title":"你希望自己接下来能更顺利。",
                "result_text": "当天晚上，你做了一个怪梦……记不清细节了，但那是一个愉快的，甚至吉祥的梦，也是一个关于你自己的梦。",
                "result": 
                {    
                    "s1+社交":1,
                    "s1+体魄":1
                },
                "action": { 
                    "event_on": 5320073 //激活重复刷
                }
            },
            {
                "condition": {
                    "s1.type":"char",
                    "s1.男性":1,
                    "s1.贵族":1
                },
                "result_title":"你希望[s1.name]能帮上更多忙",
                "result_text": "第二天，[s1.name]来到你家，告诉你[s1.gender]做了一个怪梦……但记不清细节了，但那是一个愉快的，甚至吉祥的梦，也是一个关于你的梦。",
                "result": 
                {    
                    "s1+社交":1,
                    "s1+体魄":1
                },
                "action": { 
                    "event_on": 5320073 //激活重复刷
                }
            },
            {
                "condition": {
                    "s1.type":"char",
                    "s1.贵族":1,
                    "s1.女性":1
                },
                "result_title":"你希望[s1.name]能帮上更多忙",
                "result_text": "第二天，[s1.name]来到你家，告诉你[s1.gender]做了一个怪梦……但记不清细节了，但那是一个愉快的，甚至吉祥的梦，也是一个关于你的梦。",
                "result": 
                {    
                    "s1+魅力":1,
                    "s1+体魄":1
                },
                "action": { 
                    "event_on": 5320073 //激活重复刷
                }
            },
            {
                "condition": {
                    "s1.type":"char",
                    "s1.男性":1
                },
                "result_title":"你希望[s1.name]能帮上更多忙",
                "result_text": "第二天，[s1.name]来到你家，告诉你[s1.gender]做了一个怪梦……但记不清细节了，但那是一个愉快的，甚至吉祥的梦，也是一个关于你的梦。",
                "result": 
                {    
                    "s1+战斗":1,
                    "s1+隐匿":1
                },
                "action": { 
                    "event_on": 5320073 //激活重复刷
                }
            },
            {
                "condition": {
                    "s1.type":"char",
                    "s1.女性":1
                },
                "result_title":"你希望[s1.name]能帮上更多忙",
                "result_text": "第二天，[s1.name]来到你家，告诉你[s1.gender]做了一个怪梦……但记不清细节了，但那是一个愉快的，甚至吉祥的梦，也是一个关于你的梦。",
                "result": 
                {    
                    "s1+战斗":1,
                    "s1+生存":1
                },
                "action": { 
                    "event_on": 5320073 //激活重复刷
                }
            },
            {
                "condition": {
                    "s1.type":"item",
                    "s1.思潮":1,
                    "any":{
                        "s1.is":2000725,
                        "s1.is":2000726,
                        "s1.is":2000727,
                        "s1.is":2000728
                    }
                },
                "result_title":"你想要寻求神的声音",
                "result_text": "当晚的梦中，你仿佛真的触碰到了神国的光辉和云缕。",
                "result": 
                {    
                    "s1+虔信":1,
                    "counter+7100005":1  //灵视+1
                },
                "action": { 
                    "event_on": 5320073 //激活重复刷
                }
            },
            {
                "condition": {  //其他情况
                },
                "result_title":"你提了一个很怪的要求",
                "result_text": "老妇人思考了一会儿，还是从长袍里拿出了一袋金币，轻轻的放到你手上，还顺便摸了摸你的面颊……\n当你想要追问一些细节的时候，她已经消失在宫殿之间的阴影中，只有手里的纯白麻布钱袋能证明刚刚的一切所见非虚。",
                "result": 
                {    
                    "s1+回收":1,
                    "coin":10
                },
                "action": { 
                    "event_on": 5320073 //激活重复刷
                }
            }
        ],               
        "settlement_extre": [
        ],
        "cards_slot":
        {
            "s1":
                {
                    "condition": 
                    {
                        "any":{
                            "type":"char",
                            "type":"item",
                            "type":"sudan"
                        }
                    },
                    "open_adsorb":0,
                    "is_key":0,
                    "is_empty":0, // 不能为空
                    "is_enemy":0, 
                    "text":"放入卡牌\n妻子的不满：消除\n罪证：消除\n装备：复制装备\n金币：金币+10\n情报卡：和放入情报相同名字的金品质情报\n拥有黑暗知识的角色：魔力+2\n主角：社交+1 体魄+1\n男贵族：社交+1 体魄+1\n女贵族：魅力+1 体魄+1\n男平民：战斗+1 隐匿+1\n女平民：战斗+1 生存+1\n正教思潮任意品质：虔信+1 灵视+1\n其他：金币+10",                   
                    "pops":[
                        {
                            "condition":{
                                "is":2000083 //妻子不满
                            },
                            "action":{
                                "pop.5006557_s1_01.self":"可以帮你消除"
                            }
                        },
                        {
                            "condition":{
                                "is":2000558 //罪证
                            },
                            "action":{
                                "pop.5006557_s1_02.self":"可以帮你消除"
                            }
                        },
                        {
                            "condition":{
                                "金币":1 
                            },
                            "action":{
                                "pop.5006557_s1_03.self":"可以给你一袋金币"
                            }
                        },
                        {
                            "condition":{
                                "情报":1 
                            },
                            "action":{
                                "pop.5006557_s1_04.self":"可以给你一份对应的黄金品级的情报"
                            }
                        },
                        {
                            "condition":{
                                "type":"char",
                                "any":{
                                    "男性":1,
                                    "女性":1
                                },                       
                            },
                            "action":{
                                "pop.5006557_s1_05.self":"可以帮忙提升属性"
                            }
                        },
                        {
                            "condition":{
                                "type":"item",
                                "any":{
                                    "is":2000725,
                                    "is":2000726,
                                    "is":2000727,
                                    "is":2000728,
                                },                       
                            },
                            "action":{
                                "pop.5006557_s1_07.self":"可以增加虔信"
                            }
                        },
                        {
                            "condition":{
                                "!type":"char",
                                "!装备":1,
                                "!情报":1,
                                "!金币":1,
                                "!大餐":1,
                                "!is":2000558,
                                "!is":2000083  
                            },
                            "action":{
                                "pop.5006557_s1_06.self":"无能为力"
                            }
                        }
                    ] 
                    
                }
        }
    } 