 {
        "id": 5006560,
        "name": "修建舍馆",
        "text": "对于黑街居民来说，“食客”意味着平时不用劳动，关键时刻给主家卖命的行当。当然更多时候都是豢养一批不务正业的流氓以壮声势的帮派行为……但这些底层人中确实有某种约定俗成的道德与义务，足以成为你的助力。考虑到你的侠名早已传遍黑街，何妨用多余的金钱招募一些帮手呢？",       
        "tips": "",
        "once_new":0,
        "round_number": 1,
        "waiting_round":0,
        "waiting_round_end_action":[
        ],        
        "method_settlement": "",
        "auto_begin": 0,
        "auto_result": 0,
        "location": "商业区:[10,19]", 
        "icon": "rite_19", 
        "tag_tips": [
        ],
        "tag_tips_up":{
        },
        "tips_text":[
            "修建岩石品级的舍馆需要消耗10金币",
            "你可以借此消解一张岩石奢靡卡",
            "必定获得：谗言+1",
            "奢靡卡额外效果：权势+1"
        ],
        "open_conditions": [
        ],
        "random_text":{
        },
        "random_text_up":{  
        },
        "settlement_prior": [
        ],                
        "settlement": [
            {
                "condition": {
                },
                "result_title":"一处有食物，饮水与安全的地方。",
                "result_text": "天啊，贫民窟的人们居然需要你专门花钱才能拥有一个这样的地方——并且愿意为之卖命？你突然意识到有什么不对，周围人称赞自己的声音都逐渐变得没那么动听了……",
                "result": 
                {    
                    "clean.s1":1,
                    "counter+7000380":1, //激活舍馆的计数器
                    "counter+7100003":1 //权势+1
                },
                "action": { 
                    "event_on": 5320077 //激活岩石舍馆的刷新机制
                }
            }
        ],               
        "settlement_extre": [
            {
                "condition": {
                    "s3":1
                },
                "result_title":"苏丹觉得很有趣",
                "result_text": "有人借机说你在贫民窟里豢养死士，图谋不轨……苏丹根本不信，但看得出来，他喜欢看你难堪的样子。",
                "result": 
                {    
                "card":2000168, //谗言    
                "clean.s3":1
                },
                "action": { 
                }
            }
        ],
        "cards_slot":
        {
            "s1":
                {
                    "condition": 
                    {
                        "type":"item",
                        "空屋":1
                    },
                    "open_adsorb":0,
                    "is_key":0,
                    "is_empty":0,
                    "is_enemy":0, 
                    "text":"空置的房间或宅邸"
                    
                },
            "s2":
                {
                    "condition": 
                    {
                        "type":"item",
                        "cost.金币":10
                    },
                    "open_adsorb":0,
                    "is_key":0,
                    "is_empty":0,
                    "is_enemy":0, 
                    "text":"修建费用"
                },
            "s3":
                {
                    "condition": 
                    {
                        "type":"sudan",
                        "奢靡":1,
                        "rare=":1
                    },
                    "open_adsorb":0,
                    "is_key":0,
                    "is_empty":1,
                    "is_enemy":0, 
                    "text":"一张岩石奢靡卡"
                }
        }
    } 