 {
        "id": 5006677,
        "name": "苗圃",
        "text": "与这个简陋的收容所相比，其他你所兴建的奇珍都黯然失色——因为这里收藏的乃是世间至珍至美的宝物：未来。",       
        "tips": "",
        "mapping_id":8001515,
        "once_new":0,
        "round_number": 1, //立即执行
        "waiting_round":0,
        "waiting_round_end_action":[
        ],        
        "method_settlement": "",
        "auto_begin": 0,
        "auto_result": 0, 
        "location": "奇珍:9",
        "type":"TREASURE",
        "icon": "rite_5006676", 
        "tag_tips": [
        ],
        "tag_tips_up":{
        },        
        "tips_text":[
            "你可以在这里教育或收容孤儿",
            "可以消除1次苏丹的猜忌"
        ],
        "open_conditions": [
            {
                "condition": {
                    "any":{
                        "all":{
                            "!s1.is":2000728, //正教4级思潮
                            "!s1.is":2000412, //密教4级思潮
                        },
                        "all":{
                            "any":{
                                "s1.is":2000728, //正教4级思潮
                                "s1.is":2000412, //密教4级思潮
                            },    
                            "any":{
                                "rite":5010034, //神之烙印
                                "rite":5010050, //恶之化
                            }, 
                        }
                    }
                },
                "tips": "现在还不是时候"
            }
        ],
        "random_text":{
        },
        "random_text_up":{
        },
        "settlement_prior": [
            {
                "condition": {
                    "any":{
                        "s1.is":2000728, //正教4级思潮
                        "s1.is":2000412, //密教4级思潮
                    }
                },
                "result_title":"",
                "result_text": "为了新世界！",
                "result": 
                { 
                    "counter+7000003":1, //恶名
                },
                "action": {
                }
            },
        ],                
        "settlement": [
//---------------------------猜忌----------------------------------------
            {
                "condition": {
                    "s1.is":2000680 //苏丹的猜忌
                },
                "result_title":"你以无比谄媚、无比恭敬的姿态邀请苏丹莅临指导",
                "result_text": "孩子们战战兢兢地跪在苏丹的面前，然后在你的示意下一个接一个地表演。\n多稚嫩的嗓音啊！唱着赞美苏丹丰功伟绩的诗歌；多柔软的腰肢啊！跳着青涩柔情的舞蹈……还有一个竟然悄无声息地窃走你随身带的金钱袋献给了苏丹，你那副脸色铁青，想斥责又说不出话的样子引来苏丹一连串笑声。不管这是不是早就安排好的节目，苏丹对这一切非常满意。他甚至摸了摸几个孩子的脑袋，然后带走了其中最优秀的一个。",
                "result": 
                { 
                    "counter+7000401":1, //用来最终和苏丹对决时的是否有人旁观的检定
                    "clean.s1":1
                },
                "action": {
                    "global_counter=7200218":1, //成就-没有人比我更懂你-谄媚
                    "rite":5006677 //重新打开自己
                }
            },
//---------------------------收容----------------------------------------
            {
                "condition": {
                    "s1.is":2000867 //奈费勒送来的
                },
                "result_title":"",
                "result_text": "你把孩子们带进了苗圃。",
                "result": 
                { 
                    "s1+已收容":1
                },
                "action": {
                    "rite":5006677 //重新打开自己
                }
            },
            {
                "condition": {
                    "s1.is":2000887 //阿里木送来的
                },
                "result_title":"",
                "result_text": "你把孩子们带进了苗圃。",
                "result": 
                { 
                    "s1+已收容":1
                },
                "action": {
                    "counter+7000656":1, //把阿里木的乞儿直接放进苗圃（没走寻思）
                    "rite":5006677 //重新打开自己
                }
            },
            {
                "condition": {
                    "s1.is":2000889 //哈比卜送来的
                },
                "result_title":"",
                "result_text": "你把孩子们带进了苗圃。",
                "result": 
                { 
                    "s1+已收容":1
                },
                "action": {
                    "rite":5006677 //重新打开自己
                }
            },
            {
                "condition": {
                    "s1.is":2000989 //新月
                },
                "result_title":"",
                "result_text": "你把新月带到苗圃和孩子们一起玩耍，新月和孩子们都快乐极了。",
                "result": 
                { 
                    "counter+7000558":1, //把新月放入过苗圃
                },
                "action": {
                    "rite":5006677 //重新打开自己
                }
            },
            {
                "condition": {
                    "s1.is":2001115 //密教徒的遗孤
                },
                "result_title":"",
                "result_text": "你把孩子们带进了苗圃。",
                "result": 
                { 
                    "s1+已收容":1
                },
                "action": {

                    "rite":5006677, //重新打开自己

                    "delay":{
                        "id":50066771,
                        "round":2, 
                        "counter+7000621":1  //把密教孤儿安置到苗圃里+1 
                    }
                   
                }
            },
//---------------------------爱----------------------------------------
            {
                "condition": {
                    "s1.妻子":1
                },
                "result_title":"",
                "result_text": "梅姬没有对这里的孩子们说太多话，她只是经常来这里，温柔地照顾他们，为他们包扎伤口，教他们与朋友分享食物与关爱。",
                "result": 
                { 
                    "clean.s3":1,
                    "card":2000868 //慈爱
                },
                "action": {
                    "counter+7000421":1, //教育成功的计数
                    "counter=7000381":1,
                    "counter=7000382":0,
                    "counter=7000383":0,                    
                    "rite":5006677 //重新打开自己
                }
            },
            {
                "condition": {
                    "s1.is":2000065, //法里斯
                },
                "result_title":"",
                "result_text": "“这世上没什么诀窍——你对狗好，狗就对你好。狗是很聪明的！比大部分的人聪明！它们什么都知道……你们都学着点吧！话说回来，你们这里缺一些小狗吗？”法里斯话锋一转，看向你。\n你坚定地拒绝了。这间学校决不能再多添几张吃白饭的嘴。",
                "result": 
                { 
                    "clean.s3":1,
                    "card":2000869 //对等
                },
                "action": {
                    "counter+7000421":1, //教育成功的计数
                    "counter=7000381":0,
                    "counter=7000382":1,
                    "counter=7000383":0,   
                    "rite":5006677 //重新打开自己
                }
            },
            {
                "condition": {
                    "s1.is":2000081, //贾丽拉
                },
                "result_title":"",
                "result_text": "贾丽拉将自己在这座城市站稳脚跟的秘诀毫无保留地教给了这些孩子：“永远只对你自己忠诚，亲爱的小不点们，别把你的爱、你的期望和你的心交给任何人，哪怕他是苏丹也不行……爱是有磁力的，你爱自己越多，其他人也爱你也越多。”",
                "result": 
                { 
                    "clean.s3":1,
                    "card":2000870 //自我
                },
                "action": {
                    "counter+7000421":1, //教育成功的计数
                    "counter=7000381":0,
                    "counter=7000382":0,
                    "counter=7000383":1,   
                    "rite":5006677 //重新打开自己
                }
            },
//---------------------------信仰----------------------------------------
            {
                "condition": {
                    "s1.is":2000061, //阿迪莱
                },
                "result_title":"",
                "result_text": "“你不必信仰任何有形的神，当然，有这么个神去信仰也不错——重点是，你需要一个目标！你要追逐、要向上攀登，直到你接近自己的理想——听好了，信仰不是拿来自我安慰用的，它是你的目标！”说这些话的时候，阿迪莱眼里闪耀着的光芒和孩子们眼里的憧憬交相辉映。",
                "result": 
                { 
                    "clean.s5":1,
                    "card":2000871 //理想
                },
                "action": {
                    "counter+7000421":1, //教育成功的计数
                    "counter=7000384":1,
                    "counter=7000385":0,
                    "counter=7000386":0,   
                    "rite":5006677 //重新打开自己
                }
            },
            {
                "condition": {
                    "s1.法拉杰":1, //法拉杰
                },
                "result_title":"",
                "result_text": "法拉杰几乎吹嘘了你一整节课的事件，最后才总结道：“想要过上好的生活，做正确的事情，成就一番事业，最重要的就是要有一名伟大而智慧的领袖！睿智的领导者可以带领我们走向未来，而暴君或者庸人则带我们走向死亡……看看你们周围吧，大家身边的一切都是[player.name]带来的！在认识他之后，想想你们生活中的变化！”",
                "result": 
                { 
                    "clean.s5":1,
                    "card":2000872 //领袖
                },
                "action": {
                    "counter+7000421":1, //教育成功的计数
                    "counter=7000384":0,
                    "counter=7000385":1,
                    "counter=7000386":0,   
                    "rite":5006677 //重新打开自己
                }
            },
            {
                "condition": {
                    "s1.is":2000123, //鲁梅拉
                },
                "result_title":"",
                "result_text": "鲁梅拉教了所有孩子认字，并且和他们一起看书。\n“你为什么能学得那么快呢？”鲁梅拉总会被问这样的问题，而她只是笑着告诉孩子们，因为她相信书里的东西——知识就是这样的，只有你相信，它才会为你所用。",
                "result": 
                { 
                    "clean.s5":1,
                    "card":2000873 //知识
                },
                "action": {
                    "counter+7000421":1, //教育成功的计数
                    "counter=7000384":0,
                    "counter=7000385":0,
                    "counter=7000386":1,   
                    "rite":5006677 //重新打开自己
                }
            },
//---------------------------智慧----------------------------------------
            {
                "condition": {
                    "s1.is":2000082, //夏玛
                },
                "result_title":"",
                "result_text": "“我是城里最聪明的女人？谢谢你们这样说，但我只是品味过更多而已。”夏玛在孩子们的簇拥下依然笑得温柔而得体，“细心体验命运带来的一切吧！无论是贫穷还是痛苦，无论是危险还是安宁……嗯，还有身体和心灵的喜悦，这些你们还没到可以听的年纪……”\n“不过，我想……这些你们早晚会懂，而且，请容我提醒一句： 无论你们经历了什么，前面都会有另一扇更深邃的门为你打开；但是，你并不必须一扇又一扇地一直穿行下去……不要为了体验而体验！前半生的体验是为了帮你们找到在什么地方停下来……不要像我一样。”",
                "result": 
                { 
                    "clean.s4":1,
                    "card":2000874 //体验
                },
                "action": {
                    "counter+7000421":1, //教育成功的计数
                    "counter=7000387":1,
                    "counter=7000388":0,
                    "counter=7000389":0,   
                    "rite":5006677 //重新打开自己
                }
            },
            {
                "condition": {
                    "s1.is":2000057, //哲瓦德
                },
                "result_title":"",
                "result_text": "“你们算是找对人了，穷小子们，哲瓦德叔叔是唯一能教你们有用东西的人！”哲瓦德显然非常享受孩子们热烈崇拜的眼光，“人最重要的就是要赚！赚钱！低买高卖！不只是钱，其他一切事情也都要思考，怎么让自己赚！当然赚了钱基本上你也有了一切！”\n“嘿！小子，别他妈走神！快记下来！我接下来说的每亿点细节都会让你这辈子赚爆！什么？赚字怎么写？妈的……来这里真是亏大了。”",
                "result": 
                { 
                    "clean.s4":1,
                    "card":2000875 //得利
                },
                "action": {
                    "counter+7000421":1, //教育成功的计数
                    "counter=7000387":0,
                    "counter=7000388":1,
                    "counter=7000389":0,   
                    "rite":5006677 //重新打开自己
                }
            },
            {
                "condition": {
                    "s1.is":2000014, //哈比卜
                },
                "result_title":"",
                "result_text": "“哦，你们不是来跟我学做菜的啊……不过其他一切事情都差不多！做菜就是料理一切！一切都可以用做菜的方法料理！就拿烤肉来说……”\n哈比卜就讲了一会儿，所有孩子们的口水都止不住了，于是他只好架起了锅，铺开了刀具，带着孩子们一起做饭。",
                "result": 
                { 
                    "clean.s4":1,
                    "card":2000876 //调和
                },
                "action": {
                    "counter+7000421":1, //教育成功的计数
                    "counter=7000387":0,
                    "counter=7000388":0,
                    "counter=7000389":1,   
                    "rite":5006677 //重新打开自己
                }
            },
//---------------------------力量----------------------------------------
            {
                "condition": {
                    "s1.is":2000064, //奈布哈尼
                },
                "result_title":"",
                "result_text": "“强大的本质就是像诗歌里的人物一样活着……当你这样选择的时候，你自然就会能够这么做！因为这就是最优雅的故事轨迹，嗯，这就是浪漫的力量！”\n奈布哈尼以夸张得接近表演，顿挫得犹如诗歌的腔调如此说道：“遇到美人，就要在石榴树下面吻她；遇到华丽的绸缎，就要做成衣服穿过宫廷；当上了苏丹的近卫，也要过自由自在的生活！”\n“小家伙们……摸摸我的手，这些是茧子，知道它们代表着什么吗？苦练，朋友们，苦练！但你要知道，每个近卫都有这么多茧子，而他们都只有我一半帅气！这就是我们的差距！我的人生，我的剑，都是按照诗的路线在舞动的！唉……哥的潇洒你们能继承百分之一就可以受用一生啦。”",
                "result": 
                { 
                    "clean.s6":1,
                    "card":2000878 //浪漫
                },
                "action": {
                    "counter+7000421":1, //教育成功的计数
                    "counter=7000390":0,
                    "counter=7000391":1,
                    "counter=7000392":0, 
                    "rite":5006677 //重新打开自己
                }
            },
            {
                "condition": {
                    "s1.is":2000055, //娜依拉
                },
                "result_title":"",
                "result_text": "“你们就是[player.name]养的孩子？居然要我浪费时间给你们讲一些人生道理……没用的，没用的，你们大部分人都不会有什么出息，哪怕是[player.name]赞助你们也不行——因为你们没有欲望！”娜依拉拽紧自己华美的衣角，丝毫不掩饰自己的嫌弃。\n“看看你们因为吃了一口饱饭，穿了一件不破的衣服就露出的傻笑！你们这辈子就这样了！找机会去看看[player.name]和我吃的东西吧！看看我们身上的绫罗绸缎……嗯，再过几年，你们还可以看看我们玩的男人女人……呵呵呵。”\n“等你们有了想要享受和我们一样好的野心之后……呵呵，不要想多了，你再走近一点点我就让守卫用鞭子抽你。但也许有万分之一的机会，你们中的某些人……会变得好看，强壮，有用……那时候也许姐姐也可以满足你们一些欲望。”\n你连忙在她继续展开某些不适合小孩儿听的话题之前把她带走了。",
                "result": 
                { 
                    "clean.s6":1,
                    "card":2000879 //欲望
                },
                "action": {
                    "counter+7000421":1, //教育成功的计数
                    "counter=7000390":0,
                    "counter=7000391":0,
                    "counter=7000392":1, 
                    "rite":5006677 //重新打开自己
                }
            },
//---------------------------快乐----------------------------------------
            {
                "condition": {
                    "s1.is":2000352, //玛希尔
                },
                "result_title":"",
                "result_text": "“世界上最开心的事情就是创造！嗯……创造的乐趣有五重，”玛希尔伸出自己的手指，给孩子们一一细数，“首先是一闪而过的灵感，然后是冥思苦想的设计，接下来则是流血流汗的制作……然后就到了最快乐的部分了，那就是运用！看到自己的一个念头，变成实际存在的、有价值的工具被使用，那真是妙不可言！嗯，最后，你还可以像现在我一样，把这份想法传授给其他人——要完成了这一步你才算真正掌握了自己的创造！”\n“这个过程又漫长，又痛苦，又幸福——就好像一个超级完美的性高潮一样！抱歉，你们还不知道那是什么，但我衷心祝愿你们以后两个都能体验到！那时候希望你们想起这句话：创造比性高潮还要爽！”",
                "result": 
                { 
                    "clean.s7":1,
                    "card":2000880 //创造
                },
                "action": {
                    "counter+7000421":1, //教育成功的计数
                    "counter=7000393":1,
                    "counter=7000394":0,
                    "counter=7000395":0, 
                    "rite":5006677 //重新打开自己
                }
            },
            {
                "condition": {
                    "s1.is":2000113, //阿里木
                },
                "result_title":"",
                "result_text": "阿里木抱起一个和他相熟的孩子，优哉游哉地开了腔：“人这辈子最快乐的时候，就是躺在干爽的床上，望着窗外，然后脑子里什么事儿都没有的时候——烦心的、伤心的、恶心的——什么事儿都没有！你和你的脑子都自由自在！”\n“咳，我真希望你们人人都能得到自由，得到快乐，小狗崽子们……你们要给我好好上学，听到了吗？”\n孩子们纷纷附和着他的话，追问着什么才是自由。",
                "result": 
                { 
                    "clean.s7":1,
                    "card":2000881 //自由
                },
                "action": {
                    "counter+7000421":1, //教育成功的计数
                    "counter=7000393":0,
                    "counter=7000394":1,
                    "counter=7000395":0, 
                    "rite":5006677 //重新打开自己
                }
            },
            {
                "condition": {
                    "s1.is":2000054, //哲巴尔
                },
                "result_title":"",
                "result_text": "“人生最快乐的事情就是赢！要胜利、要压制、要征服！在这个过程中，你会得到一切能满足你的东西。”\n“但是……最重要的是要战胜自己，如果你输了，那就没有任何快乐可言……要怎么战胜自己？嗨，到时候你会知道，孩子，到时候你就会知道的。”",
                "result": 
                { 
                    "clean.s7":1,
                    "card":2000882 //胜利
                },
                "action": {
                    "counter+7000421":1, //教育成功的计数
                    "counter=7000393":0,
                    "counter=7000394":0,
                    "counter=7000395":1, 
                    "rite":5006677 //重新打开自己
                }
            }
        ],               
        "settlement_extre": [
            
        ],
        "cards_slot":
        {
            "s1":
            {
                "condition": 
                {
                    "!已收容":1,
                    "any":{
                        "孤儿":1,
                        "妻子":1,
                        "is":2000065, //法里斯
                        "is":2000081, //贾丽拉
                        "is":2000061, //阿迪莱
                        "all":{
                            "type":"char",
                            "法拉杰":1, //法拉杰
                        },
                        "is":2000123, //鲁梅拉
                        "is":2000082, //夏玛
                        "is":2000057, //哲瓦德
                        "is":2000014, //哈比卜
                        "is":2000064, //奈布哈尼
                        "is":2000055, //娜依拉
                        "is":2000352, //玛希尔
                        "is":2000113, //阿里木
                        "is":2000054, //哲巴尔
                        "is":2000989, //新月
                        "all":{
                            "counter.7000401<":1, //没有使用过猜忌
                            "is":2000680 //苏丹的猜忌
                        },
                        "all":{
                            "any":{
                                "is":2000412, //新世界
                                "is":2000728, //完美世界
                            }
                        },
                    }
                },
                "open_adsorb":0,
                "is_key":0,
                "is_empty":0,
                "is_enemy":0,
                "text":"收容和教育\n新世界：恶名+1（后果未知，需要反馈）\n完美世界：恶名+1（后果未知，需要反馈）\n苏丹的猜忌：消除猜忌，后续和苏丹对决有特殊剧情\n孤儿：总共能获得4个，分别从奈费勒、阿里木、哈比卜、密教徒的事件获取\n新月：能被放苗圃和孩子们玩，新月的体魄+1 魅力+1",                   
                "pops":[
                    {
                        "condition":{
                            "any":{
                                "rite":5010034, //神之烙印
                                "rite":5010050, //恶之化
                            },
                            "s1.is":2000412, //密教4级思潮
                        },
                        "action":{
                            "pop.5006677_01.self":"你要将他们带走，一切为了新世界"
                        }
                    },
                    {
                        "condition":{
                            "any":{
                                "rite":5010034, //神之烙印
                                "rite":5010050, //恶之化
                            },
                            "s1.is":2000728, //正教4级思潮
                        },
                        "action":{
                            "pop.5006677_02.self":"你要将他们带走，一切为这个世界"
                        }
                    },
                    {
                        "condition":{
                            "!rite":5010034, //神之烙印
                            "!rite":5010050, //恶之化
                            "any":{
                                "s1.is":2000728, //正教4级思潮
                                "s1.is":2000412, //密教4级思潮
                            },
                        },
                        "action":{
                            "pop.5006677_03.self":"现在还不是时候"
                        }
                    }
                ] 
                
            },
            "s2":
            {
                "condition": 
                {
                    "type":"item",
                    "cost.金币":5
                },
                "open_adsorb":0,
                "is_key":0,
                "is_empty":0,
                "is_enemy":0,
                "text":"5枚金币，不可或缺"
            },
            "s3":
            {
                "condition": 
                {
                    "type":"item",
                    "爱":1
                },
                "open_adsorb":1,
                "is_key":0,
                "is_empty":1,
                "is_enemy":0,
                "text":"你教育他们什么是爱\n梅姬：慈爱\n法里斯：对等\n:贾丽拉\n：自我"
            },
            "s4":
            {
                "condition": 
                {
                    "type":"item",
                    "智":1
                },
                "open_adsorb":1,
                "is_key":0,
                "is_empty":1,
                "is_enemy":0,
                "text":"你告诉他们什么是真正的智慧\n夏玛：体验\n哲瓦德：得利\n哈比卜：调和"
            },
            "s5":
            {
                "condition": 
                {
                    "type":"item",
                    "信":1
                },
                "open_adsorb":1,
                "is_key":0,
                "is_empty":1,
                "is_enemy":0,
                "text":"你指引他们何为信仰\n阿迪莱：理想\n法拉杰：领袖\n知识"
            },
            "s6":
            {
                "condition": 
                {
                    "type":"item",
                    "力":1
                },
                "open_adsorb":1,
                "is_key":0,
                "is_empty":1,
                "is_enemy":0,
                "text":"你引导他们该依靠怎样的力量\n索布哈尼：浪漫\n娜依拉：欲望"
            },
            "s7":
            {
                "condition": 
                {
                    "type":"item",
                    "乐":1
                },
                "open_adsorb":1,
                "is_key":0,
                "is_empty":1,
                "is_enemy":0,
                "text":"你带领他们寻求怎样的快乐\n玛希尔：创造\n阿里木：自由\n哲巴尔：胜利"
            },
            "s8":
            {
                "condition": 
                {
                    "is":2000867, //奈费勒送来的
                    "已收容":1
                },
                "open_adsorb":1,
                "is_key":0,
                "is_empty":1,
                "is_enemy":0,
                "text":"收容的孤儿"
            },
            "s9":
            {
                "condition": 
                {
                    "is":2000887, //阿里木送来的
                    "已收容":1
                },
                "open_adsorb":1,
                "is_key":0,
                "is_empty":1,
                "is_enemy":0,
                "text":"收容的孤儿"
            },
            "s10":
            {
                "condition": 
                {
                    "is":2000889, //哈比卜送来的
                    "已收容":1
                },
                "open_adsorb":1,
                "is_key":0,
                "is_empty":1,
                "is_enemy":0,
                "text":"收容的孤儿"
            },
            "s11":
            {
                "condition": 
                {
                    "is":2001115, //密教的
                    "已收容":1
                },
                "open_adsorb":1,
                "is_key":0,
                "is_empty":1,
                "is_enemy":0,
                "text":"收容的孤儿"
            },
        }
    } 