 {
        "id": 5006567,
        "name": "舍馆",
        "text": "这些人吃了你的饭，就会为你卖命……至少在饭消化掉之前。",       
        "tips": "",
        "mapping_id":8001514,
        "once_new":0,
        "round_number": 0,
        "waiting_round":0,
        "waiting_round_end_action":[
        ],        
        "method_settlement": "",
        "auto_begin": 0, 
        "auto_result": 0,//需要手动启动
        "location": "商业区:[10,19]", 
        "icon": "rite_8", 
        "tag_tips": [
        ],
        "tag_tips_up":{
           
        },        
        "tips_text":[
            "派遣自己的追随者去招募",
            "食客们是一次性的，在事件后就会离开",
            "每7日舍馆会换一批人",
            "派遣法尔达克会触发额外剧情"
        ],
        "open_conditions": [
            {
                "condition": {
                    "counter.7000445<":1 //场上没有停业计数器
                },
                "tips": "舍馆正在停业中！"
            }
            
        ],
        "random_text":{
        },
        "random_text_up":{
            
        },
        "settlement_prior": [
        ],                
        "settlement": [
        ],               
        "settlement_extre": [
//-----------------------------------招募s1----------------------------------
            {
                "condition": {
                    "s7":1
                },
                "result_title":"",
                "result_text": "招募成功",
                "result": 
                {
                    "s7+s1":1
                },
                "action": {
                }
            },      
//-----------------------------------招募s2----------------------------------      
            {
                "condition": {
                    "s8":1
                },
                "result_title":"",
                "result_text": "招募成功",
                "result": 
                {
                    "s8+s2":1
                },
                "action": {
                }
            },
//-----------------------------------招募s3----------------------------------      
            {
                "condition": {
                    "s9":1
                },
                "result_title":"",
                "result_text": "招募成功",
                "result": 
                {
                    "s9+s3":1
                },
                "action": {
                }
            },
//-----------------------------------招募s4----------------------------------      
            {
                "condition": {
                    "s10":1
                },
                "result_title":"",
                "result_text": "招募成功",
                "result": 
                {
                    "s10+s4":1
                },
                "action": {
                }
            },
//-----------------------------------招募s5----------------------------------      
            {
                "condition": {
                    "s11":1
                },
                "result_title":"",
                "result_text": "招募成功",
                "result": 
                {
                    "s11+s5":1
                },
                "action": {
                }
            },
//-----------------------------------招募s5----------------------------------      
            {
                "condition": {
                    "s12":1
                },
                "result_title":"",
                "result_text": "招募成功",
                "result": 
                {
                    "s12+s6":1
                },
                "action": {
                }
            },
//--------------------------------------------------------------------
            {
                "condition": {
                    "any":{
                        "s7.is":2000350,
                        "s8.is":2000350, //派遣了质子
                        "s9.is":2000350,
                        "s10.is":2000350,
                        "s11.is":2000350,  
                        "s12.is":2000350,    
                    }
                },
                "result_title":"",
                "result_text": "下次再来看看",
                "result": 
                {
                    "s1+暂留的食客1":1,
                    "s2+暂留的食客2":1,
                    "s3+暂留的食客3":1,
                    "s4+暂留的食客4":1,
                    "s5+暂留的食客5":1,
                    "s6+暂留的食客6":1 
                },
                "action": {
                    "counter+7000377":1, //触发质子的额外剧情
                    "rite":5006568
                }
            },
//--------------------------------------------------------------------
            {
                "condition": {
                    "!s7.is":2000350,
                    "!s8.is":2000350,
                    "!s9.is":2000350,
                    "!s10.is":2000350,
                    "!s11.is":2000350,
                    "!s12.is":2000350  
                },
                "result_title":"",
                "result_text": "下次再来看看",
                "result": 
                {
                    "s1+暂留的食客1":1,
                    "s2+暂留的食客2":1,
                    "s3+暂留的食客3":1,
                    "s4+暂留的食客4":1,
                    "s5+暂留的食客5":1,
                    "s6+暂留的食客6":1 
                },
                "action": {
                    "rite":5006568
                }
            }
        ],
        "cards_slot":
        {
            "s1":
                {
                    "condition": 
                    {
                        "type":"char",
                        "食客":1,
                        "!追随者":1,
                        "!暂留的食客1":1,
                        "!暂留的食客2":1,
                        "!暂留的食客3":1,
                        "!暂留的食客4":1,
                        "!暂留的食客5":1,
                        "!暂留的食客6":1              
                    },
                    "open_adsorb":1,
                    "is_key":0,
                    "is_empty":1,
                    "is_enemy":1,
                    "text":"食客" 
                },
            "s2":
                {
                    "condition": 
                    {
                        "type":"char",
                        "食客":1,
                        "!追随者":1,
                        "!暂留的食客1":1,
                        "!暂留的食客2":1,
                        "!暂留的食客3":1,
                        "!暂留的食客4":1,
                        "!暂留的食客5":1,
                        "!暂留的食客6":1              
                    },
                    "open_adsorb":1,
                    "is_key":0,
                    "is_empty":1,
                    "is_enemy":1,
                    "text":"食客" 
                },
            "s3":
                {
                    "condition": 
                    {
                        "type":"char",
                        "食客":1,
                        "!追随者":1,
                        "!暂留的食客1":1,
                        "!暂留的食客2":1,
                        "!暂留的食客3":1,
                        "!暂留的食客4":1,
                        "!暂留的食客5":1,
                        "!暂留的食客6":1              
                    },
                    "open_adsorb":1,
                    "is_key":0,
                    "is_empty":1,
                    "is_enemy":1,
                    "text":"食客" 
                },
            "s4":
                {
                    "condition": 
                    {
                        "type":"char",
                        "食客":1,
                        "!追随者":1,
                        "!暂留的食客1":1,
                        "!暂留的食客2":1,
                        "!暂留的食客3":1,
                        "!暂留的食客4":1,
                        "!暂留的食客5":1,
                        "!暂留的食客6":1              
                    },
                    "open_adsorb":1,
                    "is_key":0,
                    "is_empty":1,
                    "is_enemy":1,
                    "text":"食客" 
                },
            "s5":
                {
                    "condition": 
                    {
                        "type":"char",
                        "食客":1,
                        "!追随者":1,
                        "!暂留的食客1":1,
                        "!暂留的食客2":1,
                        "!暂留的食客3":1,
                        "!暂留的食客4":1,
                        "!暂留的食客5":1,
                        "!暂留的食客6":1              
                    },
                    "open_adsorb":1,
                    "is_key":0,
                    "is_empty":1,
                    "is_enemy":1,
                    "text":"食客" 
                },
            "s6":
                {
                    "condition": 
                    {
                        "type":"char",
                        "食客":1,
                        "!追随者":1,
                        "!暂留的食客1":1,
                        "!暂留的食客2":1,
                        "!暂留的食客3":1,
                        "!暂留的食客4":1,
                        "!暂留的食客5":1,
                        "!暂留的食客6":1              
                    },
                    "open_adsorb":1,
                    "is_key":0,
                    "is_empty":1,
                    "is_enemy":1,
                    "text":"食客" 
                },
            "s7":
                {
                    "condition": 
                    {
                        "type":"char",
                        "s1":1,
                        "!有跟班":1 //已经有跟班的不能重复
                    },
                    "open_adsorb":0,
                    "is_key":0,
                    "is_empty":1,
                    "is_enemy":0,
                    "text":"派人招募第1位食客"
                },
            "s8":
                {
                    "condition": 
                    {
                        "type":"char",
                        "s2":1,
                        "!有跟班":1 //已经有跟班的不能重复
                    },
                    "open_adsorb":0,
                    "is_key":0,
                    "is_empty":1,
                    "is_enemy":0,
                    "text":"派人招募第2位食客"
                },
            "s9":
                {
                    "condition": 
                    {
                        "type":"char",
                        "s3":1,
                        "!有跟班":1 //已经有跟班的不能重复
                    },
                    "open_adsorb":0,
                    "is_key":0,
                    "is_empty":1,
                    "is_enemy":0,
                    "text":"派人招募第3位食客"
                },
            "s10":
                {
                    "condition": 
                    {
                        "type":"char",
                        "s4":1,
                        "!有跟班":1 //已经有跟班的不能重复
                    },
                    "open_adsorb":0,
                    "is_key":0,
                    "is_empty":1,
                    "is_enemy":0,
                    "text":"派人招募第4位食客"
                },
            "s11":
                {
                    "condition": 
                    {
                        "type":"char",
                        "s5":1,
                        "!有跟班":1 //已经有跟班的不能重复
                    },
                    "open_adsorb":0,
                    "is_key":0,
                    "is_empty":1,
                    "is_enemy":0,
                    "text":"派人招募第5位食客"
                },
            "s12":
                {
                    "condition": 
                    {
                        "type":"char",
                        "s6":1,
                        "!有跟班":1 //已经有跟班的不能重复
                    },
                    "open_adsorb":0,
                    "is_key":0,
                    "is_empty":1,
                    "is_enemy":0,
                    "text":"派人招募第6位食客"
                }
        }
    } 