{
    "id": 5008007,
    "name": "激励",
    "text": "法拉杰就像一只正在快速成长的猎犬——他聪慧又勇敢，并且渴望得到你的夸奖。", 
    "mapping_id":8001079,       
    "tips": "",
    "once_new":0,
    "round_number": 1,
    "waiting_round":3,
    "waiting_round_end_action":[
    ],
    "method_settlement": "",
    "auto_begin": 0,
    "auto_result":0,
    "location": "自宅:[2,12]", 
    "icon": "rite_16", 
    "tag_tips": [
    ],
    "tag_tips_up":{},
    "tips_text":[
        "法拉杰渴望得到你的肯定",
        "你可以选择夸赞他的不同优点",
        "此事件可以妻子主角一起去"
    ],
    "open_conditions": [
        {
            "condition": {
                    "主角=":1
            },
            "tips": "法拉杰渴望得到你的肯定——你的。"
        }

    ],
    "random_text":{
        
    },
    "random_text_up":{},     
    "settlement_prior": [],                
    "settlement": [],                
    "settlement_extre": [
        {
            "condition": {
                "all":{
                    "!s2":1,
                    "s3":1,
                    "s4":1
            } 
            },     
            "result_title":"你们三人把酒言欢，聊到月亮升起",
            "result_text": "你们说了很多很多话，说到最后，法拉杰显然喝得有点多了，湿润的眼睛直直地望着你的方向。在醉意带来的某种眩晕和幻象之中，他第一次感到自己和你——也许还有梅姬——成为了一样的人：他过去所憧憬和尊敬的那种人。",
            "result": 
            {
                "s1+体魄":2,
                "s1+魅力":2,
                "s1+激情":1,
                "counter+7000235":1   //使用妻子激励法拉杰
            },
            "action": {
               
            }
        },
        {
            "condition": {
                "all":{
                    "s2":1,
                    "!s3":1,
                    "s4":1
            } 
            },     
            "result_title":"你们三人把酒言欢，聊到月亮升起",
            "result_text": "你们说了很多很多话，说到最后，法拉杰显然喝得有点多了，湿润的眼睛直直地望着你的方向。在醉意带来的某种眩晕和幻象之中，他第一次感到自己和你——也许还有梅姬——成为了一样的人：他过去所憧憬和尊敬的那种人。",
            "result": 
            {
                "s1+智慧":2,
                "s1+体魄":2,
                "s1+激情":1,
                "counter+7000235":1   //使用妻子激励法拉杰
            },
            "action": {
               
            }
        },
        {
            "condition": {
                "all":{
                    "s3":1,
                    "s2":1,
                    "!s4":1
            } 
            },     
            "result_title":"你们三人把酒言欢，聊到月亮升起",
            "result_text": "你们说了很多很多话，说到最后，法拉杰显然喝得有点多了，湿润的眼睛直直地望着你的方向。在醉意带来的某种眩晕和幻象之中，他第一次感到自己和你——也许还有梅姬——成为了一样的人：他过去所憧憬和尊敬的那种人。",
            "result": 
            {
                "s1+智慧":2,
                "s1+魅力":2,
                "s1+激情":1,
                "counter+7000235":1   //使用妻子激励法拉杰
            },
            "action": {
               
            }
        },
        {
            "condition": { 
                "all":{
                    "s2":1,
                    "!s3":1,
                    "!s4":1
            } 
            },
            "result_title":"你经常给我启发",
            "result_text": "这是一个人能给另一个人的最高赞美……\n你能看见他唇角弯起，又努力地压下去，竭尽全力地控制着自己不要因狂喜而太过失态。但那双眼睛里闪烁的光亮是怎么也藏不住的。\n“是您的烛火点燃了我的智慧之光，[player.name]。”他直勾勾地望着你，崇拜之余，隐隐还藏着几分其他的情愫……",
            "result": 
            {
                "s1+智慧":2,
                "s1+激情":1
            },
            "action": {

            }
        },
        {
            "condition": {  
                "all":{
                "!s2":1,
                "s3":1,
                "!s4":1
        } 
    },     
            "result_title":"我只适合在你身旁提刀",
            "result_text": "你夸他比自己更像一个正义的朝臣，以后前途必然胜过自己——他表现得很羞涩扭捏，但你确定他遐想了一瞬间你给他当跟班的景象……嗯，也可能还有些别的，谁知道呢。",
            "result": 
            {
                "s1+魅力":2,
                "s1+激情":1
            },
            "action": {
               
            }
        },
        {
            "condition": {               
                 "all":{
                "!s2":1,
                "!s3":1,
                "s4":1
        } 
    },     
            "result_title":"你们像男人一样用肌肉对话",
            "result_text": "他抓住机会，狠狠地给了你一个过肩摔，把你按在了地上——油脂与汗水在你们的身上闪闪发光，宛如纯洁的男子汉友谊。",
            "result": 
            {
                "s1+体魄":2,
                "s1+激情":1
              
            },
            "action": {
               
            }
        }
        
    ],
    "cards_slot":
    {
        "s1":
            {
                "condition": 
                {
                    "法拉杰": 1
                },
                "open_adsorb":1,
                "is_key":0,
                "is_empty":0,
                "is_enemy":0,
                "text":"法拉杰期待着你的激励。"
            },

        "s2":
            {
                "condition": 
                {
                    "type":"char",
                    "any":{
                        "妻子":1,
                        "主角":1
                    }
            },
                "open_adsorb":0,
                "is_key":0,
                "is_empty":1,
                "is_enemy":0,
                "text":"赞美其博文强学\n智慧+2 激情+1"
            },
         "s3":
            {
                "condition": 
                {
                    "type":"char",
                    "any":{
                        "妻子":1,
                        "主角":1
                    }
            },
                "open_adsorb":0,
                "is_key":0,
                "is_empty":1,
                "is_enemy":0,
                "text":"赞美其仪表堂堂\n魅力+2 激情+1"
            },          
         "s4":
            {
                "condition": 
                {
                    "type":"char",
                    "any":{
                        "妻子":1,
                        "主角":1
                    }
            },
                "open_adsorb":0,
                "is_key":0,
                "is_empty":1,
                "is_enemy":0,
                "text":"赞美其有力臂膀\n体魄+2 激情+1"
            }          
    }
}