{
    "id": 5008065,
    "name": "老乡见老乡",
    "text": "自从你拜托他去过一次你的舍馆之后，你注意到，法尔达克似乎更频繁地进出其中……",       
    "tips": "",
    "mapping_id":8001147,
    "once_new":0,
    "round_number": 3,
    "waiting_round":1,
    "waiting_round_end_action":[
    ],
    "method_settlement": "",
    "auto_begin": 1,
    "auto_result":0,
    "location": "商业区:[10,19]",
    "icon": "rite_8", 
    "tag_tips": [
    ],
    "tag_tips_up":{
    },
    "tips_text":[
        "法尔达克社交+1"
    ],
    "open_conditions": [
    
    ],
    "random_text":{
    },
    "random_text_up":{
    },
    "settlement_prior": [
    
    ],                
    "settlement": [
        {
            "condition":
            {
                
            },
            "result_title":"法尔达克回来了",
            "result_text": "他告诉你，那天在你的舍馆里，他听到了熟悉的乡音——那是一种北国特有的、对这里的城市民来说有些古怪的抑扬顿挫。\n那些人对你、对这里的城市民都颇为警惕，从来没有表现出任何异常，直到法尔达克用家乡话同他们攀谈才放下戒心。原来，他们正是来自法尔达克所在的部落的游民。那里早先遭遇大旱，不少民众逃荒至此落脚。\n这些天来，法尔达克都和这些人厮混在一起，但你问起都聊了些什么的时候，法尔达克目光躲闪，显然有一些秘密，暂不打算向你言明。", 
            "result": 
            { 
             "s1+社交":1
            },
            "action":
            {  
                "counter+7000378":1  //本体触发+1
           
            }
        }
    ],                
    "settlement_extre": [

        
       
    ],
    "cards_slot":
    {
        "s1":
        {
            "condition": 
            {
                "type":"char",
                "is":2000350
            },
            "open_adsorb":1,
            "is_key":0,
            "is_empty":0,
            "is_enemy":0,
            "text":"法尔达克" 
        }
    }
} 