{
    "id": 5008006,
    "name": "鼓励",
    "text": "最近，你的名声在王都越来越响了，需要你处理的事情、需要你见的人都越来越多，而法拉杰自然也帮了越来越多的忙。有时候，当他向你汇报今日事务之后，会用一种期待的眼神看着你……",       
    "mapping_id":8001079,   
    "tips": "",
    "once_new":0,
    "round_number": 1,
    "waiting_round":3,
    "waiting_round_end_action":[
    ],
    "method_settlement": "",
    "auto_begin": 0,
    "auto_result":0,
    "location": "自宅:[2,12]", 
    "icon": "rite_16", 
    "tag_tips": [
    ],
    "tag_tips_up":{},
    "tips_text":[
        "法拉杰渴望得到你的肯定",
        "你可以选择夸赞他的不同优点",
        "此事件可以妻子主角一起去"
    ],
    "open_conditions": [
        {
            "condition": {
                    "主角=":1
            },
            "tips": "法拉杰渴望得到你的肯定——你的。"
        }

    ],
    "random_text":{
        
    },
    "random_text_up":{},     
    "settlement_prior": [],                
    "settlement": [],                
    "settlement_extre": [
        {
            "condition": {
                "all":{
                    "!s2":1,
                    "s3":1,
                    "s4":1
            } 
            },     
            "result_title":"你们三人一同共进午餐",
            "result_text": "显然，如此正式的招待让法拉杰受宠若惊……他甚至有点紧张，不过，这也让他显得很可爱——甚至梅姬都难得地笑了几次。",
            "result": 
            {
                "s1+社交":1,
                "counter+7000348":1,   //使用妻子激励法拉杰
                "s1+隐匿":1
                
            },
            "action": {
               
            }
        },
        {
            "condition": {
                "all":{
                    "s2":1,
                    "!s3":1,
                    "s4":1
            } 
            },     
            "result_title":"你们三人一同共进午餐",
            "result_text": "显然，如此正式的招待让法拉杰受宠若惊……他甚至有点紧张，不过，这也让他显得很可爱——甚至梅姬都难得地笑了几次。",
            "result": 
            {
                "s1+社交":1,
                "counter+7000348":1,   //使用妻子激励法拉杰
                "s1+战斗":1
               
            },
            "action": {
               
            }
        },
        {
            "condition": {
                "all":{
                    "s3":1,
                    "s2":1,
                    "!s4":1
            } 
            },     
            "result_title":"你们三人一同共进午餐",
            "result_text": "显然，如此正式的招待让法拉杰受宠若惊……他甚至有点紧张，不过，这也让他显得很可爱——甚至梅姬都难得地笑了几次。",
            "result": 
            {
                "s1+隐匿":1,
                "counter+7000348":1,   //使用妻子激励法拉杰
                "s1+战斗":1
               
            },
            "action": {
               
            }
        },
        {
            "condition": { 
                "all":{
                    "s2":1,
                    "!s3":1,
                    "!s4":1
            } 
            },
            "result_title":"我的后背就交给你了",
            "result_text": "法拉杰大受鼓舞，他激动地拉着你拿起木剑演练了一番，想象着背靠背被敌人包围时战斗的场景。",
            "result": 
            {
                "s1+战斗":1
                
            },
            "action": {

            }
        },
        {
            "condition": {  
                "all":{
                "!s2":1,
                "s3":1,
                "!s4":1
        } 
    },     
            "result_title":"你就是我的眼睛",
            "result_text": "你赞美了他三处细致入微，胜过自己的地方，有两个是真的，有一个则是你额外的褒美。法拉杰大受鼓舞，离开你家的时候，他还眯着眼睛严厉地审视周围的街道——仿佛想立即发现一些值得注意的状况。",
            "result": 
            {
                "s1+隐匿":1
                
            },
            "action": {
               
            }
        },
        {
            "condition": {               
                 "all":{
                "!s2":1,
                "!s3":1,
                "s4":1
        } 
    },     
            "result_title":"你就是我的代言人",
            "result_text": "他听到你这样说，立即站起来整了整衣裳，认真地询问你自己是否需要一个更稳重的饰品……\n你笑着告诉他，最好的饰品已经被他带在身上了，那就是自信。",
            "result": 
            {
                "s1+社交":1
               
            },
            "action": {
               
            }
        }
        
    ],
    "cards_slot":
    {
        "s1":
            {
                "condition": 
                {
                    "法拉杰": 1
                },
                "open_adsorb":1,
                "is_key":0,
                "is_empty":0,
                "is_enemy":0,
                "text":"法拉杰等待着你的夸奖。"
            },

        "s2":
            {
                "condition": 
                {
                    "type":"char",
                    "any":{
                        "妻子":1,
                        "主角":1
                    }
            },
                "open_adsorb":0,
                "is_key":0,
                "is_empty":1,
                "is_enemy":0,
                "text":"赞美其勇武\n战斗+1"
            },
         "s3":
            {
                "condition": 
                {
                    "type":"char",
                    "any":{
                        "妻子":1,
                        "主角":1
                    }
            },
                "open_adsorb":0,
                "is_key":0,
                "is_empty":1,
                "is_enemy":0,
                "text":"赞美其机警\n隐匿+1"
            },          
         "s4":
            {
                "condition": 
                {
                    "type":"char",
                    "any":{
                        "妻子":1,
                        "主角":1
                    }
            },
                "open_adsorb":0,
                "is_key":0,
                "is_empty":1,
                "is_enemy":0,
                "text":"赞美其风度\n社交+1"
            }          
    }
}