{
    "id": 5368104,
    "text": "起始字母",
    "is_replay": 0,
    "auto_start": false,
    "start_trigger": true,
    "on": {
        "round_begin_ba": 1
    },
    "condition": {},
    "settlement": [
        {
            "tips_resource": "",
            "tips_text": "",
            "action": {
                "option": {
                    "id": "5368104_option_1",
                    "text": "起始字母",
                    "icon": "cards/2000001",
                    "items": [
                        {
                            "text": "Z",
                            "tag": "op1"
                        },
                        {
                            "text": "上一页",
                            "tag": "op2"
                        }
                    ]
                },
                "case:op1": {
                    "event_on": 5368065
                },
                "case:op2": {
                    "event_on": 5368103
                }
            }
        }
    ]
}