{
    "id": 5368101,
    "text": "起始字母",
    "is_replay": 0,
    "auto_start": false,
    "start_trigger": true,
    "on": {
        "round_begin_ba": 1
    },
    "condition": {},
    "settlement": [
        {
            "tips_resource": "",
            "tips_text": "",
            "action": {
                "option": {
                    "id": "5368101_option_1",
                    "text": "起始字母",
                    "icon": "cards/2000001",
                    "items": [
                        {
                            "text": "F",
                            "tag": "op1"
                        },
                        {
                            "text": "G",
                            "tag": "op2"
                        },
                        {
                            "text": "H",
                            "tag": "op3"
                        },
                        {
                            "text": "J",
                            "tag": "op4"
                        },
                        {
                            "text": "K",
                            "tag": "op5"
                        },
                        {
                            "text": "上一页",
                            "tag": "op6"
                        },
                        {
                            "text": "下一页",
                            "tag": "op7"
                        },
                        {
                            "text": "返回",
                            "tag": "op8"
                        }
                    ]
                },
                "case:op1": {
                    "event_on": 5368012
                },
                "case:op2": {
                    "event_on": 5368016
                },
                "case:op3": {
                    "event_on": 5368018
                },
                "case:op4": {
                    "event_on": 5368021
                },
                "case:op5": {
                    "event_on": 5368027
                },
                "case:op6": {
                    "event_on": 5368100,
                    "event_off": 5368101
                },
                "case:op7": {
                    "event_on": 5368102,
                    "event_off": 5368101
                },
                "case:op8": {
                    "event_off": 5368101
                }
            }
        }
    ]
}