{
    "id": 5310003,
    "text": "开场演出4测试",
    "is_replay": 0,
    "auto_start": false,
    "start_trigger": true,
    "on": {
        "round_begin_ba": 1
    },
    "condition": {},
    "settlement": [
        {
            "tips_resource": "",
            "tips_text": "",
            "action": {
                "option": {
                    "id": "5310003_option_1",
                    "text": "你的妻子，一直陪伴你的人，你最爱她的什么？",
                    "icon": "cards/2000006",
                    "items": [
                        {
                            "text": "英武：体魄+1，战斗+1",
                            "tag": "op1"
                        },
                        {
                            "text": "智慧：智慧+1，社交+1",
                            "tag": "op2"
                        },
                        {
                            "text": "美艳：体魄+1，魅力+1",
                            "tag": "op3"
                        }
                    ]
                },
                "case:op1": {
                    "table.妻子+体魄": 1,
                    "table.妻子+战斗": 1,
                    "table.妻子+追随者": 1,
                    "hand_card_refresh": 1,
                    "event_on": 5366666
                },
                "case:op2": {
                    "table.妻子+智慧": 1,
                    "table.妻子+社交": 1,
                    "table.妻子+追随者": 1,
                    "hand_card_refresh": 1,
                    "event_on": 5366666
                },
                "case:op3": {
                    "table.妻子+体魄": 1,
                    "table.妻子+魅力": 1,
                    "table.妻子+追随者": 1,
                    "hand_card_refresh": 1,
                    "event_on": 5366666
                }
            }
        }
    ]
}