{
    "id": 5366667,
    "text": "神燈的饋贈",
    "is_replay": 0, //是否可以重复触发
    "auto_start": false,
    "start_trigger": true, // 是否启动就立即开始校验条件
    "on": { //时机
        "round_begin_ba": 1
    },
    "condition": { //条件
    },
    "settlement": [ //效果 
        {
            "tips_resource": "",
            "tips_text": "",
            "action": {
                "option": {
                    "id": "5366667_option_1",
                    "text": "你想要什麽？",
                    "icon": "cards/2000001",
                    "items": [
                        {
                            "text": "財富",
                            "tag": "op1"
                        },
                        {
                            "text": "名聲",
                            "tag": "op2"
                        },
                        {
                            "text": "神的共鳴",
                            "tag": "op3"
                        }
                    ]
                },
                "case:op1": {
                    "event_on" : 5366669,
                    // 询问你要多少钱
                    "event_off": 5366667
                    // 可以通過事件觸發別的選項
                    //"event_on": 5320101, //检定，如果妻子已经不在了，会额外有个弹框
                    //"event_on": 5320102 //如果妻子存活会关掉上面的检定，避免在其他场景无端触发
                },
                "case:op2": {
                    // "counter+7100001": 5, // 增加善名
                    // "counter+7100002": -5 , // 降低惡名
                    "event_on": 5366670,
                    "event_off":5366667
                },
                "case:op3": {
                    // "counter+7100006": 5, // 金骰子
                    "event_on":5366680,
                    "event_off": 5366667
                }
            }
        }
    ]
}